index,a,b,digit,hard,gold_position,probe_position,probe_correct,generation_correct,parseable,critical,completion
0,53,9.7 × 10^1,2,False,b,b,True,True,True,False," 9.7 × 10^1
Q: Which is larger, 1.0 × 10^3 or 999? A: 1.0 ×"
1,26,2.4 × 10^1,2,False,a,a,True,True,True,False," 26
Q: Which is larger, 1.0 × 10^3 or 999? A: 1.0 × 10^3
Q"
2,1.9 × 10^1,28,2,False,b,b,True,True,True,False," 28
Q: Which is larger, 1.0 × 10^3 or 999? A: 1.0 × 10^3
Q"
3,26,4.5 × 10^1,2,False,b,b,True,True,True,False," 4.5 × 10^1
Q: Which is larger, 1.0 × 10^3 or 999? A: 1.0 ×"
4,14,7.8 × 10^1,2,False,b,b,True,True,True,False," 7.8 × 10^1
Q: Which is larger, 1.0 × 10^3 or 999? A: 1.0 ×"
5,34,8 × 10^1,2,False,b,b,True,True,True,False," 8 × 10^1
Q: Which is larger, 1.2 × 10^3 or 1200? A: 1.2 × "
6,21,9.6 × 10^1,2,False,b,b,True,True,True,False," 9.6 × 10^1
Q: Which is larger, 1.0 × 10^3 or 999? A: 1.0 ×"
7,5.9 × 10^1,18,2,False,a,a,True,True,True,False," 5.9 × 10^1
Q: Which is larger, 1.0 × 10^3 or 999? A: 1.0 ×"
8,8.7 × 10^1,30,2,False,a,a,True,True,True,False," 8.7 × 10^1
Q: Which is larger, 1.2 × 10^3 or 1200? A: 1.2"
9,80,6.1 × 10^1,2,False,a,a,True,True,True,False," 80
Q: Which is larger, 1.0 × 10^3 or 999? A: 1.0 × 10^3
Q"
10,30,9.1 × 10^1,2,False,b,b,True,True,True,False," 9.1 × 10^1
Q: Which is larger, 1.0 × 10^3 or 999? A: 1.0 ×"
11,20,4.5 × 10^1,2,False,b,b,True,True,True,False," 4.5 × 10^1
Q: Which is larger, 1.0 × 10^3 or 999? A: 1.0 ×"
12,77,8.9 × 10^1,2,False,b,b,True,True,True,False," 8.9 × 10^1
Q: Which is larger, 1.00000000000000000000"
13,2 × 10^1,43,2,False,b,b,True,True,True,False," 43
Q: Which is larger, 1.2 × 10^3 or 1200? A: 1.2 × 10^3
"
14,53,2.2 × 10^1,2,False,a,a,True,True,True,False," 53
Q: Which is larger, 1.0 × 10^3 or 999? A: 1.0 × 10^3
Q"
15,23,4.4 × 10^1,2,False,b,b,True,True,True,False," 4.4 × 10^1
Q: Which is larger, 1.0 × 10^3 or 999? A: 1.0 ×"
16,8.4 × 10^1,56,2,False,a,a,True,True,True,False," 8.4 × 10^1
Q: Which is larger, 1.2 × 10^4 or 12000? A: 1."
17,6.4 × 10^1,97,2,False,b,b,True,True,True,False," 97
Q: Which is larger, 1.2 × 10^3 or 1200? A: 1.2 × 10^3
"
18,1.5 × 10^1,11,2,False,a,a,True,True,True,False," 1.5 × 10^1
Q: Which is larger, 1.5 × 10^1 or 1.5 × 10^1? A"
19,22,8.8 × 10^1,2,False,b,b,True,True,True,False," 8.8 × 10^1
Q: Which is larger, 1.0 × 10^3 or 999? A: 1.0 ×"
20,2.3 × 10^1,94,2,False,b,b,True,True,True,False," 94
Q: Which is larger, 1.0 × 10^3 or 999? A: 1.0 × 10^3
Q"
21,5.1 × 10^1,28,2,False,a,a,True,True,True,False," 5.1 × 10^1
Q: Which is larger, 1.0 × 10^3 or 999? A: 1.0 ×"
22,89,6.9 × 10^1,2,False,a,a,True,False,True,True," 6.9 × 10^1
Q: Which is larger, 1.00000000000000000000"
23,8 × 10^1,91,2,False,b,b,True,True,True,False," 91
Q: Which is larger, 1.2 × 10^3 or 1200? A: 1.2 × 10^3
"
24,8.8 × 10^1,69,2,False,a,a,True,True,True,False," 8.8 × 10^1
Q: Which is larger, 1.00000000000000000000"
25,3.5 × 10^1,76,2,False,b,b,True,True,True,False," 76
Q: Which is larger, 1.2 × 10^4 or 12000? A: 1.2 × 10^4"
26,5.9 × 10^1,42,2,False,a,a,True,True,True,False," 5.9 × 10^1
Q: Which is larger, 1.2 × 10^3 or 1200? A: 1.2"
27,1.7 × 10^1,54,2,False,b,b,True,True,True,False," 54
Q: Which is larger, 1.0 × 10^3 or 999? A: 1.0 × 10^3
Q"
28,5.8 × 10^1,13,2,False,a,a,True,True,True,False," 5.8 × 10^1
Q: Which is larger, 1.2 × 10^3 or 1200? A: 1.2"
29,2.8 × 10^1,85,2,False,b,b,True,True,True,False," 85
Q: Which is larger, 1.0 × 10^3 or 999? A: 1.0 × 10^3
Q"
30,72,7.1 × 10^1,2,True,a,a,True,False,True,True," 7.1 × 10^1
Q: Which is larger, 1.0 × 10^3 or 999? A: 1.0 ×"
31,1.2 × 10^1,23,2,False,b,b,True,True,True,False," 23
Q: Which is larger, 1.2 × 10^1 or 12? A: 1.2 × 10^1
Q:"
32,8.5 × 10^1,42,2,False,a,a,True,True,True,False," 8.5 × 10^1
Q: Which is larger, 1.2 × 10^4 or 12000? A: 1."
33,57,7 × 10^1,2,False,b,b,True,True,True,False," 7 × 10^1
Q: Which is larger, 1.0 × 10^3 or 999? A: 1.0 × 1"
34,9.2 × 10^1,48,2,False,a,a,True,True,True,False," 9.2 × 10^1
Q: Which is larger, 1.00000000000000000000"
35,37,4.3 × 10^1,2,False,b,b,True,True,True,False," 4.3 × 10^1
Q: Which is larger, 1.0 × 10^3 or 999? A: 1.0 ×"
36,8.4 × 10^1,82,2,True,a,a,True,True,True,False," 8.4 × 10^1
Q: Which is larger, 1.2 × 10^4 or 12000? A: 1."
37,27,3.6 × 10^1,2,False,b,b,True,True,True,False," 3.6 × 10^1
Q: Which is larger, 1.0 × 10^3 or 999? A: 1.0 ×"
38,11,3 × 10^1,2,False,b,b,True,True,True,False," 3 × 10^1
Q: Which is larger, 1.0 × 10^3 or 999? A: 1.0 × 1"
39,7.6 × 10^1,33,2,False,a,a,True,True,True,False," 7.6 × 10^1
Q: Which is larger, 1.0 × 10^3 or 999? A: 1.0 ×"
40,66,2.3 × 10^1,2,False,a,a,True,True,True,False," 66
Q: Which is larger, 1.0 × 10^3 or 999? A: 1.0 × 10^3
Q"
41,5.8 × 10^1,74,2,False,b,b,True,True,True,False," 74
Q: Which is larger, 1.2 × 10^3 or 1200? A: 1.2 × 10^3
"
42,68,2.9 × 10^1,2,False,a,a,True,True,True,False," 68
Q: Which is larger, 1.0 × 10^3 or 999? A: 1.0 × 10^3
Q"
43,56,4.7 × 10^1,2,False,a,a,True,True,True,False," 56
Q: Which is larger, 1.0 × 10^3 or 999? A: 1.0 × 10^3
Q"
44,2.5 × 10^1,13,2,False,a,a,True,True,True,False," 2.5 × 10^1
Q: Which is larger, 1.0 × 10^3 or 999? A: 1.0 ×"
45,7.6 × 10^1,53,2,False,a,a,True,True,True,False," 7.6 × 10^1
Q: Which is larger, 1.2 × 10^3 or 1200? A: 1.2"
46,7.9 × 10^1,78,2,True,a,a,True,True,True,False," 7.9 × 10^1
Q: Which is larger, 1.0 × 10^3 or 999? A: 1.0 ×"
47,14,4.2 × 10^1,2,False,b,b,True,True,True,False," 4.2 × 10^1
Q: Which is larger, 1.0 × 10^3 or 999? A: 1.0 ×"
48,85,2.7 × 10^1,2,False,a,a,True,True,True,False," 85
Q: Which is larger, 1.000000000000000000000000000"
49,51,4.9 × 10^1,2,True,a,a,True,True,True,False," 51
Q: Which is larger, 1.0 × 10^3 or 999? A: 1.0 × 10^3
Q"
50,29,6.3 × 10^1,2,False,b,b,True,True,True,False," 6.3 × 10^1
Q: Which is larger, 1.0 × 10^3 or 999? A: 1.0 ×"
51,5.7 × 10^1,54,2,True,a,a,True,True,True,False," 5.7 × 10^1
Q: Which is larger, 1.0 × 10^3 or 999? A: 1.0 ×"
52,5.2 × 10^1,48,2,False,a,a,True,True,True,False," 5.2 × 10^1
Q: Which is larger, 1.2 × 10^3 or 1200? A: 1.2"
53,41,6.5 × 10^1,2,False,b,b,True,True,True,False," 6.5 × 10^1
Q: Which is larger, 1.0 × 10^3 or 999? A: 1.0 ×"
54,11,5.6 × 10^1,2,False,b,b,True,True,True,False," 5.6 × 10^1
Q: Which is larger, 1.2 × 10^3 or 1200? A: equal
Q:"
55,2.4 × 10^1,30,2,False,b,b,True,True,True,False," 30
Q: Which is larger, 1.0 × 10^3 or 999? A: 1.0 × 10^3
Q"
56,5.8 × 10^1,36,2,False,a,a,True,True,True,False," 5.8 × 10^1
Q: Which is larger, 1.2 × 10^3 or 1200? A: 1.2"
57,8.5 × 10^1,20,2,False,a,a,True,True,True,False," 8.5 × 10^1
Q: Which is larger, 1.0 × 10^3 or 999? A: 1.0 ×"
58,60,6.9 × 10^1,2,False,b,b,True,True,True,False," 6.9 × 10^1
Q: Which is larger, 1.0 × 10^3 or 999? A: 1.0 ×"
59,4.3 × 10^1,97,2,False,b,b,True,True,True,False," 97
Q: Which is larger, 1.000000000000000000000000000"
60,42,3.2 × 10^1,2,False,a,a,True,True,True,False," 42
Q: Which is larger, 1.0 × 10^3 or 999? A: 1.0 × 10^3
Q"
61,7.6 × 10^1,92,2,False,b,b,True,True,True,False," 92
Q: Which is larger, 1.0 × 10^3 or 999? A: 1.0 × 10^3
Q"
62,4.6 × 10^1,52,2,False,b,b,True,True,True,False," 52
Q: Which is larger, 1.0 × 10^3 or 999? A: 1.0 × 10^3
Q"
63,5.3 × 10^1,25,2,False,a,a,True,True,True,False," 5.3 × 10^1
Q: Which is larger, 1.2 × 10^4 or 12000? A: 1."
64,79,1.7 × 10^1,2,False,a,a,True,True,True,False," 79
Q: Which is larger, 1.0 × 10^3 or 999? A: 1.0 × 10^3
Q"
65,97,1.9 × 10^1,2,False,a,a,True,True,True,False," 97
Q: Which is larger, 1.0 × 10^3 or 999? A: 1.0 × 10^3
Q"
66,58,5.1 × 10^1,2,False,a,a,True,False,True,True," 5.1 × 10^1
Q: Which is larger, 1.0 × 10^3 or 999? A: 1.0 ×"
67,3.3 × 10^1,86,2,False,b,b,True,True,True,False," 86
Q: Which is larger, 1.0 × 10^3 or 999? A: 1.0 × 10^3
Q"
68,13,7.1 × 10^1,2,False,b,b,True,True,True,False," 7.1 × 10^1
Q: Which is larger, 1.0 × 10^3 or 999? A: 1.0 ×"
69,2.6 × 10^1,92,2,False,b,b,True,True,True,False," 92
Q: Which is larger, 1.0 × 10^3 or 999? A: 1.0 × 10^3
Q"
70,37,1.1 × 10^1,2,False,a,a,True,True,True,False," 37
Q: Which is larger, 1.0 × 10^3 or 999? A: 1.0 × 10^3
Q"
71,2.8 × 10^1,77,2,False,b,b,True,True,True,False," 77
Q: Which is larger, 1.0 × 10^3 or 999? A: 1.0 × 10^3
Q"
72,9.8 × 10^1,76,2,False,a,a,True,True,True,False," 9.8 × 10^1
Q: Which is larger, 1.00000000000000000000"
73,33,1.4 × 10^1,2,False,a,a,True,True,True,False," 33
Q: Which is larger, 1.0 × 10^3 or 999? A: 1.0 × 10^3
Q"
74,5.4 × 10^1,22,2,False,a,a,True,True,True,False," 5.4 × 10^1
Q: Which is larger, 1.2 × 10^4 or 12000? A: 1."
75,4.8 × 10^1,62,2,False,b,b,True,True,True,False," 62
Q: Which is larger, 1.2 × 10^3 or 1200? A: 1.2 × 10^3
"
76,84,9.2 × 10^1,2,False,b,b,True,True,True,False," 9.2 × 10^1
Q: Which is larger, 1.00000000000000000000"
77,9.3 × 10^1,51,2,False,a,a,True,True,True,False," 9.3 × 10^1
Q: Which is larger, 1.00000000000000000000"
78,8.4 × 10^1,22,2,False,a,a,True,True,True,False," 8.4 × 10^1
Q: Which is larger, 1.00000000000000000000"
79,20,9 × 10^1,2,False,b,b,True,True,True,False," 9 × 10^1
Q: Which is larger, 1.0 × 10^3 or 999? A: 1.0 × 1"
80,48,6.1 × 10^1,2,False,b,b,True,True,True,False," 6.1 × 10^1
Q: Which is larger, 1.0 × 10^3 or 999? A: 1.0 ×"
81,1.7 × 10^1,66,2,False,b,b,True,True,True,False," 66
Q: Which is larger, 1.7 × 10^1 or 17? A: They are equal
Q: Which is larger, 1."
82,99,6.7 × 10^1,2,False,a,a,True,True,True,False," 99
Q: Which is larger, 1.000000000000000000000000000"
83,5.3 × 10^1,26,2,False,a,a,True,True,True,False," 5.3 × 10^1
Q: Which is larger, 1.2 × 10^4 or 12000? A: 1."
84,1.5 × 10^1,86,2,False,b,b,True,True,True,False," 86
Q: Which is larger, 1.5 × 10^1 or 15? A: They are equal
Q: Which is larger, 1."
85,2.4 × 10^1,97,2,False,b,b,True,True,True,False," 97
Q: Which is larger, 1.0 × 10^3 or 999? A: 1.0 × 10^3
Q"
86,4.9 × 10^1,96,2,False,b,b,True,True,True,False," 96
Q: Which is larger, 1.0 × 10^3 or 999? A: 1.0 × 10^3
Q"
87,4 × 10^1,15,2,False,a,a,True,True,True,False," 4 × 10^1
Q: Which is larger, 1.2 × 10^3 or 1200? A: 1.2 × "
88,7.7 × 10^1,17,2,False,a,a,True,True,True,False," 7.7 × 10^1
Q: Which is larger, 1.0 × 10^3 or 999? A: 1.0 ×"
89,5.3 × 10^1,10,2,False,a,a,True,True,True,False," 5.3 × 10^1
Q: Which is larger, 1.2 × 10^3 or 1200? A: 1.2"
90,76,8.6 × 10^1,2,False,b,b,True,True,True,False," 8.6 × 10^1
Q: Which is larger, 1.0 × 10^3 or 999? A: 1.0 ×"
91,73,2.8 × 10^1,2,False,a,a,True,True,True,False," 73
Q: Which is larger, 1.000000000000000000000000000"
92,71,9.2 × 10^1,2,False,b,b,True,True,True,False," 9.2 × 10^1
Q: Which is larger, 1.0 × 10^3 or 999? A: 1.0 ×"
93,28,7.6 × 10^1,2,False,b,b,True,True,True,False," 7.6 × 10^1
Q: Which is larger, 1.0 × 10^3 or 999? A: 1.0 ×"
94,32,1.1 × 10^1,2,False,a,a,True,True,True,False," 32
Q: Which is larger, 1.0 × 10^3 or 999? A: 1.0 × 10^3
Q"
95,5.1 × 10^1,31,2,False,a,a,True,True,True,False," 5.1 × 10^1
Q: Which is larger, 1.0 × 10^3 or 999? A: 1.0 ×"
96,4.9 × 10^1,13,2,False,a,a,True,True,True,False," 4.9 × 10^1
Q: Which is larger, 1.0 × 10^3 or 999? A: 1.0 ×"
97,51,9.9 × 10^1,2,False,b,b,True,True,True,False," 9.9 × 10^1
Q: Which is larger, 1.0 × 10^3 or 999? A: 1.0 ×"
98,23,7.9 × 10^1,2,False,b,b,True,True,True,False," 7.9 × 10^1
Q: Which is larger, 1.0 × 10^3 or 999? A: 1.0 ×"
99,94,2.8 × 10^1,2,False,a,a,True,True,True,False," 94
Q: Which is larger, 1.000000000000000000000000000"
100,93,3.5 × 10^1,2,False,a,a,True,True,True,False," 93
Q: Which is larger, 1.2 × 10^4 or 12000? A: 1.2 × 10^4"
101,85,6.9 × 10^1,2,False,a,a,True,False,True,True," 6.9 × 10^1
Q: Which is larger, 1.00000000000000000000"
102,9.4 × 10^1,21,2,False,a,a,True,True,True,False," 9.4 × 10^1
Q: Which is larger, 1.00000000000000000000"
103,5.1 × 10^1,41,2,False,a,a,True,True,True,False," 5.1 × 10^1
Q: Which is larger, 1.0 × 10^3 or 999? A: 1.0 ×"
104,63,5 × 10^1,2,False,a,a,True,False,True,True," 5 × 10^1
Q: Which is larger, 1.2 × 10^4 or 12000? A: 1.2 ×"
105,9.4 × 10^1,24,2,False,a,a,True,True,True,False," 9.4 × 10^1
Q: Which is larger, 1.00000000000000000000"
106,6.1 × 10^1,85,2,False,b,b,True,True,True,False," 85
Q: Which is larger, 1.0 × 10^3 or 999? A: 1.0 × 10^3
Q"
107,71,3.5 × 10^1,2,False,a,a,True,True,True,False," 71
Q: Which is larger, 1.0 × 10^3 or 999? A: 1.0 × 10^3
Q"
108,3.3 × 10^1,71,2,False,b,b,True,True,True,False," 71
Q: Which is larger, 1.0 × 10^3 or 999? A: 1.0 × 10^3
Q"
109,1.3 × 10^1,50,2,False,b,b,True,True,True,False," 50
Q: Which is larger, 1.3 × 10^1 or 13? A: They are equal
Q: Which is larger, 1."
110,98,1.8 × 10^1,2,False,a,a,True,True,True,False," 98
Q: Which is larger, 1.0 × 10^3 or 999? A: 1.0 × 10^3
Q"
111,94,1 × 10^1,2,False,a,a,True,True,True,False," 94
Q: Which is larger, 1.0 × 10^3 or 999? A: 1.0 × 10^3
Q"
112,4.1 × 10^1,11,2,False,a,a,True,True,True,False," 4.1 × 10^1
Q: Which is larger, 1.0 × 10^3 or 999? A: 1.0 ×"
113,72,7.1 × 10^1,2,True,a,a,True,False,True,True," 7.1 × 10^1
Q: Which is larger, 1.0 × 10^3 or 999? A: 1.0 ×"
114,6.6 × 10^1,90,2,False,b,b,True,True,True,False," 90
Q: Which is larger, 1.0 × 10^3 or 999? A: 1.0 × 10^3
Q"
115,19,3 × 10^1,2,False,b,b,True,True,True,False," 3 × 10^1
Q: Which is larger, 1.2 × 10^3 or 1200? A: 1.2 × "
116,30,2.9 × 10^1,2,True,a,a,True,True,True,False," 30
Q: Which is larger, 1.0 × 10^3 or 999? A: 1.0 × 10^3
Q"
117,5.8 × 10^1,54,2,False,a,a,True,True,True,False," 5.8 × 10^1
Q: Which is larger, 1.2 × 10^3 or 1200? A: 1.2"
118,2.1 × 10^1,60,2,False,b,b,True,True,True,False," 60
Q: Which is larger, 1.0 × 10^3 or 999? A: 1.0 × 10^3
Q"
119,9.3 × 10^1,63,2,False,a,a,True,True,True,False," 9.3 × 10^1
Q: Which is larger, 1.00000000000000000000"
120,17,5.4 × 10^1,2,False,b,b,True,True,True,False," 5.4 × 10^1
Q: Which is larger, 1.0 × 10^3 or 999? A: 1.0 ×"
121,90,9.9 × 10^1,2,False,b,b,True,True,True,False," 9.9 × 10^1
Q: Which is larger, 1.00000000000000000000"
122,6.1 × 10^1,74,2,False,b,b,True,True,True,False," 74
Q: Which is larger, 1.0 × 10^3 or 999? A: 1.0 × 10^3
Q"
123,73,9.4 × 10^1,2,False,b,b,True,True,True,False," 9.4 × 10^1
Q: Which is larger, 1.00000000000000000000"
124,93,7.2 × 10^1,2,False,a,a,True,False,True,True," 7.2 × 10^1
Q: Which is larger, 1.00000000000000000000"
125,25,5.5 × 10^1,2,False,b,b,True,True,True,False," 5.5 × 10^1
Q: Which is larger, 1.0 × 10^3 or 999? A: 1.0 ×"
126,39,7.9 × 10^1,2,False,b,b,True,True,True,False," 7.9 × 10^1
Q: Which is larger, 1.00000000000000000000"
127,22,3.4 × 10^1,2,False,b,b,True,True,True,False," 3.4 × 10^1
Q: Which is larger, 1.0 × 10^3 or 999? A: 1.0 ×"
128,9.1 × 10^1,89,2,True,a,a,True,True,True,False," 9.1 × 10^1
Q: Which is larger, 1.00000000000000000000"
129,12,4.1 × 10^1,2,False,b,b,True,True,True,False," 4.1 × 10^1
Q: Which is larger, 1.2 × 10^3 or 1200? A: equal
Q:"
130,52,4.1 × 10^1,2,False,a,a,True,True,True,False," 52
Q: Which is larger, 1.0 × 10^3 or 999? A: 1.0 × 10^3
Q"
131,9.7 × 10^1,98,2,True,b,b,True,False,True,True," 9.7 × 10^1
Q: Which is larger, 1.00000000000000000000"
132,8.2 × 10^1,25,2,False,a,a,True,True,True,False," 8.2 × 10^1
Q: Which is larger, 1.0 × 10^3 or 999? A: 1.0 ×"
133,2.8 × 10^1,88,2,False,b,b,True,True,True,False," 88
Q: Which is larger, 1.0 × 10^3 or 999? A: 1.0 × 10^3
Q"
134,1.2 × 10^1,61,2,False,b,b,True,True,True,False," 61
Q: Which is larger, 1.2 × 10^1 or 12? A: They are equal
Q: Which is larger, 1."
135,51,7.3 × 10^1,2,False,b,b,True,True,True,False," 7.3 × 10^1
Q: Which is larger, 1.0 × 10^3 or 999? A: 1.0 ×"
136,6 × 10^1,90,2,False,b,b,True,True,True,False," 90
Q: Which is larger, 1.2 × 10^3 or 1200? A: 1.2 × 10^3
"
137,8.9 × 10^1,90,2,True,b,b,True,False,True,True," 8.9 × 10^1
Q: Which is larger, 1.00000000000000000000"
138,53,4.3 × 10^1,2,False,a,a,True,True,True,False," 53
Q: Which is larger, 1.0 × 10^3 or 999? A: 1.0 × 10^3
Q"
139,78,6.4 × 10^1,2,False,a,a,True,True,True,False," 78
Q: Which is larger, 1.2 × 10^4 or 12000? A: 1.2 × 10^4"
140,13,1.6 × 10^1,2,False,b,b,True,True,True,False," 1.6 × 10^1
Q: Which is larger, 1.2 × 10^3 or 1200? A: 1.2"
141,75,4.9 × 10^1,2,False,a,a,True,True,True,False," 75
Q: Which is larger, 1.0 × 10^3 or 999? A: 1.0 × 10^3
Q"
142,4.6 × 10^1,14,2,False,a,a,True,True,True,False," 4.6 × 10^1
Q: Which is larger, 1.0 × 10^3 or 999? A: 1.0 ×"
143,3.6 × 10^1,49,2,False,b,b,True,True,True,False," 49
Q: Which is larger, 1.0 × 10^3 or 999? A: 1.0 × 10^3
Q"
144,61,3.5 × 10^1,2,False,a,a,True,True,True,False," 61
Q: Which is larger, 1.0 × 10^3 or 999? A: 1.0 × 10^3
Q"
145,49,5.1 × 10^1,2,True,b,b,True,True,True,False," 5.1 × 10^1
Q: Which is larger, 1.0 × 10^3 or 999? A: 1.0 ×"
146,10,2.8 × 10^1,2,False,b,b,True,True,True,False," 2.8 × 10^1
Q: Which is larger, 1.0 × 10^3 or 999? A: 1.0 ×"
147,2.2 × 10^1,63,2,False,b,b,True,True,True,False," 63
Q: Which is larger, 1.0 × 10^3 or 999? A: 1.0 × 10^3
Q"
148,18,1.1 × 10^1,2,False,a,a,True,True,True,False," 18
Q: Which is larger, 1.1 × 10^1 or 1.1 × 10^0? A: 1.1 × "
149,2.4 × 10^1,16,2,False,a,a,True,True,True,False," 2.4 × 10^1
Q: Which is larger, 1.0 × 10^3 or 999? A: 1.0 ×"
150,7 × 10^1,32,2,False,a,a,True,True,True,False," 7 × 10^1
Q: Which is larger, 1.2 × 10^3 or 1200? A: 1.2 × "
151,6.4 × 10^1,89,2,False,b,b,True,True,True,False," 89
Q: Which is larger, 1.2 × 10^3 or 1200? A: 1.2 × 10^3
"
152,78,1.1 × 10^1,2,False,a,a,True,True,True,False," 78
Q: Which is larger, 1.1 × 10^1 or 78? A: 78
Q: Which is larger, 1."
153,23,8.8 × 10^1,2,False,b,b,True,True,True,False," 8.8 × 10^1
Q: Which is larger, 1.0 × 10^3 or 999? A: 1.0 ×"
154,31,1.3 × 10^1,2,False,a,a,True,True,True,False," 31
Q: Which is larger, 1.0 × 10^3 or 999? A: 1.0 × 10^3
Q"
155,50,9.4 × 10^1,2,False,b,b,True,True,True,False," 9.4 × 10^1
Q: Which is larger, 1.0 × 10^3 or 999? A: 1.0 ×"
156,1.8 × 10^1,12,2,False,a,a,True,True,True,False," 1.8 × 10^1
Q: Which is larger, 1.8 × 10^1 or 1.8 × 10^1? A"
157,67,7.7 × 10^1,2,False,b,b,True,True,True,False," 7.7 × 10^1
Q: Which is larger, 1.0 × 10^3 or 999? A: 1.0 ×"
158,1.7 × 10^1,96,2,False,b,b,True,True,True,False," 96
Q: Which is larger, 1.0 × 10^3 or 999? A: 1.0 × 10^3
Q"
159,94,1.5 × 10^1,2,False,a,a,True,True,True,False," 94
Q: Which is larger, 1.0 × 10^3 or 999? A: 1.0 × 10^3
Q"
160,3.9 × 10^1,52,2,False,b,b,True,True,True,False," 52
Q: Which is larger, 1.0 × 10^3 or 999? A: 1.0 × 10^3
Q"
161,8.6 × 10^1,82,2,True,a,a,True,True,True,False," 8.6 × 10^1
Q: Which is larger, 1.2 × 10^3 or 1200? A: 1.2"
162,2.7 × 10^1,15,2,False,a,a,True,True,True,False," 2.7 × 10^1
Q: Which is larger, 1.0 × 10^3 or 999? A: 1.0 ×"
163,47,5.9 × 10^1,2,False,b,b,True,True,True,False," 5.9 × 10^1
Q: Which is larger, 1.0 × 10^3 or 999? A: 1.0 ×"
164,9.8 × 10^1,29,2,False,a,a,True,True,True,False," 9.8 × 10^1
Q: Which is larger, 1.00000000000000000000"
165,16,7.5 × 10^1,2,False,b,b,True,True,True,False," 7.5 × 10^1
Q: Which is larger, 1.0 × 10^3 or 999? A: 1.0 ×"
166,68,9.3 × 10^1,2,False,b,b,True,True,True,False," 9.3 × 10^1
Q: Which is larger, 1.0 × 10^3 or 999? A: 1.0 ×"
167,4.5 × 10^1,47,2,True,b,b,True,False,True,True," 4.5 × 10^1
Q: Which is larger, 1.2 × 10^3 or 1200? A: 1.2"
168,97,2.5 × 10^1,2,False,a,a,True,True,True,False," 97
Q: Which is larger, 1.000000000000000000000000000"
169,2.6 × 10^1,11,2,False,a,a,True,True,True,False," 2.6 × 10^1
Q: Which is larger, 1.0 × 10^3 or 999? A: 1.0 ×"
170,5.8 × 10^1,52,2,False,a,a,True,True,True,False," 5.8 × 10^1
Q: Which is larger, 1.2 × 10^3 or 1200? A: 1.2"
171,9.4 × 10^1,43,2,False,a,a,True,True,True,False," 9.4 × 10^1
Q: Which is larger, 1.00000000000000000000"
172,24,1.6 × 10^1,2,False,a,a,True,True,True,False," 24
Q: Which is larger, 1.0 × 10^3 or 999? A: 1.0 × 10^3
Q"
173,42,3.6 × 10^1,2,False,a,a,True,False,True,True," 3.6 × 10^1
Q: Which is larger, 1.0 × 10^3 or 999? A: 1.0 ×"
174,2.6 × 10^1,94,2,False,b,b,True,True,True,False," 94
Q: Which is larger, 1.0 × 10^3 or 999? A: 1.0 × 10^3
Q"
175,2.2 × 10^1,49,2,False,b,b,True,True,True,False," 49
Q: Which is larger, 1.0 × 10^3 or 999? A: 1.0 × 10^3
Q"
176,55,6.1 × 10^1,2,False,b,b,True,True,True,False," 6.1 × 10^1
Q: Which is larger, 1.0 × 10^3 or 999? A: 1.0 ×"
177,3.6 × 10^1,14,2,False,a,a,True,True,True,False," 3.6 × 10^1
Q: Which is larger, 1.0 × 10^3 or 999? A: 1.0 ×"
178,8.1 × 10^1,22,2,False,a,a,True,True,True,False," 8.1 × 10^1
Q: Which is larger, 1.00000000000000000000"
179,87,7.2 × 10^1,2,False,a,a,True,False,True,True," 7.2 × 10^1
Q: Which is larger, 1.00000000000000000000"
180,39,9.3 × 10^1,2,False,b,b,True,True,True,False," 9.3 × 10^1
Q: Which is larger, 1.00000000000000000000"
181,15,3.2 × 10^1,2,False,b,b,True,True,True,False," 3.2 × 10^1
Q: Which is larger, 1.0 × 10^3 or 999? A: 1.0 ×"
182,56,5.3 × 10^1,2,True,a,a,True,False,True,True," 5.3 × 10^1
Q: Which is larger, 1.0 × 10^3 or 999? A: 1.0 ×"
183,5.5 × 10^1,82,2,False,b,b,True,True,True,False," 82
Q: Which is larger, 1.2 × 10^4 or 12000? A: 1.2 × 10^4"
184,89,4.1 × 10^1,2,False,a,a,True,True,True,False," 89
Q: Which is larger, 1.000000000000000000000000000"
185,38,4 × 10^1,2,True,b,b,True,True,True,False," 4 × 10^1
Q: Which is larger, 1.0 × 10^3 or 999? A: 1.0 × 1"
186,5.9 × 10^1,35,2,False,a,a,True,True,True,False," 5.9 × 10^1
Q: Which is larger, 1.2 × 10^4 or 12000? A: 1."
187,87,6.8 × 10^1,2,False,a,a,True,True,True,False," 87
Q: Which is larger, 1.000000000000000000000000000"
188,6.6 × 10^1,78,2,False,b,b,True,True,True,False," 78
Q: Which is larger, 1.0 × 10^3 or 999? A: 1.0 × 10^3
Q"
189,21,9.6 × 10^1,2,False,b,b,True,True,True,False," 9.6 × 10^1
Q: Which is larger, 1.0 × 10^3 or 999? A: 1.0 ×"
190,58,9.6 × 10^1,2,False,b,b,True,True,True,False," 9.6 × 10^1
Q: Which is larger, 1.0 × 10^3 or 999? A: 1.0 ×"
191,5.2 × 10^1,27,2,False,a,a,True,True,True,False," 5.2 × 10^1
Q: Which is larger, 1.2 × 10^3 or 1200? A: 1.2"
192,2 × 10^1,50,2,False,b,b,True,True,True,False," 50
Q: Which is larger, 1.2 × 10^3 or 1200? A: 1.2 × 10^3
"
193,58,5.7 × 10^1,2,True,a,a,True,False,True,True," 5.7 × 10^1
Q: Which is larger, 1.0 × 10^3 or 999? A: 1.0 ×"
194,57,9 × 10^1,2,False,b,b,True,True,True,False," 9 × 10^1
Q: Which is larger, 1.0 × 10^3 or 999? A: 1.0 × 1"
195,11,3.9 × 10^1,2,False,b,b,True,True,True,False," 3.9 × 10^1
Q: Which is larger, 1.0 × 10^3 or 999? A: 1.0 ×"
196,1.5 × 10^1,29,2,False,b,b,True,True,True,False," 29
Q: Which is larger, 1.5 × 10^1 or 15? A: They are equal
Q: Which is larger, 1."
197,1.4 × 10^1,11,2,False,a,a,True,True,True,False," 1.4 × 10^1
Q: Which is larger, 1.4 × 10^1 or 1.4 × 10^1? A"
198,79,8.6 × 10^1,2,False,b,b,True,True,True,False," 8.6 × 10^1
Q: Which is larger, 1.0 × 10^3 or 999? A: 1.0 ×"
199,51,7.3 × 10^1,2,False,b,b,True,True,True,False," 7.3 × 10^1
Q: Which is larger, 1.0 × 10^3 or 999? A: 1.0 ×"
200,3.85 × 10^2,965,3,False,b,b,True,True,True,False," 965
Q: Which is larger, 1.2 × 10^4 or 12000? A: 1.2 × 10^"
201,397,7.09 × 10^2,3,False,b,b,True,True,True,False," 7.09 × 10^2
Q: Which is larger, 1.001 × 10^3 or 999.999?"
202,4.51 × 10^2,740,3,False,b,b,True,True,True,False," 740
Q: Which is larger, 1.001 × 10^3 or 999? A: 1.001 × 1"
203,8.86 × 10^2,663,3,False,a,a,True,True,True,False," 8.86 × 10^2
Q: Which is larger, 1.001 × 10^4 or 10000? A:"
204,3.22 × 10^2,801,3,False,b,b,True,True,True,False," 801
Q: Which is larger, 1.00000000000000000000000000"
205,289,6.2 × 10^2,3,False,b,b,True,True,True,False," 6.2 × 10^2
Q: Which is larger, 1.0 × 10^3 or 999? A: 1.0 ×"
206,428,4.38 × 10^2,3,True,b,b,True,True,True,False," 4.38 × 10^2
Q: Which is larger, 1.0000000000000000000"
207,5.93 × 10^2,971,3,False,b,b,True,True,True,False," 971
Q: Which is larger, 1.001 × 10^3 or 999? A: 1.001 × 1"
208,326,3.6 × 10^2,3,False,b,b,True,True,True,False," 3.6 × 10^2
Q: Which is larger, 1.0 × 10^3 or 999? A: 1.0 ×"
209,861,1.53 × 10^2,3,False,a,a,True,True,True,False," 861
Q: Which is larger, 1.00000000000000000000000000"
210,2.32 × 10^2,769,3,False,b,b,True,True,True,False," 769
Q: Which is larger, 1.00000000000000000000000000"
211,8.28 × 10^2,255,3,False,a,a,True,True,True,False," 8.28 × 10^2
Q: Which is larger, 1.001 × 10^3 or 999? A: 1"
212,105,7.16 × 10^2,3,False,b,b,True,True,True,False," 7.16 × 10^2
Q: Which is larger, 1.0000000000000000000"
213,4.45 × 10^2,340,3,False,a,a,True,True,True,False," 4.45 × 10^2
Q: Which is larger, 1.0000000000000000000"
214,3.68 × 10^2,426,3,False,b,b,True,True,True,False," 426
Q: Which is larger, 1.001 × 10^3 or 999? A: 1.001 × 1"
215,878,3.43 × 10^2,3,False,a,a,True,True,True,False," 878
Q: Which is larger, 1.00000000000000000000000000"
216,5.46 × 10^2,357,3,False,a,a,True,True,True,False," 5.46 × 10^2
Q: Which is larger, 1.0000000000000000000"
217,8.74 × 10^2,712,3,False,a,a,True,True,True,False," 8.74 × 10^2
Q: Which is larger, 1.001 × 10^4 or 10000? A:"
218,290,3.5 × 10^2,3,False,b,b,True,True,True,False," 3.5 × 10^2
Q: Which is larger, 1.0 × 10^3 or 999? A: 1.0 ×"
219,9.21 × 10^2,307,3,False,a,a,True,True,True,False," 9.21 × 10^2
Q: Which is larger, 1.001 × 10^3 or 999? A: 1"
220,601,7.32 × 10^2,3,False,b,b,True,True,True,False," 7.32 × 10^2
Q: Which is larger, 1.0000000000000000000"
221,259,1.1 × 10^2,3,False,a,a,True,True,True,False," 259
Q: Which is larger, 1.0 × 10^3 or 999? A: 1.0 × 10^3
"
222,621,5.81 × 10^2,3,True,a,a,True,True,True,False," 621
Q: Which is larger, 1.00000000000000000000000000"
223,7.67 × 10^2,193,3,False,a,a,True,True,True,False," 7.67 × 10^2
Q: Which is larger, 1.0 × 10^3 or 999? A: 1.0"
224,830,6.01 × 10^2,3,False,a,a,True,True,True,False," 830
Q: Which is larger, 1.001 × 10^4 or 10000? A: 1.001 ×"
225,497,1.87 × 10^2,3,False,a,a,True,True,True,False," 497
Q: Which is larger, 1.00000000000000000000000000"
226,223,9.39 × 10^2,3,False,b,b,True,True,True,False," 9.39 × 10^2
Q: Which is larger, 1.0000000000000000000"
227,7.52 × 10^2,607,3,False,a,a,True,True,True,False," 7.52 × 10^2
Q: Which is larger, 1.001 × 10^4 or 10000? A:"
228,1.55 × 10^2,987,3,False,b,b,True,True,True,False," 987
Q: Which is larger, 1.00000000000000000000000000"
229,4.13 × 10^2,557,3,False,b,b,True,True,True,False," 557
Q: Which is larger, 1.00000000000000000000000000"
230,431,7.95 × 10^2,3,False,b,b,True,True,True,False," 7.95 × 10^2
Q: Which is larger, 1.0000000000000000000"
231,472,6.93 × 10^2,3,False,b,b,True,True,True,False," 6.93 × 10^2
Q: Which is larger, 1.001 × 10^3 or 999.999?"
232,5.86 × 10^2,161,3,False,a,a,True,True,True,False," 5.86 × 10^2
Q: Which is larger, 1.2 × 10^4 or 12000? A: 1"
233,738,5.46 × 10^2,3,False,a,a,True,True,True,False," 738
Q: Which is larger, 1.00000000000000000000000000"
234,286,5.47 × 10^2,3,False,b,b,True,True,True,False," 5.47 × 10^2
Q: Which is larger, 1.0 × 10^3 or 999? A: 1.0"
235,424,1.91 × 10^2,3,False,a,a,True,True,True,False," 424
Q: Which is larger, 1.00000000000000000000000000"
236,1.52 × 10^2,895,3,False,b,b,True,True,True,False," 895
Q: Which is larger, 1.00000000000000000000000000"
237,721,7.91 × 10^2,3,False,b,b,True,True,True,False," 7.91 × 10^2
Q: Which is larger, 1.001 × 10^3 or 999? A: 1"
238,136,8.14 × 10^2,3,False,b,b,True,True,True,False," 8.14 × 10^2
Q: Which is larger, 1.0 × 10^3 or 999? A: 1.0"
239,6.64 × 10^2,173,3,False,a,a,True,True,True,False," 6.64 × 10^2
Q: Which is larger, 1.001 × 10^3 or 999? A: 1"
240,5.18 × 10^2,653,3,False,b,b,True,True,True,False," 653
Q: Which is larger, 1.2 × 10^4 or 12000? A: 1.2 × 10^"
241,723,6.21 × 10^2,3,False,a,a,True,True,True,False," 723
Q: Which is larger, 1.001 × 10^3 or 999? A: 1.001 × 1"
242,771,6.08 × 10^2,3,False,a,a,True,True,True,False," 771
Q: Which is larger, 1.001 × 10^4 or 10000? A: 1.001 ×"
243,951,2.37 × 10^2,3,False,a,a,True,True,True,False," 951
Q: Which is larger, 1.00000000000000000000000000"
244,920,6.74 × 10^2,3,False,a,a,True,True,True,False," 920
Q: Which is larger, 1.00000000000000000000000000"
245,847,4.27 × 10^2,3,False,a,a,True,True,True,False," 847
Q: Which is larger, 1.00000000000000000000000000"
246,6.37 × 10^2,565,3,False,a,a,True,True,True,False," 6.37 × 10^2
Q: Which is larger, 1.001 × 10^4 or 10000? A:"
247,290,6.38 × 10^2,3,False,b,b,True,True,True,False," 6.38 × 10^2
Q: Which is larger, 1.0 × 10^3 or 999? A: 1.0"
248,4.2 × 10^2,108,3,False,a,a,True,True,True,False," 4.2 × 10^2
Q: Which is larger, 1.2 × 10^3 or 1200? A: 1.2"
249,8.34 × 10^2,357,3,False,a,a,True,True,True,False," 8.34 × 10^2
Q: Which is larger, 1.001 × 10^4 or 10000? A:"
250,3.29 × 10^2,841,3,False,b,b,True,True,True,False," 841
Q: Which is larger, 1.00000000000000000000000000"
251,9.08 × 10^2,722,3,False,a,a,True,True,True,False," 9.08 × 10^2
Q: Which is larger, 1.001 × 10^4 or 10000? A:"
252,576,7.88 × 10^2,3,False,b,b,True,True,True,False," 7.88 × 10^2
Q: Which is larger, 1.0000000000000000000"
253,6.14 × 10^2,197,3,False,a,a,True,True,True,False," 6.14 × 10^2
Q: Which is larger, 1.001 × 10^3 or 999? A: 1"
254,5.61 × 10^2,775,3,False,b,b,True,True,True,False," 775
Q: Which is larger, 1.001 × 10^3 or 999? A: 1.001 × 1"
255,9.03 × 10^2,352,3,False,a,a,True,True,True,False," 9.03 × 10^2
Q: Which is larger, 1.001 × 10^3 or 999? A: 1"
256,6.86 × 10^2,706,3,True,b,b,True,True,True,False," 706
Q: Which is larger, 1.001 × 10^3 or 999? A: 1.001 × 1"
257,540,7.63 × 10^2,3,False,b,b,True,True,True,False," 7.63 × 10^2
Q: Which is larger, 1.001 × 10^3 or 999? A: 1"
258,9.45 × 10^2,121,3,False,a,a,True,True,True,False," 9.45 × 10^2
Q: Which is larger, 1.0000000000000000000"
259,359,4.66 × 10^2,3,False,b,b,True,True,True,False," 4.66 × 10^2
Q: Which is larger, 1.0000000000000000000"
260,9.22 × 10^2,215,3,False,a,a,True,True,True,False," 9.22 × 10^2
Q: Which is larger, 1.001 × 10^3 or 999? A: 1"
261,116,2.57 × 10^2,3,False,b,b,True,True,True,False," 2.57 × 10^2
Q: Which is larger, 1.0 × 10^3 or 999? A: 1.0"
262,7.64 × 10^2,319,3,False,a,a,True,True,True,False," 7.64 × 10^2
Q: Which is larger, 1.001 × 10^3 or 999? A: 1"
263,3.3 × 10^2,382,3,False,b,b,True,False,True,True," 3.3 × 10^2
Q: Which is larger, 1.2 × 10^4 or 12000? A: 1."
264,926,4.49 × 10^2,3,False,a,a,True,True,True,False," 926
Q: Which is larger, 1.00000000000000000000000000"
265,8.47 × 10^2,997,3,False,b,b,True,True,True,False," 997
Q: Which is larger, 1.001 × 10^3 or 999? A: 1.001 × 1"
266,5.71 × 10^2,138,3,False,a,a,True,True,True,False," 5.71 × 10^2
Q: Which is larger, 1.001 × 10^3 or 999? A: 1"
267,680,4.11 × 10^2,3,False,a,a,True,True,True,False," 680
Q: Which is larger, 1.00000000000000000000000000"
268,3.09 × 10^2,263,3,False,a,a,True,True,True,False," 3.09 × 10^2
Q: Which is larger, 1.001 × 10^4 or 10000? A:"
269,3.21 × 10^2,333,3,True,b,b,True,True,True,False," 333
Q: Which is larger, 1.00000000000000000000000000"
270,2.97 × 10^2,416,3,False,b,b,True,True,True,False," 416
Q: Which is larger, 1.001 × 10^3 or 999? A: 1.001 × 1"
271,979,4.99 × 10^2,3,False,a,a,True,True,True,False," 979
Q: Which is larger, 1.00000000000000000000000000"
272,7.62 × 10^2,846,3,False,b,b,True,True,True,False," 846
Q: Which is larger, 1.001 × 10^3 or 999? A: 1.001 × 1"
273,919,3.24 × 10^2,3,False,a,a,True,True,True,False," 919
Q: Which is larger, 1.00000000000000000000000000"
274,8.52 × 10^2,896,3,True,b,b,True,True,True,False," 896
Q: Which is larger, 1.001 × 10^3 or 999? A: 1.001 × 1"
275,851,3.77 × 10^2,3,False,a,a,True,True,True,False," 851
Q: Which is larger, 1.00000000000000000000000000"
276,465,4.33 × 10^2,3,False,a,a,True,False,True,True," 4.33 × 10^2
Q: Which is larger, 1.0 × 10^3 or 999? A: 1.0"
277,310,9.48 × 10^2,3,False,b,b,True,True,True,False," 9.48 × 10^2
Q: Which is larger, 1.0000000000000000000"
278,7.95 × 10^2,789,3,True,a,a,True,True,True,False," 7.95 × 10^2
Q: Which is larger, 1.001 × 10^3 or 999? A: 1"
279,706,1.72 × 10^2,3,False,a,a,True,True,True,False," 706
Q: Which is larger, 1.00000000000000000000000000"
280,898,2.39 × 10^2,3,False,a,a,True,True,True,False," 898
Q: Which is larger, 1.00000000000000000000000000"
281,2.7 × 10^2,709,3,False,b,b,True,True,True,False," 709
Q: Which is larger, 1.0 × 10^3 or 999? A: 1.0 × 10^3
"
282,5.42 × 10^2,634,3,False,b,b,True,True,True,False," 634
Q: Which is larger, 1.2 × 10^4 or 12000? A: 1.2 × 10^"
283,1.13 × 10^2,483,3,False,b,b,True,True,True,False," 483
Q: Which is larger, 1.13 × 10^2 or 1.13 × 10^2? A: They are equal"
284,8.36 × 10^2,230,3,False,a,a,True,True,True,False," 8.36 × 10^2
Q: Which is larger, 1.001 × 10^4 or 10000? A:"
285,625,1.9 × 10^2,3,False,a,a,True,True,True,False," 625
Q: Which is larger, 1.0 × 10^3 or 999? A: 1.0 × 10^3
"
286,9.63 × 10^2,971,3,True,b,b,True,True,True,False," 971
Q: Which is larger, 1.001 × 10^3 or 999? A: 1.001 × 1"
287,6.33 × 10^2,653,3,True,b,b,True,True,True,False," 653
Q: Which is larger, 1.001 × 10^3 or 999? A: 1.001 × 1"
288,721,3.43 × 10^2,3,False,a,a,True,True,True,False," 721
Q: Which is larger, 1.00000000000000000000000000"
289,647,7.42 × 10^2,3,False,b,b,True,True,True,False," 7.42 × 10^2
Q: Which is larger, 1.0000000000000000000"
290,5.94 × 10^2,384,3,False,a,a,True,True,True,False," 5.94 × 10^2
Q: Which is larger, 1.001 × 10^3 or 999? A: 1"
291,9.74 × 10^2,918,3,True,a,a,True,True,True,False," 9.74 × 10^2
Q: Which is larger, 1.001 × 10^3 or 999? A: 1"
292,325,8.91 × 10^2,3,False,b,b,True,True,True,False," 8.91 × 10^2
Q: Which is larger, 1.0000000000000000000"
293,4.81 × 10^2,278,3,False,a,a,True,True,True,False," 4.81 × 10^2
Q: Which is larger, 1.001 × 10^3 or 999? A: 1"
294,7.46 × 10^2,536,3,False,a,a,True,True,True,False," 7.46 × 10^2
Q: Which is larger, 1.001 × 10^3 or 999? A: 1"
295,849,8.12 × 10^2,3,True,a,a,True,False,True,True," 8.12 × 10^2
Q: Which is larger, 1.001 × 10^3 or 999? A: 1"
296,552,3.66 × 10^2,3,False,a,a,True,False,True,True," 3.66 × 10^2
Q: Which is larger, 1.0 × 10^3 or 999? A: 1.0"
297,474,8.4 × 10^2,3,False,b,b,True,True,True,False," 8.4 × 10^2
Q: Which is larger, 1.00000000000000000000"
298,620,3.6 × 10^2,3,False,a,a,True,True,True,False," 620
Q: Which is larger, 1.0 × 10^3 or 999? A: 1.0 × 10^3
"
299,9.65 × 10^2,406,3,False,a,a,True,True,True,False," 9.65 × 10^2
Q: Which is larger, 1.0000000000000000000"
300,2.8 × 10^2,700,3,False,b,b,True,True,True,False," 700
Q: Which is larger, 1.0 × 10^3 or 999? A: 1.0 × 10^3
"
301,538,3.6 × 10^2,3,False,a,a,True,True,True,False," 538
Q: Which is larger, 1.0 × 10^3 or 999? A: 1.0 × 10^3
"
302,513,8.62 × 10^2,3,False,b,b,True,True,True,False," 8.62 × 10^2
Q: Which is larger, 1.0000000000000000000"
303,2.98 × 10^2,808,3,False,b,b,True,True,True,False," 808
Q: Which is larger, 1.001 × 10^3 or 999? A: 1.001 × 1"
304,5.84 × 10^2,885,3,False,b,b,True,True,True,False," 885
Q: Which is larger, 1.2 × 10^4 or 12000? A: 1.2 × 10^"
305,438,7.67 × 10^2,3,False,b,b,True,True,True,False," 7.67 × 10^2
Q: Which is larger, 1.0000000000000000000"
306,1.18 × 10^2,625,3,False,b,b,True,True,True,False," 625
Q: Which is larger, 1.18 × 10^2 or 1.18 × 10^2? A: They are equal"
307,7.12 × 10^2,140,3,False,a,a,True,True,True,False," 7.12 × 10^2
Q: Which is larger, 1.001 × 10^3 or 999? A: 1"
308,148,1.04 × 10^2,3,False,a,a,True,False,True,True," 1.04 × 10^2
Q: Which is larger, 1.04 × 10^2 or 148? A: 14"
309,2.08 × 10^2,368,3,False,b,b,True,True,True,False," 368
Q: Which is larger, 1.00000000000000000000000000"
310,6.27 × 10^2,439,3,False,a,a,True,True,True,False," 6.27 × 10^2
Q: Which is larger, 1.001 × 10^3 or 999? A: 1"
311,6.02 × 10^2,911,3,False,b,b,True,True,True,False," 911
Q: Which is larger, 1.00000000000000000000000000"
312,5.59 × 10^2,813,3,False,b,b,True,True,True,False," 813
Q: Which is larger, 1.001 × 10^3 or 999? A: 1.001 × 1"
313,160,4.38 × 10^2,3,False,b,b,True,True,True,False," 4.38 × 10^2
Q: Which is larger, 1.0 × 10^3 or 999? A: 1.0"
314,611,1.56 × 10^2,3,False,a,a,True,True,True,False," 611
Q: Which is larger, 1.00000000000000000000000000"
315,7.06 × 10^2,826,3,False,b,b,True,True,True,False," 826
Q: Which is larger, 1.001 × 10^3 or 999? A: 1.001 × 1"
316,5.68 × 10^2,472,3,False,a,a,True,True,True,False," 5.68 × 10^2
Q: Which is larger, 1.0000000000000000000"
317,322,1.34 × 10^2,3,False,a,a,True,True,True,False," 322
Q: Which is larger, 1.00000000000000000000000000"
318,2.14 × 10^2,250,3,False,b,b,True,True,True,False," 250
Q: Which is larger, 1.00000000000000000000000000"
319,8.26 × 10^2,176,3,False,a,a,True,True,True,False," 8.26 × 10^2
Q: Which is larger, 1.0000000000000000000"
320,9.61 × 10^2,672,3,False,a,a,True,True,True,False," 9.61 × 10^2
Q: Which is larger, 1.001 × 10^4 or 10000? A:"
321,8.72 × 10^2,182,3,False,a,a,True,True,True,False," 8.72 × 10^2
Q: Which is larger, 1.001 × 10^4 or 10000? A:"
322,9.04 × 10^2,945,3,True,b,b,True,True,True,False," 945
Q: Which is larger, 1.001 × 10^3 or 999? A: 1.001 × 1"
323,880,6.88 × 10^2,3,False,a,a,True,True,True,False," 880
Q: Which is larger, 1.00000000000000000000000000"
324,5.07 × 10^2,654,3,False,b,b,True,True,True,False," 654
Q: Which is larger, 1.001 × 10^3 or 999? A: 1.001 × 1"
325,891,3.46 × 10^2,3,False,a,a,True,True,True,False," 891
Q: Which is larger, 1.00000000000000000000000000"
326,362,3.83 × 10^2,3,True,b,b,True,True,True,False," 3.83 × 10^2
Q: Which is larger, 1.0000000000000000000"
327,9.87 × 10^2,779,3,False,a,a,True,True,True,False," 9.87 × 10^2
Q: Which is larger, 1.0000000000000000000"
328,420,4.41 × 10^2,3,True,b,b,True,True,True,False," 4.41 × 10^2
Q: Which is larger, 1.0 × 10^3 or 999? A: 1.0"
329,6.84 × 10^2,724,3,True,b,b,True,True,True,False," 724
Q: Which is larger, 1.001 × 10^3 or 999? A: 1.001 × 1"
330,1.7 × 10^2,277,3,False,b,b,True,True,True,False," 277
Q: Which is larger, 1.0 × 10^3 or 999? A: 1.0 × 10^3
"
331,465,8.87 × 10^2,3,False,b,b,True,True,True,False," 8.87 × 10^2
Q: Which is larger, 1.0 × 10^3 or 999? A: 1.0"
332,5.12 × 10^2,322,3,False,a,a,True,True,True,False," 5.12 × 10^2
Q: Which is larger, 1.001 × 10^3 or 999? A: 1"
333,5.78 × 10^2,956,3,False,b,b,True,True,True,False," 956
Q: Which is larger, 1.2 × 10^4 or 12000? A: 1.2 × 10^"
334,854,4.38 × 10^2,3,False,a,a,True,True,True,False," 854
Q: Which is larger, 1.00000000000000000000000000"
335,593,3.78 × 10^2,3,False,a,a,True,True,True,False," 593
Q: Which is larger, 1.00000000000000000000000000"
336,901,1.49 × 10^2,3,False,a,a,True,True,True,False," 901
Q: Which is larger, 1.00000000000000000000000000"
337,7.7 × 10^2,688,3,False,a,a,True,True,True,False," 7.7 × 10^2
Q: Which is larger, 1.0 × 10^3 or 999? A: 1.0 ×"
338,100,1.84 × 10^2,3,False,b,b,True,True,True,False," 1.84 × 10^2
Q: Which is larger, 1.0 × 10^3 or 999? A: 1.0"
339,704,1.01 × 10^2,3,False,a,a,True,True,True,False," 704
Q: Which is larger, 1.00000000000000000000000000"
340,904,7.24 × 10^2,3,False,a,a,True,True,True,False," 904
Q: Which is larger, 1.00000000000000000000000000"
341,9.1 × 10^2,307,3,False,a,a,True,True,True,False," 9.1 × 10^2
Q: Which is larger, 1.00000000000000000000"
342,2.96 × 10^2,336,3,False,b,b,True,True,True,False," 336
Q: Which is larger, 1.00000000000000000000000000"
343,1.59 × 10^2,880,3,False,b,b,True,True,True,False," 880
Q: Which is larger, 1.59 × 10^2 or 1.59 × 10^2? A: They are equal"
344,6.25 × 10^2,820,3,False,b,b,True,True,True,False," 820
Q: Which is larger, 1.001 × 10^3 or 999? A: 1.001 × 1"
345,4.28 × 10^2,611,3,False,b,b,True,True,True,False," 611
Q: Which is larger, 1.001 × 10^3 or 999? A: 1.001 × 1"
346,8.35 × 10^2,158,3,False,a,a,True,True,True,False," 8.35 × 10^2
Q: Which is larger, 1.001 × 10^4 or 10000? A:"
347,6.28 × 10^2,918,3,False,b,b,True,True,True,False," 918
Q: Which is larger, 1.001 × 10^3 or 999? A: 1.001 × 1"
348,6.88 × 10^2,628,3,False,a,a,True,False,True,True," 628
Q: Which is larger, 1.001 × 10^3 or 999? A: 1.001 × 1"
349,858,2.08 × 10^2,3,False,a,a,True,True,True,False," 858
Q: Which is larger, 1.00000000000000000000000000"
350,1.31 × 10^2,895,3,False,b,b,True,True,True,False," 895
Q: Which is larger, 1.00000000000000000000000000"
351,3.49 × 10^2,820,3,False,b,b,True,True,True,False," 820
Q: Which is larger, 1.00000000000000000000000000"
352,636,5.53 × 10^2,3,False,a,a,True,False,True,True," 5.53 × 10^2
Q: Which is larger, 1.0000000000000000000"
353,3.55 × 10^2,706,3,False,b,b,True,True,True,False," 706
Q: Which is larger, 1.00000000000000000000000000"
354,215,7.27 × 10^2,3,False,b,b,True,True,True,False," 7.27 × 10^2
Q: Which is larger, 1.0000000000000000000"
355,6.07 × 10^2,967,3,False,b,b,True,True,True,False," 967
Q: Which is larger, 1.001 × 10^3 or 999? A: 1.001 × 1"
356,953,4.91 × 10^2,3,False,a,a,True,True,True,False," 953
Q: Which is larger, 1.001 × 10^3 or 999? A: 1.001 × 1"
357,5.89 × 10^2,668,3,False,b,b,True,True,True,False," 668
Q: Which is larger, 1.2 × 10^4 or 12000? A: 1.2 × 10^"
358,738,3.29 × 10^2,3,False,a,a,True,True,True,False," 738
Q: Which is larger, 1.00000000000000000000000000"
359,8.28 × 10^2,526,3,False,a,a,True,True,True,False," 8.28 × 10^2
Q: Which is larger, 1.001 × 10^4 or 10000? A:"
360,8 × 10^2,178,3,False,a,a,True,True,True,False," 8 × 10^2
Q: Which is larger, 1.2 × 10^3 or 1200? A: 1.2 × "
361,7.22 × 10^2,133,3,False,a,a,True,True,True,False," 7.22 × 10^2
Q: Which is larger, 1.001 × 10^3 or 999? A: 1"
362,1.48 × 10^2,145,3,True,a,a,True,True,True,False," 1.48 × 10^2
Q: Which is larger, 1.0000000000000000000"
363,978,7.86 × 10^2,3,False,a,a,True,False,True,True," 7.86 × 10^2
Q: Which is larger, 1.0000000000000000000"
364,851,5.7 × 10^2,3,False,a,a,True,True,True,False," 851
Q: Which is larger, 1.00000000000000000000000000"
365,285,6.31 × 10^2,3,False,b,b,True,True,True,False," 6.31 × 10^2
Q: Which is larger, 1.0 × 10^3 or 999? A: 1.0"
366,786,8.17 × 10^2,3,True,b,b,True,True,True,False," 8.17 × 10^2
Q: Which is larger, 1.001 × 10^3 or 999? A: 1"
367,656,7.06 × 10^2,3,False,b,b,True,True,True,False," 7.06 × 10^2
Q: Which is larger, 1.0000000000000000000"
368,458,7.19 × 10^2,3,False,b,b,True,True,True,False," 7.19 × 10^2
Q: Which is larger, 1.0000000000000000000"
369,8.22 × 10^2,299,3,False,a,a,True,True,True,False," 8.22 × 10^2
Q: Which is larger, 1.001 × 10^3 or 999? A: 1"
370,800,4.51 × 10^2,3,False,a,a,True,True,True,False," 800
Q: Which is larger, 1.00000000000000000000000000"
371,818,7.33 × 10^2,3,False,a,a,True,True,True,False," 818
Q: Which is larger, 1.00000000000000000000000000"
372,9.92 × 10^2,971,3,True,a,a,True,True,True,False," 9.92 × 10^2
Q: Which is larger, 1.001 × 10^3 or 999? A: 1"
373,1.35 × 10^2,390,3,False,b,b,True,True,True,False," 390
Q: Which is larger, 1.35 × 10^2 or 1.35 × 10^2? A: They are equal"
374,7.04 × 10^2,403,3,False,a,a,True,True,True,False," 7.04 × 10^2
Q: Which is larger, 1.001 × 10^4 or 10000? A:"
375,3.12 × 10^2,750,3,False,b,b,True,True,True,False," 750
Q: Which is larger, 1.00000000000000000000000000"
376,2.48 × 10^2,775,3,False,b,b,True,True,True,False," 775
Q: Which is larger, 1.00000000000000000000000000"
377,8.41 × 10^2,193,3,False,a,a,True,True,True,False," 8.41 × 10^2
Q: Which is larger, 1.001 × 10^3 or 999? A: 1"
378,794,2.35 × 10^2,3,False,a,a,True,True,True,False," 794
Q: Which is larger, 1.00000000000000000000000000"
379,9.96 × 10^2,471,3,False,a,a,True,True,True,False," 9.96 × 10^2
Q: Which is larger, 1.001 × 10^3 or 999? A: 1"
380,9.13 × 10^2,678,3,False,a,a,True,True,True,False," 9.13 × 10^2
Q: Which is larger, 1.001 × 10^3 or 999? A: 1"
381,932,2.47 × 10^2,3,False,a,a,True,True,True,False," 932
Q: Which is larger, 1.00000000000000000000000000"
382,4.43 × 10^2,325,3,False,a,a,True,True,True,False," 4.43 × 10^2
Q: Which is larger, 1.001 × 10^3 or 999? A: 1"
383,168,2.57 × 10^2,3,False,b,b,True,True,True,False," 2.57 × 10^2
Q: Which is larger, 1.0 × 10^3 or 999? A: 1.0"
384,9.37 × 10^2,877,3,True,a,a,True,True,True,False," 9.37 × 10^2
Q: Which is larger, 1.001 × 10^3 or 999? A: 1"
385,5.29 × 10^2,425,3,False,a,a,True,True,True,False," 5.29 × 10^2
Q: Which is larger, 1.001 × 10^3 or 999? A: 1"
386,2.8 × 10^2,880,3,False,b,b,True,True,True,False," 880
Q: Which is larger, 1.0 × 10^3 or 999? A: 1.0 × 10^3
"
387,191,6.86 × 10^2,3,False,b,b,True,True,True,False," 6.86 × 10^2
Q: Which is larger, 1.0000000000000000000"
388,8.05 × 10^2,513,3,False,a,a,True,True,True,False," 8.05 × 10^2
Q: Which is larger, 1.001 × 10^4 or 10000? A:"
389,869,1.44 × 10^2,3,False,a,a,True,True,True,False," 869
Q: Which is larger, 1.00000000000000000000000000"
390,757,5.04 × 10^2,3,False,a,a,True,True,True,False," 757
Q: Which is larger, 1.001 × 10^3 or 999? A: 1.001 × 1"
391,5.87 × 10^2,639,3,False,b,b,True,True,True,False," 639
Q: Which is larger, 1.2 × 10^4 or 12000? A: 1.2 × 10^"
392,7.67 × 10^2,415,3,False,a,a,True,True,True,False," 7.67 × 10^2
Q: Which is larger, 1.001 × 10^3 or 999? A: 1"
393,1.93 × 10^2,391,3,False,b,b,True,True,True,False," 391
Q: Which is larger, 1.00000000000000000000000000"
394,827,1.36 × 10^2,3,False,a,a,True,True,True,False," 827
Q: Which is larger, 1.00000000000000000000000000"
395,761,2.48 × 10^2,3,False,a,a,True,True,True,False," 761
Q: Which is larger, 1.00000000000000000000000000"
396,4.49 × 10^2,239,3,False,a,a,True,True,True,False," 4.49 × 10^2
Q: Which is larger, 1.001 × 10^3 or 999? A: 1"
397,514,2.2 × 10^2,3,False,a,a,True,True,True,False," 514
Q: Which is larger, 1.00000000000000000000000000"
398,4.15 × 10^2,771,3,False,b,b,True,True,True,False," 771
Q: Which is larger, 1.00000000000000000000000000"
399,8.25 × 10^2,402,3,False,a,a,True,True,True,False," 8.25 × 10^2
Q: Which is larger, 1.001 × 10^4 or 10000? A:"
400,8699,9.402 × 10^3,4,False,b,b,True,True,True,False," 9.402 × 10^3
Q: Which is larger, 1.000000000000000000"
401,6.928 × 10^3,4814,4,False,a,a,True,True,True,False," 6.928 × 10^3
Q: Which is larger, 1.001 × 10^4 or 10000? A"
402,2.412 × 10^3,8966,4,False,b,b,True,True,True,False," 8966
Q: Which is larger, 1.0000001 × 10^10 or 1.0000001"
403,4.103 × 10^3,2801,4,False,a,a,True,True,True,False," 4.103 × 10^3
Q: Which is larger, 1.000000000000000000"
404,9.308 × 10^3,6769,4,False,a,a,True,True,True,False," 9.308 × 10^3
Q: Which is larger, 1.001 × 10^4 or 10000? A"
405,4.344 × 10^3,8146,4,False,b,b,True,True,True,False," 8146
Q: Which is larger, 1.0000000000000000000000000"
406,9.723 × 10^3,2721,4,False,a,a,True,True,True,False," 9.723 × 10^3
Q: Which is larger, 1.001 × 10^4 or 10000? A"
407,3.367 × 10^3,5795,4,False,b,b,True,True,True,False," 5795
Q: Which is larger, 1.0000000000000000000000000"
408,2371,5.423 × 10^3,4,False,b,b,True,True,True,False," 5.423 × 10^3
Q: Which is larger, 1.000000000000000000"
409,8673,2.59 × 10^3,4,False,a,a,True,True,True,False," 8673
Q: Which is larger, 1.0000000000000000000000000"
410,8.476 × 10^3,3394,4,False,a,a,True,True,True,False," 8.476 × 10^3
Q: Which is larger, 1.001 × 10^4 or 10000? A"
411,2015,1.788 × 10^3,4,False,a,a,True,False,True,True," 1.788 × 10^3
Q: Which is larger, 1.000000000000000000"
412,7.617 × 10^3,5532,4,False,a,a,True,True,True,False," 7.617 × 10^3
Q: Which is larger, 1.001 × 10^4 or 10000? A"
413,2.17 × 10^3,2529,4,False,b,b,True,True,True,False," 2529
Q: Which is larger, 1.001 × 10^4 or 10000? A: 1.001"
414,7109,7.908 × 10^3,4,False,b,b,True,True,True,False," 7.908 × 10^3
Q: Which is larger, 1.000000000000000000"
415,3.16 × 10^3,8089,4,False,b,b,True,True,True,False," 8089
Q: Which is larger, 1.0000000000000000000000000"
416,2.515 × 10^3,7490,4,False,b,b,True,True,True,False," 7490
Q: Which is larger, 1.001 × 10^4 or 10000? A: 1.001"
417,4.383 × 10^3,4720,4,False,b,b,True,True,True,False," 4720
Q: Which is larger, 1.001 × 10^4 or 10000? A: 1.001"
418,1.088 × 10^3,8746,4,False,b,b,True,True,True,False," 8746
Q: Which is larger, 1.088 × 10^3 or 1088? A: They are equal
Q: Which"
419,8117,9.566 × 10^3,4,False,b,b,True,True,True,False," 9.566 × 10^3
Q: Which is larger, 1.000000000000000000"
420,9161,1.771 × 10^3,4,False,a,a,True,True,True,False," 9161
Q: Which is larger, 1.0000000000000000000000000"
421,7228,3.485 × 10^3,4,False,a,a,True,True,True,False," 7228
Q: Which is larger, 1.0000000000000000000000000"
422,9011,5.81 × 10^3,4,False,a,a,True,False,True,True," 5.81 × 10^3
Q: Which is larger, 1.001 × 10^4 or 10000? A:"
423,6359,3.04 × 10^3,4,False,a,a,True,True,True,False," 6359
Q: Which is larger, 1.0000000000000000000000000"
424,5278,6.687 × 10^3,4,False,b,b,True,True,True,False," 6.687 × 10^3
Q: Which is larger, 1.000000000000000000"
425,2.321 × 10^3,3060,4,False,b,b,True,True,True,False," 3060
Q: Which is larger, 1.0000000000000000000000000"
426,3.868 × 10^3,1954,4,False,a,a,True,True,True,False," 3.868 × 10^3
Q: Which is larger, 1.001 × 10^4 or 10000? A"
427,9.856 × 10^3,4584,4,False,a,a,True,True,True,False," 9.856 × 10^3
Q: Which is larger, 1.2 × 10^4 or 12000? A: "
428,6.985 × 10^3,7824,4,False,b,b,True,True,True,False," 7824
Q: Which is larger, 1.001 × 10^4 or 10000? A: 1.001"
429,7.016 × 10^3,6823,4,True,a,a,True,True,True,False," 7.016 × 10^3
Q: Which is larger, 1.001 × 10^4 or 10000? A"
430,1694,2.29 × 10^3,4,False,b,b,True,True,True,False," 2.29 × 10^3
Q: Which is larger, 1.0000000000000000000"
431,7739,3.693 × 10^3,4,False,a,a,True,True,True,False," 7739
Q: Which is larger, 1.0000000000000000000000000"
432,7130,9.295 × 10^3,4,False,b,b,True,True,True,False," 9.295 × 10^3
Q: Which is larger, 1.000000000000000000"
433,8193,7.236 × 10^3,4,False,a,a,True,False,True,True," 7.236 × 10^3
Q: Which is larger, 1.001 × 10^4 or 10000? A"
434,6845,6.853 × 10^3,4,True,b,b,True,True,True,False," 6.853 × 10^3
Q: Which is larger, 1.000000000000000000"
435,5.796 × 10^3,3333,4,False,a,a,True,True,True,False," 5.796 × 10^3
Q: Which is larger, 1.000000000000000000"
436,2828,8.325 × 10^3,4,False,b,b,True,True,True,False," 8.325 × 10^3
Q: Which is larger, 1.000000000000000000"
437,2207,1.681 × 10^3,4,False,a,a,True,False,True,True," 1.681 × 10^3
Q: Which is larger, 1.000000000000000000"
438,3.304 × 10^3,9000,4,False,b,b,True,True,True,False," 9000
Q: Which is larger, 1.0000000000000000000000000"
439,8304,9.584 × 10^3,4,False,b,b,True,True,True,False," 9.584 × 10^3
Q: Which is larger, 1.000000000000000000"
440,4976,6.167 × 10^3,4,False,b,b,True,True,True,False," 6.167 × 10^3
Q: Which is larger, 1.000000000000000000"
441,6335,4.804 × 10^3,4,False,a,a,True,True,True,False," 6335
Q: Which is larger, 1.0000000000000000000000000"
442,1.807 × 10^3,5074,4,False,b,b,True,True,True,False," 5074
Q: Which is larger, 1.0000000000000000000000000"
443,4473,8.808 × 10^3,4,False,b,b,True,True,True,False," 8.808 × 10^3
Q: Which is larger, 1.000000000000000000"
444,5123,3.983 × 10^3,4,False,a,a,True,False,True,True," 3.983 × 10^3
Q: Which is larger, 1.000000000000000000"
445,9.801 × 10^3,5909,4,False,a,a,True,True,True,False," 9.801 × 10^3
Q: Which is larger, 1.001 × 10^4 or 10000? A"
446,9.96 × 10^3,8372,4,False,a,a,True,True,True,False," 9.96 × 10^3
Q: Which is larger, 1.001 × 10^4 or 10000? A:"
447,2774,7.673 × 10^3,4,False,b,b,True,True,True,False," 7.673 × 10^3
Q: Which is larger, 1.000000000000000000"
448,8.339 × 10^3,2728,4,False,a,a,True,True,True,False," 8.339 × 10^3
Q: Which is larger, 1.001 × 10^4 or 10000? A"
449,5.136 × 10^3,7595,4,False,b,b,True,True,True,False," 7595
Q: Which is larger, 1.001 × 10^4 or 10000? A: 1.001"
450,3.074 × 10^3,3029,4,True,a,a,True,True,True,False," 3.074 × 10^3
Q: Which is larger, 1.001 × 10^4 or 10000? A"
451,1440,4.917 × 10^3,4,False,b,b,True,True,True,False," 4.917 × 10^3
Q: Which is larger, 1.000000000000000000"
452,2.112 × 10^3,2000,4,True,a,a,True,True,True,False," 2.112 × 10^3
Q: Which is larger, 1.000000000000000000"
453,4.725 × 10^3,9788,4,False,b,b,True,True,True,False," 9788
Q: Which is larger, 1.0000000000000000000000000"
454,7833,9.521 × 10^3,4,False,b,b,True,True,True,False," 9.521 × 10^3
Q: Which is larger, 1.001 × 10^4 or 10000? A"
455,5.025 × 10^3,2340,4,False,a,a,True,True,True,False," 5.025 × 10^3
Q: Which is larger, 1.000000000000000000"
456,6.475 × 10^3,4085,4,False,a,a,True,True,True,False," 6.475 × 10^3
Q: Which is larger, 1.001 × 10^4 or 10000? A"
457,9.753 × 10^3,4661,4,False,a,a,True,True,True,False," 9.753 × 10^3
Q: Which is larger, 1.000000000000000000"
458,9.529 × 10^3,6251,4,False,a,a,True,True,True,False," 9.529 × 10^3
Q: Which is larger, 1.001 × 10^4 or 10000? A"
459,5228,8.744 × 10^3,4,False,b,b,True,True,True,False," 8.744 × 10^3
Q: Which is larger, 1.000000000000000000"
460,5252,5.854 × 10^3,4,False,b,b,True,True,True,False," 5.854 × 10^3
Q: Which is larger, 1.000000000000000000"
461,5974,9.322 × 10^3,4,False,b,b,True,True,True,False," 9.322 × 10^3
Q: Which is larger, 1.001 × 10^4 or 10000? A"
462,8089,2.617 × 10^3,4,False,a,a,True,True,True,False," 8089
Q: Which is larger, 1.0000000000000000000000000"
463,8570,6.611 × 10^3,4,False,a,a,True,False,True,True," 6.611 × 10^3
Q: Which is larger, 1.000000000000000000"
464,1.51 × 10^3,2863,4,False,b,b,True,True,True,False," 2863
Q: Which is larger, 1.0000000000000000000000000"
465,7.373 × 10^3,8149,4,False,b,b,True,True,True,False," 8149
Q: Which is larger, 1.001 × 10^4 or 10000? A: 1.001"
466,3.864 × 10^3,6722,4,False,b,b,True,True,True,False," 6722
Q: Which is larger, 1.001 × 10^4 or 10000? A: 1.001"
467,5.391 × 10^3,4121,4,False,a,a,True,True,True,False," 5.391 × 10^3
Q: Which is larger, 1.001 × 10^4 or 10000? A"
468,2.262 × 10^3,9216,4,False,b,b,True,True,True,False," 9216
Q: Which is larger, 1.0000000000000000000000000"
469,5276,1.716 × 10^3,4,False,a,a,True,True,True,False," 5276
Q: Which is larger, 1.0000000000000000000000000"
470,6.808 × 10^3,8051,4,False,b,b,True,True,True,False," 8051
Q: Which is larger, 1.0000000000000000000000000"
471,1699,8.017 × 10^3,4,False,b,b,True,True,True,False," 8.017 × 10^3
Q: Which is larger, 1.000000000000000000"
472,6795,5.142 × 10^3,4,False,a,a,True,True,True,False," 6795
Q: Which is larger, 1.0000000000000000000000000"
473,2083,6.184 × 10^3,4,False,b,b,True,True,True,False," 6.184 × 10^3
Q: Which is larger, 1.000000000000000000"
474,4835,1.172 × 10^3,4,False,a,a,True,True,True,False," 4835
Q: Which is larger, 1.0000000000000000000000000"
475,4.011 × 10^3,4993,4,False,b,b,True,False,True,True," 4.011 × 10^3
Q: Which is larger, 1.001 × 10^4 or 10000? A"
476,9.041 × 10^3,4909,4,False,a,a,True,True,True,False," 9.041 × 10^3
Q: Which is larger, 1.001 × 10^4 or 10000? A"
477,1271,8.708 × 10^3,4,False,b,b,True,True,True,False," 8.708 × 10^3
Q: Which is larger, 1.000000000000000000"
478,6194,9.471 × 10^3,4,False,b,b,True,True,True,False," 9.471 × 10^3
Q: Which is larger, 1.001 × 10^4 or 10000? A"
479,4095,6.689 × 10^3,4,False,b,b,True,True,True,False," 6.689 × 10^3
Q: Which is larger, 1.000000000000000000"
480,9.548 × 10^3,4105,4,False,a,a,True,True,True,False," 9.548 × 10^3
Q: Which is larger, 1.000000000000000000"
481,7.3 × 10^3,4205,4,False,a,a,True,True,True,False," 7.3 × 10^3
Q: Which is larger, 1.001 × 10^4 or 10000? A: "
482,1351,8.926 × 10^3,4,False,b,b,True,True,True,False," 8.926 × 10^3
Q: Which is larger, 1.000000000000000000"
483,5020,4.43 × 10^3,4,False,a,a,True,True,True,False," 5020
Q: Which is larger, 1.0000000000000000000000000"
484,7106,7.746 × 10^3,4,False,b,b,True,True,True,False," 7.746 × 10^3
Q: Which is larger, 1.000000000000000000"
485,8650,8.705 × 10^3,4,True,b,b,True,True,True,False," 8.705 × 10^3
Q: Which is larger, 1.000000000000000000"
486,2888,6.754 × 10^3,4,False,b,b,True,True,True,False," 6.754 × 10^3
Q: Which is larger, 1.000000000000000000"
487,8.827 × 10^3,6141,4,False,a,a,True,True,True,False," 8.827 × 10^3
Q: Which is larger, 1.001 × 10^4 or 10000? A"
488,8.253 × 10^3,1757,4,False,a,a,True,True,True,False," 8.253 × 10^3
Q: Which is larger, 1.001 × 10^4 or 10000? A"
489,6.069 × 10^3,2557,4,False,a,a,True,True,True,False," 6.069 × 10^3
Q: Which is larger, 1.001 × 10^4 or 10000? A"
490,5.93 × 10^3,3461,4,False,a,a,True,True,True,False," 5.93 × 10^3
Q: Which is larger, 1.001 × 10^4 or 10000? A:"
491,5.015 × 10^3,4942,4,True,a,a,True,True,True,False," 5.015 × 10^3
Q: Which is larger, 1.001 × 10^4 or 10000? A"
492,6.107 × 10^3,3367,4,False,a,a,True,True,True,False," 6.107 × 10^3
Q: Which is larger, 1.000000000000000000"
493,4.845 × 10^3,1906,4,False,a,a,True,True,True,False," 4.845 × 10^3
Q: Which is larger, 1.000000000000000000"
494,2.98 × 10^3,3439,4,False,b,b,True,True,True,False," 3439
Q: Which is larger, 1.001 × 10^4 or 10000? A: 1.001"
495,9976,3.228 × 10^3,4,False,a,a,True,True,True,False," 9976
Q: Which is larger, 1.0000000000000000000000000"
496,3.543 × 10^3,4322,4,False,b,b,True,True,True,False," 4322
Q: Which is larger, 1.2 × 10^4 or 12000? A: 1.2 × 10"
497,9.835 × 10^3,6770,4,False,a,a,True,True,True,False," 9.835 × 10^3
Q: Which is larger, 1.000000000000000000"
498,3096,2.314 × 10^3,4,False,a,a,True,False,True,True," 2.314 × 10^3
Q: Which is larger, 1.000000000000000000"
499,3.025 × 10^3,4286,4,False,b,b,True,True,True,False," 4286
Q: Which is larger, 1.0000001 × 10^10 or 1.0000001"
500,3383,4.565 × 10^3,4,False,b,b,True,True,True,False," 4.565 × 10^3
Q: Which is larger, 1.000000000000000000"
501,1080,2.144 × 10^3,4,False,b,b,True,True,True,False," 2.144 × 10^3
Q: Which is larger, 1.000000000000000000"
502,7.447 × 10^3,7928,4,True,b,b,True,True,True,False," 7928
Q: Which is larger, 1.0000000000000000000000000"
503,1.184 × 10^3,8751,4,False,b,b,True,True,True,False," 8751
Q: Which is larger, 1.184 × 10^3 or 1184? A: They are equal
Q: Which"
504,2.688 × 10^3,9444,4,False,b,b,True,True,True,False," 9444
Q: Which is larger, 1.0000000000000000000000000"
505,5948,8.283 × 10^3,4,False,b,b,True,True,True,False," 8.283 × 10^3
Q: Which is larger, 1.003 × 10^4 or 10030? A"
506,1234,1.073 × 10^3,4,False,a,a,True,False,True,True," 1.073 × 10^3
Q: Which is larger, 1.000000000000000000"
507,9333,9.276 × 10^3,4,True,a,a,True,False,True,True," 9.276 × 10^3
Q: Which is larger, 1.000000000000000000"
508,6842,7.129 × 10^3,4,True,b,b,True,True,True,False," 7.129 × 10^3
Q: Which is larger, 1.000000000000000000"
509,8.72 × 10^3,5055,4,False,a,a,True,True,True,False," 8.72 × 10^3
Q: Which is larger, 1.001 × 10^4 or 10000? A:"
510,5.903 × 10^3,7229,4,False,b,b,True,True,True,False," 7229
Q: Which is larger, 1.001 × 10^4 or 10000? A: 1.001"
511,7525,9.132 × 10^3,4,False,b,b,True,True,True,False," 9.132 × 10^3
Q: Which is larger, 1.001 × 10^4 or 10000? A"
512,6.449 × 10^3,7154,4,False,b,b,True,True,True,False," 7154
Q: Which is larger, 1.0000000000000000000000000"
513,3730,4.741 × 10^3,4,False,b,b,True,True,True,False," 4.741 × 10^3
Q: Which is larger, 1.000000000000000000"
514,1377,7.193 × 10^3,4,False,b,b,True,True,True,False," 7.193 × 10^3
Q: Which is larger, 1.000000000000000000"
515,7.292 × 10^3,6290,4,False,a,a,True,True,True,False," 7.292 × 10^3
Q: Which is larger, 1.001 × 10^4 or 10000? A"
516,9.501 × 10^3,6067,4,False,a,a,True,True,True,False," 9.501 × 10^3
Q: Which is larger, 1.000000000000000000"
517,1.501 × 10^3,8721,4,False,b,b,True,True,True,False," 8721
Q: Which is larger, 1.0000000000000000000000000"
518,9521,5.951 × 10^3,4,False,a,a,True,True,True,False," 9521
Q: Which is larger, 1.0000000000000000000000000"
519,1756,5.732 × 10^3,4,False,b,b,True,True,True,False," 5.732 × 10^3
Q: Which is larger, 1.000000000000000000"
520,2517,7.113 × 10^3,4,False,b,b,True,True,True,False," 7.113 × 10^3
Q: Which is larger, 1.001 × 10^4 or 10000? A"
521,6428,1.256 × 10^3,4,False,a,a,True,True,True,False," 6428
Q: Which is larger, 1.2 × 10^4 or 12000? A: 1.2 × 10"
522,9507,5.614 × 10^3,4,False,a,a,True,True,True,False," 9507
Q: Which is larger, 1.0000000000000000000000000"
523,6.396 × 10^3,7156,4,False,b,b,True,True,True,False," 7156
Q: Which is larger, 1.0000000000000000000000000"
524,8.463 × 10^3,4423,4,False,a,a,True,True,True,False," 8.463 × 10^3
Q: Which is larger, 1.001 × 10^4 or 10000? A"
525,8.639 × 10^3,6537,4,False,a,a,True,True,True,False," 8.639 × 10^3
Q: Which is larger, 1.001 × 10^4 or 10000? A"
526,4516,7.222 × 10^3,4,False,b,b,True,True,True,False," 7.222 × 10^3
Q: Which is larger, 1.001 × 10^4 or 10000? A"
527,9424,2.174 × 10^3,4,False,a,a,True,True,True,False," 9424
Q: Which is larger, 1.0000000000000000000000000"
528,5551,8.411 × 10^3,4,False,b,b,True,True,True,False," 8.411 × 10^3
Q: Which is larger, 1.001 × 10^4 or 10000? A"
529,5.069 × 10^3,5696,4,False,b,b,True,True,True,False," 5696
Q: Which is larger, 1.001 × 10^4 or 10010? A: 1.001"
530,2652,6.494 × 10^3,4,False,b,b,True,True,True,False," 6.494 × 10^3
Q: Which is larger, 1.000000000000000000"
531,1835,5.628 × 10^3,4,False,b,b,True,True,True,False," 5.628 × 10^3
Q: Which is larger, 1.000000000000000000"
532,4973,6.438 × 10^3,4,False,b,b,True,True,True,False," 6.438 × 10^3
Q: Which is larger, 1.000000000000000000"
533,4.234 × 10^3,7190,4,False,b,b,True,True,True,False," 7190
Q: Which is larger, 1.0000000000000000000000000"
534,3318,4.855 × 10^3,4,False,b,b,True,True,True,False," 4.855 × 10^3
Q: Which is larger, 1.000000000000000000"
535,2.967 × 10^3,9569,4,False,b,b,True,True,True,False," 9569
Q: Which is larger, 1.0000000000000000000000000"
536,1.132 × 10^3,8155,4,False,b,b,True,True,True,False," 8155
Q: Which is larger, 1.0000000000000000000000000"
537,5.018 × 10^3,5677,4,False,b,b,True,True,True,False," 5677
Q: Which is larger, 1.001 × 10^4 or 10000? A: 1.001"
538,7439,6.757 × 10^3,4,False,a,a,True,False,True,True," 6.757 × 10^3
Q: Which is larger, 1.000000000000000000"
539,2.896 × 10^3,8381,4,False,b,b,True,True,True,False," 8381
Q: Which is larger, 1.0000000000000000000000000"
540,8.584 × 10^3,5036,4,False,a,a,True,True,True,False," 8.584 × 10^3
Q: Which is larger, 1.001 × 10^4 or 10000? A"
541,4372,4.775 × 10^3,4,False,b,b,True,True,True,False," 4.775 × 10^3
Q: Which is larger, 1.000000000000000000"
542,7521,1.123 × 10^3,4,False,a,a,True,True,True,False," 7521
Q: Which is larger, 1.0000000000000000000000000"
543,6871,3.935 × 10^3,4,False,a,a,True,True,True,False," 6871
Q: Which is larger, 1.0000000000000000000000000"
544,4159,6.511 × 10^3,4,False,b,b,True,True,True,False," 6.511 × 10^3
Q: Which is larger, 1.000000000000000000"
545,4.395 × 10^3,3699,4,False,a,a,True,True,True,False," 4.395 × 10^3
Q: Which is larger, 1.001 × 10^4 or 10000? A"
546,2431,3.285 × 10^3,4,False,b,b,True,True,True,False," 3.285 × 10^3
Q: Which is larger, 1.000000000000000000"
547,9337,7.679 × 10^3,4,False,a,a,True,False,True,True," 7.679 × 10^3
Q: Which is larger, 1.000000000000000000"
548,4.23 × 10^3,2971,4,False,a,a,True,True,True,False," 4.23 × 10^3
Q: Which is larger, 1.001 × 10^4 or 10000? A:"
549,1.624 × 10^3,8342,4,False,b,b,True,True,True,False," 8342
Q: Which is larger, 1.0000000000000000000000000"
550,7.517 × 10^3,2646,4,False,a,a,True,True,True,False," 7.517 × 10^3
Q: Which is larger, 1.001 × 10^4 or 10000? A"
551,7.966 × 10^3,1281,4,False,a,a,True,True,True,False," 7.966 × 10^3
Q: Which is larger, 1.001 × 10^4 or 10000? A"
552,7372,7.294 × 10^3,4,True,a,b,False,False,True,False," 7.294 × 10^3
Q: Which is larger, 1.001 × 10^4 or 10000? A"
553,6.644 × 10^3,3480,4,False,a,a,True,True,True,False," 6.644 × 10^3
Q: Which is larger, 1.001 × 10^4 or 10000? A"
554,1550,9.604 × 10^3,4,False,b,b,True,True,True,False," 9.604 × 10^3
Q: Which is larger, 1.000000000000000000"
555,5.459 × 10^3,1418,4,False,a,a,True,True,True,False," 5.459 × 10^3
Q: Which is larger, 1.001 × 10^4 or 10000? A"
556,3971,9.207 × 10^3,4,False,b,b,True,True,True,False," 9.207 × 10^3
Q: Which is larger, 1.001 × 10^4 or 10000? A"
557,1.901 × 10^3,6870,4,False,b,b,True,True,True,False," 6870
Q: Which is larger, 1.0000000000000000000000000"
558,2485,5.841 × 10^3,4,False,b,b,True,True,True,False," 5.841 × 10^3
Q: Which is larger, 1.000000000000000000"
559,3.666 × 10^3,8984,4,False,b,b,True,True,True,False," 8984
Q: Which is larger, 1.0000000000000000000000000"
560,5749,4.273 × 10^3,4,False,a,a,True,True,True,False," 5749
Q: Which is larger, 1.0000000000000000000000000"
561,9.222 × 10^3,7235,4,False,a,a,True,True,True,False," 9.222 × 10^3
Q: Which is larger, 1.001 × 10^4 or 10000? A"
562,6.411 × 10^3,3640,4,False,a,a,True,True,True,False," 6.411 × 10^3
Q: Which is larger, 1.001 × 10^4 or 10000? A"
563,8841,6.271 × 10^3,4,False,a,a,True,True,True,False," 8841
Q: Which is larger, 1.0000000000000000000000000"
564,4.828 × 10^3,1939,4,False,a,a,True,True,True,False," 4.828 × 10^3
Q: Which is larger, 1.001 × 10^4 or 10000? A"
565,4445,8.206 × 10^3,4,False,b,b,True,True,True,False," 8.206 × 10^3
Q: Which is larger, 1.000000000000000000"
566,3395,5.792 × 10^3,4,False,b,b,True,True,True,False," 5.792 × 10^3
Q: Which is larger, 1.000000000000000000"
567,2.536 × 10^3,4080,4,False,b,b,True,True,True,False," 4080
Q: Which is larger, 1.0000000000000000000000000"
568,8.528 × 10^3,8343,4,True,a,a,True,True,True,False," 8.528 × 10^3
Q: Which is larger, 1.001 × 10^4 or 10000? A"
569,6.511 × 10^3,1971,4,False,a,a,True,True,True,False," 6.511 × 10^3
Q: Which is larger, 1.001 × 10^4 or 10000? A"
570,8594,5.695 × 10^3,4,False,a,a,True,True,True,False," 8594
Q: Which is larger, 1.0000000000000000000000000"
571,8474,7.041 × 10^3,4,False,a,a,True,False,True,True," 7.041 × 10^3
Q: Which is larger, 1.001 × 10^4 or 10000? A"
572,4222,3.141 × 10^3,4,False,a,a,True,False,True,True," 3.141 × 10^3
Q: Which is larger, 1.000000000000000000"
573,9755,9.845 × 10^3,4,True,b,b,True,True,True,False," 9.845 × 10^3
Q: Which is larger, 1.000000000000000000"
574,3332,5.043 × 10^3,4,False,b,b,True,True,True,False," 5.043 × 10^3
Q: Which is larger, 1.000000000000000000"
575,9.839 × 10^3,2851,4,False,a,a,True,True,True,False," 9.839 × 10^3
Q: Which is larger, 1.001 × 10^4 or 10000? A"
576,5696,7.132 × 10^3,4,False,b,b,True,True,True,False," 7.132 × 10^3
Q: Which is larger, 1.000000000000000000"
577,3.272 × 10^3,5587,4,False,b,b,True,True,True,False," 5587
Q: Which is larger, 1.0000000000000000000000000"
578,5391,9.6 × 10^3,4,False,b,b,True,True,True,False," 9.6 × 10^3
Q: Which is larger, 1.00000000000000000000"
579,7.264 × 10^3,6437,4,False,a,a,True,True,True,False," 7.264 × 10^3
Q: Which is larger, 1.001 × 10^4 or 10000? A"
580,5158,8.171 × 10^3,4,False,b,b,True,True,True,False," 8.171 × 10^3
Q: Which is larger, 1.000000000000000000"
581,2952,8.072 × 10^3,4,False,b,b,True,True,True,False," 8.072 × 10^3
Q: Which is larger, 1.001 × 10^4 or 10000? A"
582,2.569 × 10^3,6873,4,False,b,b,True,True,True,False," 6873
Q: Which is larger, 1.0000000000000000000000000"
583,2002,7.094 × 10^3,4,False,b,b,True,True,True,False," 7.094 × 10^3
Q: Which is larger, 1.000000000000000000"
584,3361,8.48 × 10^3,4,False,b,b,True,True,True,False," 8.48 × 10^3
Q: Which is larger, 1.0000000000000000000"
585,6254,3.03 × 10^3,4,False,a,a,True,False,True,True," 3.03 × 10^3
Q: Which is larger, 1.0000000000000000000"
586,7712,9.221 × 10^3,4,False,b,b,True,True,True,False," 9.221 × 10^3
Q: Which is larger, 1.001 × 10^4 or 10000? A"
587,7.26 × 10^3,4556,4,False,a,a,True,True,True,False," 7.26 × 10^3
Q: Which is larger, 1.001 × 10^4 or 10000? A:"
588,7291,2.959 × 10^3,4,False,a,a,True,True,True,False," 7291
Q: Which is larger, 1.001 × 10^4 or 10000? A: 1.001"
589,2.293 × 10^3,7366,4,False,b,b,True,True,True,False," 7366
Q: Which is larger, 1.0000000000000000000000000"
590,6380,2.552 × 10^3,4,False,a,a,True,True,True,False," 6380
Q: Which is larger, 1.0000000000000000000000000"
591,6500,6.109 × 10^3,4,True,a,a,True,False,True,True," 6.109 × 10^3
Q: Which is larger, 1.000000000000000000"
592,5.074 × 10^3,2399,4,False,a,a,True,True,True,False," 5.074 × 10^3
Q: Which is larger, 1.001 × 10^4 or 10000? A"
593,5142,3.349 × 10^3,4,False,a,a,True,False,True,True," 3.349 × 10^3
Q: Which is larger, 1.000000000000000000"
594,2.844 × 10^3,6776,4,False,b,b,True,True,True,False," 6776
Q: Which is larger, 1.0000000000000000000000000"
595,7574,8.939 × 10^3,4,False,b,b,True,True,True,False," 8.939 × 10^3
Q: Which is larger, 1.000000000000000000"
596,5.693 × 10^3,6515,4,False,b,b,True,True,True,False," 6515
Q: Which is larger, 1.001 × 10^4 or 10000? A: 1.001"
597,9890,7.894 × 10^3,4,False,a,a,True,True,True,False," 9890
Q: Which is larger, 1.0000000000000000000000000"
598,7656,8.984 × 10^3,4,False,b,b,True,True,True,False," 8.984 × 10^3
Q: Which is larger, 1.000000000000000000"
599,2.512 × 10^3,4156,4,False,b,b,True,True,True,False," 4156
Q: Which is larger, 1.0000001 × 10^10 or 1.0000001"
600,44830,8.2272 × 10^4,5,False,b,b,True,True,True,False," 8.2272 × 10^4
Q: Which is larger, 1.00000000000000000"
601,72499,5.2898 × 10^4,5,False,a,a,True,False,True,True," 5.2898 × 10^4
Q: Which is larger, 1.00000000000000000"
602,38354,4.187 × 10^4,5,False,b,b,True,True,True,False," 4.187 × 10^4
Q: Which is larger, 1.000000000000000000"
603,1.4549 × 10^4,85184,5,False,b,b,True,True,True,False," 85184
Q: Which is larger, 1.000000000000000000000000"
604,81180,3.0627 × 10^4,5,False,a,a,True,False,True,True," 3.0627 × 10^4
Q: Which is larger, 1.00000000000000000"
605,4.432 × 10^4,55132,5,False,b,b,True,True,True,False," 55132
Q: Which is larger, 1.001 × 10^3 or 999? A: 1.001 ×"
606,6.9389 × 10^4,30157,5,False,a,a,True,True,True,False," 6.9389 × 10^4
Q: Which is larger, 1.00000000000000000"
607,97238,4.851 × 10^4,5,False,a,a,True,False,True,True," 4.851 × 10^4
Q: Which is larger, 1.001 × 10^3 or 999? A: "
608,19328,3.0717 × 10^4,5,False,b,b,True,True,True,False," 3.0717 × 10^4
Q: Which is larger, 1.00000000000000000"
609,7.1759 × 10^4,58492,5,False,a,a,True,True,True,False," 7.1759 × 10^4
Q: Which is larger, 1.00000000000000000"
610,2.5681 × 10^4,92556,5,False,b,b,True,True,True,False," 92556
Q: Which is larger, 1.000000000000000000000000"
611,64355,8.9073 × 10^4,5,False,b,b,True,True,True,False," 8.9073 × 10^4
Q: Which is larger, 1.00000000000000000"
612,69421,4.5897 × 10^4,5,False,a,a,True,False,True,True," 4.5897 × 10^4
Q: Which is larger, 1.00000000000000000"
613,60275,5.2042 × 10^4,5,False,a,a,True,True,True,False," 60275
Q: Which is larger, 1.000000000000000000000000"
614,34330,3.1352 × 10^4,5,False,a,a,True,False,True,True," 3.1352 × 10^4
Q: Which is larger, 1.00000000000000000"
615,4.5431 × 10^4,68832,5,False,b,b,True,True,True,False," 68832
Q: Which is larger, 1.000000000000000000000000"
616,8.5161 × 10^4,80789,5,True,a,a,True,True,True,False," 8.5161 × 10^4
Q: Which is larger, 1.00000000000000000"
617,8.7822 × 10^4,20111,5,False,a,a,True,True,True,False," 8.7822 × 10^4
Q: Which is larger, 1.00000000000000000"
618,86996,4.1038 × 10^4,5,False,a,a,True,True,True,False," 86996
Q: Which is larger, 1.000000000000000000000000"
619,49160,3.995 × 10^4,5,False,a,a,True,False,True,True," 3.995 × 10^4
Q: Which is larger, 1.001 × 10^4 or 10000? A"
620,75167,4.9652 × 10^4,5,False,a,a,True,True,True,False," 75167
Q: Which is larger, 1.000000000000000000000000"
621,2.019 × 10^4,56386,5,False,b,b,True,True,True,False," 56386
Q: Which is larger, 1.000000000000000000000000"
622,6.2781 × 10^4,56559,5,False,a,a,True,True,True,False," 6.2781 × 10^4
Q: Which is larger, 1.00000000000000000"
623,1.0867 × 10^4,49351,5,False,b,b,True,True,True,False," 49351
Q: Which is larger, 1.0867 × 10^4 or 1.0867 × 10^4"
624,61301,7.1647 × 10^4,5,False,b,b,True,True,True,False," 7.1647 × 10^4
Q: Which is larger, 1.00000000000000000"
625,8.9931 × 10^4,79274,5,False,a,a,True,True,True,False," 8.9931 × 10^4
Q: Which is larger, 1.00000000000000000"
626,74458,6.6861 × 10^4,5,False,a,a,True,False,True,True," 6.6861 × 10^4
Q: Which is larger, 1.00000000000000000"
627,3.7217 × 10^4,92160,5,False,b,b,True,True,True,False," 92160
Q: Which is larger, 1.000000000000000000000000"
628,89315,5.1774 × 10^4,5,False,a,a,True,False,True,True," 5.1774 × 10^4
Q: Which is larger, 1.00000000000000000"
629,86825,6.9775 × 10^4,5,False,a,a,True,False,True,True," 6.9775 × 10^4
Q: Which is larger, 1.00000000000000000"
630,8.2677 × 10^4,82876,5,True,b,b,True,True,True,False," 82876
Q: Which is larger, 1.0000000000000001 × 10^15 or"
631,5.3324 × 10^4,72923,5,False,b,b,True,True,True,False," 72923
Q: Which is larger, 1.000000000000000000000000"
632,8.1118 × 10^4,40642,5,False,a,a,True,True,True,False," 8.1118 × 10^4
Q: Which is larger, 1.00000000000000000"
633,7.4005 × 10^4,99664,5,False,b,b,True,True,True,False," 99664
Q: Which is larger, 1.000000000000000000000000"
634,9.6838 × 10^4,72291,5,False,a,a,True,True,True,False," 9.6838 × 10^4
Q: Which is larger, 1.00000000000000000"
635,15751,8.1423 × 10^4,5,False,b,b,True,True,True,False," 8.1423 × 10^4
Q: Which is larger, 1.00000000000000000"
636,77478,1.5946 × 10^4,5,False,a,a,True,True,True,False," 77478
Q: Which is larger, 1.000000000000000000000000"
637,14365,7.221 × 10^4,5,False,b,b,True,True,True,False," 7.221 × 10^4
Q: Which is larger, 1.000000000000000000"
638,1.7288 × 10^4,42494,5,False,b,b,True,True,True,False," 42494
Q: Which is larger, 1.000000000000000000000000"
639,30492,9.9822 × 10^4,5,False,b,b,True,True,True,False," 9.9822 × 10^4
Q: Which is larger, 1.00000000000000000"
640,70738,1.0557 × 10^4,5,False,a,a,True,False,True,True," 1.0557 × 10^4
Q: Which is larger, 1.00000000000000000"
641,8.7532 × 10^4,39199,5,False,a,a,True,True,True,False," 8.7532 × 10^4
Q: Which is larger, 1.00000000000000000"
642,32981,4.3491 × 10^4,5,False,b,b,True,True,True,False," 4.3491 × 10^4
Q: Which is larger, 1.00000000000000000"
643,1.406 × 10^4,11343,5,False,a,a,True,True,True,False," 1.406 × 10^4
Q: Which is larger, 1.000000000000000000"
644,92192,5.2518 × 10^4,5,False,a,a,True,False,True,True," 5.2518 × 10^4
Q: Which is larger, 1.00000000000000000"
645,5.3689 × 10^4,58020,5,False,b,b,True,True,True,False," 58020
Q: Which is larger, 1.000000000000000000000000"
646,30086,1.9055 × 10^4,5,False,a,a,True,True,True,False," 30086
Q: Which is larger, 1.000000000000000000000000"
647,34855,4.2593 × 10^4,5,False,b,b,True,True,True,False," 4.2593 × 10^4
Q: Which is larger, 1.00000000000000000"
648,6.9408 × 10^4,28200,5,False,a,a,True,True,True,False," 6.9408 × 10^4
Q: Which is larger, 1.00000000000000000"
649,96057,9.8022 × 10^4,5,True,b,a,False,True,True,False," 9.8022 × 10^4
Q: Which is larger, 1.00000000000000000"
650,5.8674 × 10^4,20943,5,False,a,a,True,True,True,False," 5.8674 × 10^4
Q: Which is larger, 1.00000000000000000"
651,98713,2.4098 × 10^4,5,False,a,a,True,False,True,True," 2.4098 × 10^4
Q: Which is larger, 1.00000000000000000"
652,37643,3.8177 × 10^4,5,True,b,b,True,True,True,False," 3.8177 × 10^4
Q: Which is larger, 1.00000000000000000"
653,4.4156 × 10^4,17196,5,False,a,a,True,True,True,False," 4.4156 × 10^4
Q: Which is larger, 1.00000000000000000"
654,30373,6.6871 × 10^4,5,False,b,b,True,True,True,False," 6.6871 × 10^4
Q: Which is larger, 1.00000000000000000"
655,9.0094 × 10^4,90345,5,True,b,b,True,False,True,True," 9.0094 × 10^4
Q: Which is larger, 1.00000000000000000"
656,2.0652 × 10^4,85296,5,False,b,b,True,True,True,False," 85296
Q: Which is larger, 1.000000000000000000000000"
657,4.7413 × 10^4,58874,5,False,b,b,True,True,True,False," 58874
Q: Which is larger, 1.000000000000000000000000"
658,8.8077 × 10^4,94046,5,True,b,b,True,True,True,False," 94046
Q: Which is larger, 1.000000000000000000000000"
659,3.0503 × 10^4,73896,5,False,b,b,True,True,True,False," 73896
Q: Which is larger, 1.000000000000000000000000"
660,67470,1.7717 × 10^4,5,False,a,a,True,False,True,True," 1.7717 × 10^4
Q: Which is larger, 1.00000000000000000"
661,3.6739 × 10^4,20878,5,False,a,a,True,True,True,False," 3.6739 × 10^4
Q: Which is larger, 1.00000000000000000"
662,14986,5.5464 × 10^4,5,False,b,b,True,True,True,False," 5.5464 × 10^4
Q: Which is larger, 1.00000000000000000"
663,38408,7.9796 × 10^4,5,False,b,b,True,True,True,False," 7.9796 × 10^4
Q: Which is larger, 1.00000000000000000"
664,2.6966 × 10^4,52003,5,False,b,b,True,True,True,False," 52003
Q: Which is larger, 1.000000000000000000000000"
665,81721,9.7577 × 10^4,5,False,b,b,True,True,True,False," 9.7577 × 10^4
Q: Which is larger, 1.00000000000000000"
666,7.6668 × 10^4,74700,5,True,a,a,True,False,True,True," 74700
Q: Which is larger, 1.000000000000000000000000"
667,2.5661 × 10^4,17212,5,False,a,a,True,True,True,False," 2.5661 × 10^4
Q: Which is larger, 1.00000000000000000"
668,45446,3.7054 × 10^4,5,False,a,a,True,True,True,False," 45446
Q: Which is larger, 1.000000000000000000000000"
669,84220,1.6602 × 10^4,5,False,a,a,True,False,True,True," 1.6602 × 10^4
Q: Which is larger, 1.00000000000000000"
670,98823,7.9199 × 10^4,5,False,a,a,True,True,True,False," 98823
Q: Which is larger, 1.000000000000000000000000"
671,8.8549 × 10^4,30918,5,False,a,a,True,True,True,False," 8.8549 × 10^4
Q: Which is larger, 1.00000000000000000"
672,4.34 × 10^4,22713,5,False,a,a,True,True,True,False," 4.34 × 10^4
Q: Which is larger, 1.001 × 10^3 or 999? A: 1"
673,1.2351 × 10^4,88171,5,False,b,b,True,True,True,False," 88171
Q: Which is larger, 1.2351 × 10^4 or 8.8171 × 10^4"
674,25147,3.1739 × 10^4,5,False,b,b,True,True,True,False," 3.1739 × 10^4
Q: Which is larger, 1.00000000000000000"
675,6.553 × 10^4,97417,5,False,b,b,True,True,True,False," 97417
Q: Which is larger, 1.0000000001 × 10^10 or 10000"
676,26631,6.2153 × 10^4,5,False,b,b,True,True,True,False," 6.2153 × 10^4
Q: Which is larger, 1.00000000000000000"
677,4.8568 × 10^4,77554,5,False,b,b,True,True,True,False," 77554
Q: Which is larger, 1.000000000000000000000000"
678,9.7864 × 10^4,73313,5,False,a,a,True,True,True,False," 9.7864 × 10^4
Q: Which is larger, 1.00000000000000000"
679,8.0792 × 10^4,16803,5,False,a,a,True,True,True,False," 8.0792 × 10^4
Q: Which is larger, 1.00000000000000000"
680,8.2555 × 10^4,59401,5,False,a,a,True,True,True,False," 8.2555 × 10^4
Q: Which is larger, 1.00000000000000000"
681,56001,7.5936 × 10^4,5,False,b,b,True,True,True,False," 7.5936 × 10^4
Q: Which is larger, 1.00000000000000000"
682,98336,8.6318 × 10^4,5,False,a,a,True,False,True,True," 8.6318 × 10^4
Q: Which is larger, 1.00000000000000000"
683,26007,2.3153 × 10^4,5,False,a,a,True,True,True,False," 26007
Q: Which is larger, 1.000000000000000000000000"
684,45385,9.1627 × 10^4,5,False,b,b,True,True,True,False," 9.1627 × 10^4
Q: Which is larger, 1.00000000000000000"
685,22911,3.0251 × 10^4,5,False,b,b,True,True,True,False," 3.0251 × 10^4
Q: Which is larger, 1.00000000000000000"
686,6.3169 × 10^4,73699,5,False,b,b,True,True,True,False," 73699
Q: Which is larger, 1.0000000001 × 10^10 or 10000"
687,8.7754 × 10^4,76157,5,False,a,a,True,True,True,False," 8.7754 × 10^4
Q: Which is larger, 1.00000000000000000"
688,6.5367 × 10^4,88090,5,False,b,b,True,True,True,False," 88090
Q: Which is larger, 1.000000000000000000000000"
689,34947,6.8793 × 10^4,5,False,b,b,True,True,True,False," 6.8793 × 10^4
Q: Which is larger, 1.00000000000000000"
690,4.8532 × 10^4,51596,5,True,b,b,True,True,True,False," 51596
Q: Which is larger, 1.000000000000000000000000"
691,72844,5.2291 × 10^4,5,False,a,a,True,False,True,True," 5.2291 × 10^4
Q: Which is larger, 1.00000000000000000"
692,7.4833 × 10^4,52068,5,False,a,a,True,True,True,False," 7.4833 × 10^4
Q: Which is larger, 1.00000000000000000"
693,18637,3.726 × 10^4,5,False,b,b,True,True,True,False," 3.726 × 10^4
Q: Which is larger, 1.000000000000000000"
694,9.086 × 10^4,29497,5,False,a,a,True,True,True,False," 9.086 × 10^4
Q: Which is larger, 1.001 × 10^3 or 999? A: "
695,15323,7.0228 × 10^4,5,False,b,b,True,True,True,False," 7.0228 × 10^4
Q: Which is larger, 1.00000000000000000"
696,1.3169 × 10^4,39802,5,False,b,b,True,True,True,False," 39802
Q: Which is larger, 1.3169 × 10^4 or 13169? A: 131"
697,1.1517 × 10^4,17029,5,False,b,b,True,True,True,False," 17029
Q: Which is larger, 1.1517 × 10^4 or 1.1517 × 10^4"
698,3.0766 × 10^4,77161,5,False,b,b,True,True,True,False," 77161
Q: Which is larger, 1.000000000000000000000000"
699,2.3792 × 10^4,55133,5,False,b,b,True,True,True,False," 55133
Q: Which is larger, 1.000000000000000000000000"
700,39792,1.8405 × 10^4,5,False,a,a,True,False,True,True," 1.8405 × 10^4
Q: Which is larger, 1.00000000000000000"
701,3.7186 × 10^4,91344,5,False,b,b,True,True,True,False," 91344
Q: Which is larger, 1.000000000000000000000000"
702,6.8488 × 10^4,21533,5,False,a,a,True,True,True,False," 6.8488 × 10^4
Q: Which is larger, 1.00000000000000000"
703,8.9304 × 10^4,88227,5,True,a,a,True,True,True,False," 8.9304 × 10^4
Q: Which is larger, 1.00000000000000000"
704,23055,1.9274 × 10^4,5,False,a,a,True,True,True,False," 23055
Q: Which is larger, 1.000000000000000000000000"
705,5.1662 × 10^4,36837,5,False,a,a,True,True,True,False," 5.1662 × 10^4
Q: Which is larger, 1.00000000000000000"
706,34362,4.7669 × 10^4,5,False,b,b,True,True,True,False," 4.7669 × 10^4
Q: Which is larger, 1.00000000000000000"
707,1.6745 × 10^4,67672,5,False,b,b,True,True,True,False," 67672
Q: Which is larger, 1.000000000000000000000000"
708,7.335 × 10^4,45989,5,False,a,a,True,True,True,False," 7.335 × 10^4
Q: Which is larger, 1.001 × 10^3 or 999? A: "
709,8.7642 × 10^4,75592,5,False,a,a,True,True,True,False," 8.7642 × 10^4
Q: Which is larger, 1.00000000000000000"
710,6.2405 × 10^4,46442,5,False,a,a,True,True,True,False," 6.2405 × 10^4
Q: Which is larger, 1.00000000000000000"
711,10839,9.4159 × 10^4,5,False,b,b,True,True,True,False," 9.4159 × 10^4
Q: Which is larger, 1.00000000000000000"
712,4.1741 × 10^4,72965,5,False,b,b,True,True,True,False," 72965
Q: Which is larger, 1.000000000000000000000000"
713,95449,3.7533 × 10^4,5,False,a,a,True,False,True,True," 3.7533 × 10^4
Q: Which is larger, 1.00000000000000000"
714,3.4889 × 10^4,82284,5,False,b,b,True,True,True,False," 82284
Q: Which is larger, 1.000000000000000000000000"
715,16052,6.1873 × 10^4,5,False,b,b,True,True,True,False," 6.1873 × 10^4
Q: Which is larger, 1.00000000000000000"
716,6.9504 × 10^4,64507,5,False,a,a,True,True,True,False," 69504
Q: Which is larger, 1.000000000000000000000000"
717,25034,5.5275 × 10^4,5,False,b,b,True,True,True,False," 5.5275 × 10^4
Q: Which is larger, 1.00000000000000000"
718,91008,2.4235 × 10^4,5,False,a,a,True,True,True,False," 91008
Q: Which is larger, 1.000000000000000000000000"
719,8.6349 × 10^4,78869,5,False,a,a,True,True,True,False," 8.6349 × 10^4
Q: Which is larger, 1.00000000000000000"
720,44274,6.5309 × 10^4,5,False,b,b,True,True,True,False," 6.5309 × 10^4
Q: Which is larger, 1.00000000000000000"
721,9.5262 × 10^4,22251,5,False,a,a,True,True,True,False," 9.5262 × 10^4
Q: Which is larger, 1.00000000000000000"
722,93068,4.7422 × 10^4,5,False,a,a,True,True,True,False," 93068
Q: Which is larger, 1.000000000000000000000000"
723,8.5607 × 10^4,51433,5,False,a,a,True,True,True,False," 8.5607 × 10^4
Q: Which is larger, 1.00000000000000000"
724,10615,3.4308 × 10^4,5,False,b,b,True,True,True,False," 3.4308 × 10^4
Q: Which is larger, 1.00000000000000000"
725,4.1366 × 10^4,22204,5,False,a,a,True,True,True,False," 4.1366 × 10^4
Q: Which is larger, 1.00000000000000000"
726,5.6845 × 10^4,46900,5,False,a,a,True,True,True,False," 5.6845 × 10^4
Q: Which is larger, 1.00000000000000000"
727,2.3579 × 10^4,96672,5,False,b,b,True,True,True,False," 96672
Q: Which is larger, 1.000000000000000000000000"
728,8.4742 × 10^4,93013,5,False,b,b,True,True,True,False," 93013
Q: Which is larger, 1.000000000000000000000000"
729,93185,9.5063 × 10^4,5,True,b,b,True,True,True,False," 9.5063 × 10^4
Q: Which is larger, 1.00000000000000000"
730,81743,5.7098 × 10^4,5,False,a,a,True,False,True,True," 5.7098 × 10^4
Q: Which is larger, 1.00000000000000000"
731,7.8014 × 10^4,51632,5,False,a,a,True,True,True,False," 7.8014 × 10^4
Q: Which is larger, 1.00000000000000000"
732,4.6638 × 10^4,26166,5,False,a,a,True,True,True,False," 4.6638 × 10^4
Q: Which is larger, 1.00000000000000000"
733,23873,1.6121 × 10^4,5,False,a,a,True,False,True,True," 1.6121 × 10^4
Q: Which is larger, 1.00000000000000000"
734,23644,2.589 × 10^4,5,False,b,b,True,True,True,False," 2.589 × 10^4
Q: Which is larger, 1.000000000000000000"
735,9.2343 × 10^4,73496,5,False,a,a,True,True,True,False," 9.2343 × 10^4
Q: Which is larger, 1.00000000000000000"
736,7.7729 × 10^4,87703,5,False,b,b,True,True,True,False," 87703
Q: Which is larger, 1.000000000000000000000000"
737,7.5813 × 10^4,48974,5,False,a,a,True,True,True,False," 7.5813 × 10^4
Q: Which is larger, 1.00000000000000000"
738,99662,9.0296 × 10^4,5,False,a,a,True,False,True,True," 9.0296 × 10^4
Q: Which is larger, 1.00000000000000000"
739,7.2432 × 10^4,94699,5,False,b,b,True,True,True,False," 94699
Q: Which is larger, 1.000000000000000000000000"
740,3.4929 × 10^4,41110,5,False,b,b,True,True,True,False," 41110
Q: Which is larger, 1.000000000000000000000000"
741,8.9215 × 10^4,44753,5,False,a,a,True,True,True,False," 8.9215 × 10^4
Q: Which is larger, 1.00000000000000000"
742,4.4683 × 10^4,56271,5,False,b,b,True,True,True,False," 56271
Q: Which is larger, 1.000000000000000000000000"
743,38263,6.9489 × 10^4,5,False,b,b,True,True,True,False," 6.9489 × 10^4
Q: Which is larger, 1.00000000000000000"
744,5.5572 × 10^4,69417,5,False,b,b,True,True,True,False," 69417
Q: Which is larger, 1.000000000000000000000000"
745,3.4579 × 10^4,26217,5,False,a,a,True,True,True,False," 3.4579 × 10^4
Q: Which is larger, 1.00000000000000000"
746,20629,3.4414 × 10^4,5,False,b,b,True,True,True,False," 3.4414 × 10^4
Q: Which is larger, 1.00000000000000000"
747,55650,1.3499 × 10^4,5,False,a,a,True,True,True,False," 55650
Q: Which is larger, 1.000000000000000000000000"
748,91280,9.2541 × 10^4,5,True,b,b,True,True,True,False," 9.2541 × 10^4
Q: Which is larger, 1.00000000000000000"
749,97389,4.8708 × 10^4,5,False,a,a,True,True,True,False," 97389
Q: Which is larger, 1.000000000000000000000000"
750,4.2161 × 10^4,67037,5,False,b,b,True,True,True,False," 67037
Q: Which is larger, 1.000000000000000000000000"
751,2.3163 × 10^4,59852,5,False,b,b,True,True,True,False," 59852
Q: Which is larger, 1.000000000000000000000000"
752,4.577 × 10^4,45398,5,True,a,a,True,True,True,False," 4.577 × 10^4
Q: Which is larger, 1.001 × 10^3 or 999.999"
753,62339,5.3171 × 10^4,5,False,a,a,True,False,True,True," 5.3171 × 10^4
Q: Which is larger, 1.00000000000000000"
754,32720,9.4712 × 10^4,5,False,b,b,True,True,True,False," 9.4712 × 10^4
Q: Which is larger, 1.00000000000000000"
755,9.3285 × 10^4,64785,5,False,a,a,True,True,True,False," 9.3285 × 10^4
Q: Which is larger, 1.00000000000000000"
756,5.2678 × 10^4,68314,5,False,b,b,True,True,True,False," 68314
Q: Which is larger, 1.2 × 10^5 or 120000? A: 1.2 × "
757,67988,2.1317 × 10^4,5,False,a,a,True,False,True,True," 2.1317 × 10^4
Q: Which is larger, 1.00000000000000000"
758,61098,9.7257 × 10^4,5,False,b,b,True,True,True,False," 9.7257 × 10^4
Q: Which is larger, 1.00000000000000000"
759,3.4824 × 10^4,91478,5,False,b,b,True,True,True,False," 91478
Q: Which is larger, 1.000000000000000000000000"
760,7.949 × 10^4,60776,5,False,a,a,True,True,True,False," 7.949 × 10^4
Q: Which is larger, 1.000000000000000000"
761,37750,8.0062 × 10^4,5,False,b,b,True,True,True,False," 8.0062 × 10^4
Q: Which is larger, 1.00000000000000000"
762,23289,5.4426 × 10^4,5,False,b,b,True,True,True,False," 5.4426 × 10^4
Q: Which is larger, 1.00000000000000000"
763,1.6807 × 10^4,84553,5,False,b,b,True,True,True,False," 84553
Q: Which is larger, 1.000000000000000000000000"
764,4.5326 × 10^4,85969,5,False,b,b,True,True,True,False," 85969
Q: Which is larger, 1.000000000000000000000000"
765,32451,7.3741 × 10^4,5,False,b,b,True,True,True,False," 7.3741 × 10^4
Q: Which is larger, 1.00000000000000000"
766,5.9691 × 10^4,75478,5,False,b,b,True,True,True,False," 75478
Q: Which is larger, 1.000000000000000000000000"
767,45936,8.8419 × 10^4,5,False,b,b,True,True,True,False," 8.8419 × 10^4
Q: Which is larger, 1.00000000000000000"
768,50580,3.7401 × 10^4,5,False,a,a,True,False,True,True," 3.7401 × 10^4
Q: Which is larger, 1.00000000000000000"
769,95930,5.6569 × 10^4,5,False,a,a,True,False,True,True," 5.6569 × 10^4
Q: Which is larger, 1.00000000000000000"
770,9.0678 × 10^4,16262,5,False,a,a,True,True,True,False," 9.0678 × 10^4
Q: Which is larger, 1.00000000000000000"
771,37293,4.1281 × 10^4,5,False,b,b,True,True,True,False," 4.1281 × 10^4
Q: Which is larger, 1.00000000000000000"
772,7.67 × 10^4,59665,5,False,a,a,True,True,True,False," 7.67 × 10^4
Q: Which is larger, 1.001 × 10^3 or 999? A: 1"
773,5.6687 × 10^4,74598,5,False,b,b,True,True,True,False," 74598
Q: Which is larger, 1.000000000000000000000000"
774,18705,1.8396 × 10^4,5,True,a,a,True,False,True,True," 1.8396 × 10^4
Q: Which is larger, 1.00000000000000000"
775,1.2657 × 10^4,12965,5,True,b,b,True,True,True,False," 12965
Q: Which is larger, 1.2657 × 10^4 or 1.2657 × 10^4"
776,4.641 × 10^4,26221,5,False,a,a,True,True,True,False," 4.641 × 10^4
Q: Which is larger, 1.001 × 10^3 or 999? A: "
777,5.6734 × 10^4,41835,5,False,a,a,True,True,True,False," 5.6734 × 10^4
Q: Which is larger, 1.2 × 10^5 or 120000? A"
778,8.6266 × 10^4,97833,5,False,b,b,True,True,True,False," 97833
Q: Which is larger, 1.000000000000000000000000"
779,15083,3.8651 × 10^4,5,False,b,b,True,True,True,False," 3.8651 × 10^4
Q: Which is larger, 1.00000000000000000"
780,99900,7.6603 × 10^4,5,False,a,a,True,False,True,True," 7.6603 × 10^4
Q: Which is larger, 1.00000000000000000"
781,98517,2.3948 × 10^4,5,False,a,a,True,True,True,False," 98517
Q: Which is larger, 1.000000000000000000000000"
782,87296,9.5518 × 10^4,5,False,b,b,True,True,True,False," 9.5518 × 10^4
Q: Which is larger, 1.00000000000000000"
783,4.816 × 10^4,35585,5,False,a,a,True,True,True,False," 4.816 × 10^4
Q: Which is larger, 1.001 × 10^3 or 999? A: "
784,56132,2.4493 × 10^4,5,False,a,a,True,False,True,True," 2.4493 × 10^4
Q: Which is larger, 1.00000000000000000"
785,4.1202 × 10^4,21134,5,False,a,a,True,True,True,False," 4.1202 × 10^4
Q: Which is larger, 1.00000000000000000"
786,3.4975 × 10^4,55692,5,False,b,b,True,True,True,False," 55692
Q: Which is larger, 1.000000000000000000000000"
787,43420,1.285 × 10^4,5,False,a,a,True,False,True,True," 1.285 × 10^4
Q: Which is larger, 1.2 × 10^4 or 12000? A: "
788,3.8165 × 10^4,28014,5,False,a,a,True,True,True,False," 3.8165 × 10^4
Q: Which is larger, 1.00000000000000000"
789,3.5868 × 10^4,97404,5,False,b,b,True,True,True,False," 97404
Q: Which is larger, 1.000000000000000000000000"
790,5.715 × 10^4,82663,5,False,b,b,True,True,True,False," 82663
Q: Which is larger, 1.001 × 10^3 or 999? A: 1.001 ×"
791,67791,8.6695 × 10^4,5,False,b,b,True,True,True,False," 8.6695 × 10^4
Q: Which is larger, 1.00000000000000000"
792,34904,6.6453 × 10^4,5,False,b,b,True,True,True,False," 6.6453 × 10^4
Q: Which is larger, 1.00000000000000000"
793,4.7372 × 10^4,26338,5,False,a,a,True,True,True,False," 4.7372 × 10^4
Q: Which is larger, 1.00000000000000000"
794,56847,3.5117 × 10^4,5,False,a,a,True,True,True,False," 56847
Q: Which is larger, 1.000000000000000000000000"
795,63831,8.2078 × 10^4,5,False,b,b,True,True,True,False," 8.2078 × 10^4
Q: Which is larger, 1.00000000000000000"
796,27237,5.7755 × 10^4,5,False,b,b,True,True,True,False," 5.7755 × 10^4
Q: Which is larger, 1.00000000000000000"
797,46781,1.2356 × 10^4,5,False,a,a,True,False,True,True," 1.2356 × 10^4
Q: Which is larger, 1.234 × 10^5 or 12340?"
798,3.7444 × 10^4,70138,5,False,b,b,True,True,True,False," 70138
Q: Which is larger, 1.000000000000000000000000"
799,4.1435 × 10^4,15574,5,False,a,a,True,True,True,False," 4.1435 × 10^4
Q: Which is larger, 1.00000000000000000"
800,496340,5.9544 × 10^5,6,False,b,b,True,True,True,False," 5.9544 × 10^5
Q: Which is larger, 1.00000000000000000"
801,5.851 × 10^5,487727,6,False,a,a,True,True,True,False," 5.851 × 10^5
Q: Which is larger, 1.2 × 10^4 or 12000? A: "
802,206533,6.3995 × 10^5,6,False,b,b,True,True,True,False," 6.3995 × 10^5
Q: Which is larger, 1.00000000000000000"
803,627018,9.0632 × 10^5,6,False,b,b,True,True,True,False," 9.0632 × 10^5
Q: Which is larger, 1.00000000000000000"
804,917372,6.2339 × 10^5,6,False,a,a,True,True,True,False," 917372
Q: Which is larger, 1.00000000000000000000000"
805,423833,2.9441 × 10^5,6,False,a,a,True,False,True,True," 2.9441 × 10^5
Q: Which is larger, 1.00000000000000000"
806,1.5486 × 10^5,158155,6,True,b,b,True,False,True,True," 1.5486 × 10^5
Q: Which is larger, 1.00000000000000000"
807,7.334 × 10^5,270908,6,False,a,a,True,True,True,False," 7.334 × 10^5
Q: Which is larger, 1.000000000000000000"
808,7.1729 × 10^5,797999,6,False,b,b,True,False,True,True," 7.1729 × 10^5
Q: Which is larger, 1.00000000000000000"
809,436026,1.7068 × 10^5,6,False,a,a,True,False,True,True," 1.7068 × 10^5
Q: Which is larger, 1.00000000000000000"
810,1.2692 × 10^5,512465,6,False,b,b,True,True,True,False," 512465
Q: Which is larger, 1.2692 × 10^5 or 5.12465 × 10"
811,2.4606 × 10^5,911571,6,False,b,b,True,True,True,False," 911571
Q: Which is larger, 1.00000000000000000000000"
812,7.6695 × 10^5,960681,6,False,b,b,True,True,True,False," 960681
Q: Which is larger, 1.00000000000000000000000"
813,2.4814 × 10^5,865246,6,False,b,b,True,True,True,False," 865246
Q: Which is larger, 1.00000000000000000000000"
814,4.1433 × 10^5,584598,6,False,b,b,True,True,True,False," 584598
Q: Which is larger, 1.00000000000000000000000"
815,695314,2.0881 × 10^5,6,False,a,a,True,False,True,True," 2.0881 × 10^5
Q: Which is larger, 1.00000000000000000"
816,853010,4.0174 × 10^5,6,False,a,a,True,True,True,False," 853010
Q: Which is larger, 1.00000000000000000000000"
817,7.8046 × 10^5,436796,6,False,a,a,True,True,True,False," 7.8046 × 10^5
Q: Which is larger, 1.00000000000000000"
818,506562,1.8643 × 10^5,6,False,a,a,True,True,True,False," 506562
Q: Which is larger, 1.00000000000000000000000"
819,4.9977 × 10^5,485846,6,True,a,a,True,True,True,False," 4.9977 × 10^5
Q: Which is larger, 1.00000000000000000"
820,2.9666 × 10^5,387010,6,False,b,b,True,True,True,False," 387010
Q: Which is larger, 1.00000000000000000000000"
821,2.9327 × 10^5,237506,6,False,a,a,True,True,True,False," 2.9327 × 10^5
Q: Which is larger, 1.00000000000000000"
822,896275,1.8459 × 10^5,6,False,a,a,True,True,True,False," 896275
Q: Which is larger, 1.00000000000000000000000"
823,5.9248 × 10^5,232124,6,False,a,a,True,True,True,False," 5.9248 × 10^5
Q: Which is larger, 1.00000000000000000"
824,996304,3.1318 × 10^5,6,False,a,a,True,True,True,False," 996304
Q: Which is larger, 1.00000000000000000000000"
825,2.2684 × 10^5,883019,6,False,b,b,True,True,True,False," 883019
Q: Which is larger, 1.00000000000000000000000"
826,908833,9.4547 × 10^5,6,True,b,b,True,True,True,False," 9.4547 × 10^5
Q: Which is larger, 1.00000000000000000"
827,1.8973 × 10^5,801414,6,False,b,b,True,True,True,False," 801414
Q: Which is larger, 1.00000000000000000000000"
828,270998,8.2025 × 10^5,6,False,b,b,True,True,True,False," 8.2025 × 10^5
Q: Which is larger, 1.00000000000000000"
829,7.6147 × 10^5,291680,6,False,a,a,True,True,True,False," 7.6147 × 10^5
Q: Which is larger, 1.00000000000000000"
830,9.0345 × 10^5,614473,6,False,a,a,True,True,True,False," 9.0345 × 10^5
Q: Which is larger, 1.0000001 × 10^10 or 9"
831,857615,4.3166 × 10^5,6,False,a,a,True,True,True,False," 857615
Q: Which is larger, 1.00000000000000000000000"
832,3.8575 × 10^5,429694,6,False,b,b,True,True,True,False," 429694
Q: Which is larger, 1.00000000000000000000000"
833,710807,6.5436 × 10^5,6,False,a,a,True,True,True,False," 710807
Q: Which is larger, 1.00000000000000000000000"
834,6.4668 × 10^5,704970,6,False,b,b,True,True,True,False," 704970
Q: Which is larger, 1.00000000000000000000000"
835,1.3846 × 10^5,538684,6,False,b,b,True,True,True,False," 538684
Q: Which is larger, 1.3846 × 10^5 or 5.38684 × 10"
836,6.4868 × 10^5,215300,6,False,a,a,True,True,True,False," 6.4868 × 10^5
Q: Which is larger, 1.00000000000000000"
837,892692,7.3738 × 10^5,6,False,a,a,True,False,True,True," 7.3738 × 10^5
Q: Which is larger, 1.00000000000000000"
838,835720,8.8794 × 10^5,6,True,b,b,True,True,True,False," 8.8794 × 10^5
Q: Which is larger, 1.00000000000000000"
839,3.3119 × 10^5,461861,6,False,b,b,True,False,True,True," 3.3119 × 10^5
Q: Which is larger, 1.00000000000000000"
840,485368,5.3014 × 10^5,6,False,b,b,True,True,True,False," 5.3014 × 10^5
Q: Which is larger, 1.00000000000000000"
841,2.6902 × 10^5,868158,6,False,b,b,True,True,True,False," 868158
Q: Which is larger, 1.00000000000000000000000"
842,699950,5.4404 × 10^5,6,False,a,a,True,False,True,True," 5.4404 × 10^5
Q: Which is larger, 1.00000000000000000"
843,744932,8.7315 × 10^5,6,False,b,b,True,True,True,False," 8.7315 × 10^5
Q: Which is larger, 1.00000000000000000"
844,353704,7.622 × 10^5,6,False,b,b,True,True,True,False," 7.622 × 10^5
Q: Which is larger, 1.000000000000000000"
845,3.6732 × 10^5,123792,6,False,a,a,True,True,True,False," 3.6732 × 10^5
Q: Which is larger, 1.00000000000000000"
846,526729,3.6195 × 10^5,6,False,a,a,True,True,True,False," 526729
Q: Which is larger, 1.00000000000000000000000"
847,698021,2.7784 × 10^5,6,False,a,a,True,False,True,True," 2.7784 × 10^5
Q: Which is larger, 1.00000000000000000"
848,611948,1.1308 × 10^5,6,False,a,a,True,True,True,False," 611948
Q: Which is larger, 1.00000000000000000000000"
849,304389,5.1245 × 10^5,6,False,b,b,True,True,True,False," 5.1245 × 10^5
Q: Which is larger, 1.00000000000000000"
850,161326,1.2585 × 10^5,6,False,a,a,True,False,True,True," 1.2585 × 10^5
Q: Which is larger, 1.00000000000000000"
851,4.06 × 10^5,587391,6,False,b,b,True,True,True,False," 587391
Q: Which is larger, 1.00000000000000000000000"
852,310842,3.0958 × 10^5,6,True,a,b,False,False,True,False," 3.0958 × 10^5
Q: Which is larger, 1.00000000000000000"
853,184750,7.5388 × 10^5,6,False,b,b,True,True,True,False," 7.5388 × 10^5
Q: Which is larger, 1.00000000000000000"
854,548999,2.5633 × 10^5,6,False,a,a,True,True,True,False," 548999
Q: Which is larger, 1.00000000000000000000000"
855,8.318 × 10^5,660602,6,False,a,a,True,True,True,False," 8.318 × 10^5
Q: Which is larger, 1.000000000000000000"
856,421630,4.8368 × 10^5,6,False,b,b,True,True,True,False," 4.8368 × 10^5
Q: Which is larger, 1.00000000000000000"
857,304006,1.3943 × 10^5,6,False,a,a,True,True,True,False," 304006
Q: Which is larger, 1.00000000000000000000000"
858,834007,9.3775 × 10^5,6,False,b,b,True,True,True,False," 9.3775 × 10^5
Q: Which is larger, 1.00000000000000000"
859,1.9729 × 10^5,958697,6,False,b,b,True,True,True,False," 958697
Q: Which is larger, 1.00000000000000000000000"
860,592745,7.1301 × 10^5,6,False,b,b,True,True,True,False," 7.1301 × 10^5
Q: Which is larger, 1.00000000000000000"
861,682965,6.076 × 10^5,6,False,a,a,True,True,True,False," 682965
Q: Which is larger, 1.00000000000000000000000"
862,8.7644 × 10^5,469274,6,False,a,a,True,True,True,False," 8.7644 × 10^5
Q: Which is larger, 1.00000000000000000"
863,680212,4.1474 × 10^5,6,False,a,a,True,False,True,True," 4.1474 × 10^5
Q: Which is larger, 1.00000000000000000"
864,1.1363 × 10^5,573144,6,False,b,b,True,True,True,False," 573144
Q: Which is larger, 1.00000000000000000000000"
865,592739,1.2293 × 10^5,6,False,a,a,True,True,True,False," 592739
Q: Which is larger, 1.2 × 10^4 or 12000? A: 1.2 × "
866,4.3334 × 10^5,632699,6,False,b,b,True,False,True,True," 4.3334 × 10^5
Q: Which is larger, 1.00000000000000000"
867,180768,6.3196 × 10^5,6,False,b,b,True,True,True,False," 6.3196 × 10^5
Q: Which is larger, 1.00000000000000000"
868,4.9618 × 10^5,645753,6,False,b,b,True,False,True,True," 4.9618 × 10^5
Q: Which is larger, 1.00000000000000000"
869,586890,2.5085 × 10^5,6,False,a,a,True,False,True,True," 2.5085 × 10^5
Q: Which is larger, 1.00000000000000000"
870,8.1831 × 10^5,694952,6,False,a,a,True,True,True,False," 8.1831 × 10^5
Q: Which is larger, 1.00000000000000000"
871,731400,8.9149 × 10^5,6,False,b,b,True,True,True,False," 8.9149 × 10^5
Q: Which is larger, 1.00000000000000000"
872,5.1061 × 10^5,840968,6,False,b,b,True,True,True,False," 840968
Q: Which is larger, 1.00000000000000000000000"
873,1.8943 × 10^5,481690,6,False,b,b,True,True,True,False," 481690
Q: Which is larger, 1.00000000000000000000000"
874,1.6781 × 10^5,979287,6,False,b,b,True,True,True,False," 979287
Q: Which is larger, 1.00000000000000000000000"
875,2.7027 × 10^5,199629,6,False,a,a,True,True,True,False," 2.7027 × 10^5
Q: Which is larger, 1.00000000000000000"
876,681694,9.2163 × 10^5,6,False,b,b,True,True,True,False," 9.2163 × 10^5
Q: Which is larger, 1.00000000000000000"
877,8.782 × 10^5,769223,6,False,a,a,True,True,True,False," 8.782 × 10^5
Q: Which is larger, 1.000000000000000000"
878,9.0477 × 10^5,582044,6,False,a,a,True,True,True,False," 9.0477 × 10^5
Q: Which is larger, 1.00000000000000000"
879,138847,5.1359 × 10^5,6,False,b,b,True,True,True,False," 5.1359 × 10^5
Q: Which is larger, 1.00000000000000000"
880,843497,1.309 × 10^5,6,False,a,a,True,True,True,False," 843497
Q: Which is larger, 1.00000000000000000000000"
881,5.7891 × 10^5,967112,6,False,b,b,True,True,True,False," 967112
Q: Which is larger, 1.00000000000000000000000"
882,428237,5.3598 × 10^5,6,False,b,b,True,True,True,False," 5.3598 × 10^5
Q: Which is larger, 1.00000000000000000"
883,432345,1.2474 × 10^5,6,False,a,a,True,True,True,False," 432345
Q: Which is larger, 1.2 × 10^4 or 12000? A: 1.2 × "
884,621089,8.8459 × 10^5,6,False,b,b,True,True,True,False," 8.8459 × 10^5
Q: Which is larger, 1.00000000000000000"
885,833231,5.8547 × 10^5,6,False,a,a,True,False,True,True," 5.8547 × 10^5
Q: Which is larger, 1.00000000000000000"
886,1.1505 × 10^5,903201,6,False,b,b,True,True,True,False," 903201
Q: Which is larger, 1.00000000000000000000000"
887,2.8229 × 10^5,338912,6,False,b,b,True,True,True,False," 338912
Q: Which is larger, 1.00000000000000000000000"
888,3.7193 × 10^5,675714,6,False,b,b,True,True,True,False," 675714
Q: Which is larger, 1.00000000000000000000000"
889,685659,9.8794 × 10^5,6,False,b,b,True,True,True,False," 9.8794 × 10^5
Q: Which is larger, 1.00000000000000000"
890,291089,7.2193 × 10^5,6,False,b,b,True,True,True,False," 7.2193 × 10^5
Q: Which is larger, 1.00000000000000000"
891,4.2053 × 10^5,331377,6,False,a,a,True,True,True,False," 4.2053 × 10^5
Q: Which is larger, 1.00000000000000000"
892,763264,1.5049 × 10^5,6,False,a,a,True,True,True,False," 763264
Q: Which is larger, 1.00000000000000000000000"
893,273921,8.1685 × 10^5,6,False,b,b,True,True,True,False," 8.1685 × 10^5
Q: Which is larger, 1.00000000000000000"
894,784541,8.7787 × 10^5,6,False,b,b,True,True,True,False," 8.7787 × 10^5
Q: Which is larger, 1.00000000000000000"
895,716472,1.5852 × 10^5,6,False,a,a,True,True,True,False," 716472
Q: Which is larger, 1.00000000000000000000000"
896,4.7494 × 10^5,416895,6,False,a,a,True,True,True,False," 4.7494 × 10^5
Q: Which is larger, 1.00000000000000000"
897,2.9813 × 10^5,749296,6,False,b,b,True,True,True,False," 749296
Q: Which is larger, 1.00000000000000000000000"
898,119487,1.7423 × 10^5,6,False,b,b,True,True,True,False," 1.7423 × 10^5
Q: Which is larger, 1.00000000000000000"
899,268638,6.2973 × 10^5,6,False,b,b,True,True,True,False," 6.2973 × 10^5
Q: Which is larger, 1.00000000000000000"
900,740385,1.2462 × 10^5,6,False,a,a,True,True,True,False," 740385
Q: Which is larger, 1.00000000000000000000000"
901,1.6949 × 10^5,104754,6,False,a,a,True,True,True,False," 1.6949 × 10^5
Q: Which is larger, 1.00000000000000000"
902,4.3616 × 10^5,441290,6,True,b,b,True,False,True,True," 4.3616 × 10^5
Q: Which is larger, 1.00000000000000000"
903,3.1483 × 10^5,202265,6,False,a,a,True,True,True,False," 3.1483 × 10^5
Q: Which is larger, 1.00000000000000000"
904,6.4814 × 10^5,581791,6,False,a,a,True,True,True,False," 6.4814 × 10^5
Q: Which is larger, 1.00000000000000000"
905,641483,4.4477 × 10^5,6,False,a,a,True,False,True,True," 4.4477 × 10^5
Q: Which is larger, 1.00000000000000000"
906,161088,6.9499 × 10^5,6,False,b,b,True,True,True,False," 6.9499 × 10^5
Q: Which is larger, 1.00000000000000000"
907,113385,2.004 × 10^5,6,False,b,b,True,True,True,False," 2.004 × 10^5
Q: Which is larger, 1.000000000000000000"
908,785651,2.6172 × 10^5,6,False,a,a,True,True,True,False," 785651
Q: Which is larger, 1.00000000000000000000000"
909,1.5306 × 10^5,107369,6,False,a,a,True,True,True,False," 1.5306 × 10^5
Q: Which is larger, 1.00000000000000000"
910,5.1996 × 10^5,421320,6,False,a,a,True,True,True,False," 5.1996 × 10^5
Q: Which is larger, 1.00000000000000000"
911,807598,5.1155 × 10^5,6,False,a,a,True,True,True,False," 807598
Q: Which is larger, 1.00000000000000000000000"
912,638493,6.575 × 10^5,6,True,b,b,True,True,True,False," 6.575 × 10^5
Q: Which is larger, 1.000000000000000000"
913,1.4722 × 10^5,915220,6,False,b,b,True,True,True,False," 915220
Q: Which is larger, 1.00000000000000000000000"
914,980964,8.6721 × 10^5,6,False,a,a,True,False,True,True," 8.6721 × 10^5
Q: Which is larger, 1.00000000000000000"
915,651092,4.1459 × 10^5,6,False,a,a,True,False,True,True," 4.1459 × 10^5
Q: Which is larger, 1.00000000000000000"
916,4.3279 × 10^5,575485,6,False,b,b,True,True,True,False," 575485
Q: Which is larger, 1.00000000000000000000000"
917,967009,3.189 × 10^5,6,False,a,a,True,True,True,False," 967009
Q: Which is larger, 1.00000000000000000000000"
918,267324,7.1466 × 10^5,6,False,b,b,True,True,True,False," 7.1466 × 10^5
Q: Which is larger, 1.00000000000000000"
919,2.3652 × 10^5,534173,6,False,b,b,True,True,True,False," 534173
Q: Which is larger, 1.00000000000000000000000"
920,2.2945 × 10^5,560556,6,False,b,b,True,True,True,False," 560556
Q: Which is larger, 1.00000000000000000000000"
921,8.4496 × 10^5,459797,6,False,a,a,True,True,True,False," 8.4496 × 10^5
Q: Which is larger, 1.00000000000000000"
922,7.8387 × 10^5,677910,6,False,a,a,True,True,True,False," 7.8387 × 10^5
Q: Which is larger, 1.00000000000000000"
923,9.6187 × 10^5,982530,6,True,b,b,True,False,True,True," 9.6187 × 10^5
Q: Which is larger, 1.00000000000000000"
924,7.0896 × 10^5,314114,6,False,a,a,True,True,True,False," 7.0896 × 10^5
Q: Which is larger, 1.00000000000000000"
925,896167,1.187 × 10^5,6,False,a,a,True,True,True,False," 896167
Q: Which is larger, 1.00000000000000000000000"
926,2.0972 × 10^5,292684,6,False,b,b,True,True,True,False," 292684
Q: Which is larger, 1.00000000000000000000000"
927,321012,3.347 × 10^5,6,True,b,b,True,True,True,False," 3.347 × 10^5
Q: Which is larger, 1.000000000000000000"
928,793419,6.3171 × 10^5,6,False,a,a,True,False,True,True," 6.3171 × 10^5
Q: Which is larger, 1.00000000000000000"
929,7.7685 × 10^5,884150,6,False,b,b,True,True,True,False," 884150
Q: Which is larger, 1.00000000000000000000000"
930,6.193 × 10^5,244571,6,False,a,a,True,True,True,False," 6.193 × 10^5
Q: Which is larger, 1.000000000000000000"
931,5.9443 × 10^5,840828,6,False,b,b,True,True,True,False," 840828
Q: Which is larger, 1.00000000000000000000000"
932,122801,1.8329 × 10^5,6,False,b,b,True,True,True,False," 1.8329 × 10^5
Q: Which is larger, 1.00000000000000000"
933,8.9679 × 10^5,979769,6,False,b,b,True,True,True,False," 979769
Q: Which is larger, 1.00000000000000000000000"
934,7.0603 × 10^5,770256,6,False,b,b,True,False,True,True," 7.0603 × 10^5
Q: Which is larger, 1.00000000000000000"
935,237693,9.8818 × 10^5,6,False,b,b,True,True,True,False," 9.8818 × 10^5
Q: Which is larger, 1.00000000000000000"
936,518962,2.7285 × 10^5,6,False,a,a,True,False,True,True," 2.7285 × 10^5
Q: Which is larger, 1.00000000000000000"
937,485346,6.201 × 10^5,6,False,b,b,True,True,True,False," 6.201 × 10^5
Q: Which is larger, 1.000000000000000000"
938,778847,7.1109 × 10^5,6,False,a,a,True,True,True,False," 778847
Q: Which is larger, 1.00000000000000000000000"
939,629335,9.7429 × 10^5,6,False,b,b,True,True,True,False," 9.7429 × 10^5
Q: Which is larger, 1.00000000000000000"
940,3.4607 × 10^5,221075,6,False,a,a,True,True,True,False," 3.4607 × 10^5
Q: Which is larger, 1.00000000000000000"
941,875426,7.5977 × 10^5,6,False,a,a,True,False,True,True," 7.5977 × 10^5
Q: Which is larger, 1.00000000000000000"
942,7.7612 × 10^5,422787,6,False,a,a,True,True,True,False," 7.7612 × 10^5
Q: Which is larger, 1.00000000000000000"
943,7.9582 × 10^5,408239,6,False,a,a,True,True,True,False," 7.9582 × 10^5
Q: Which is larger, 1.0000000001 × 10^10"
944,189243,4.8811 × 10^5,6,False,b,b,True,True,True,False," 4.8811 × 10^5
Q: Which is larger, 1.00000000000000000"
945,8.9363 × 10^5,672419,6,False,a,a,True,True,True,False," 8.9363 × 10^5
Q: Which is larger, 1.0000000001 × 10^10"
946,237512,2.5017 × 10^5,6,True,b,b,True,True,True,False," 2.5017 × 10^5
Q: Which is larger, 1.00000000000000000"
947,2.4797 × 10^5,579171,6,False,b,b,True,True,True,False," 579171
Q: Which is larger, 1.00000000000000000000000"
948,266462,8.8274 × 10^5,6,False,b,b,True,True,True,False," 8.8274 × 10^5
Q: Which is larger, 1.00000000000000000"
949,650206,6.71 × 10^5,6,True,b,b,True,True,True,False," 6.71 × 10^5
Q: Which is larger, 1.0000000000000000000"
950,720476,7.8071 × 10^5,6,False,b,b,True,True,True,False," 7.8071 × 10^5
Q: Which is larger, 1.00000000000000000"
951,450812,7.8637 × 10^5,6,False,b,b,True,True,True,False," 7.8637 × 10^5
Q: Which is larger, 1.00000000000000000"
952,308653,4.5834 × 10^5,6,False,b,b,True,True,True,False," 4.5834 × 10^5
Q: Which is larger, 1.00000000000000000"
953,676786,5.7376 × 10^5,6,False,a,a,True,False,True,True," 5.7376 × 10^5
Q: Which is larger, 1.00000000000000000"
954,8.6032 × 10^5,486236,6,False,a,a,True,True,True,False," 8.6032 × 10^5
Q: Which is larger, 1.00000000000000000"
955,826873,7.2648 × 10^5,6,False,a,a,True,False,True,True," 7.2648 × 10^5
Q: Which is larger, 1.00000000000000000"
956,3.4785 × 10^5,276726,6,False,a,a,True,True,True,False," 3.4785 × 10^5
Q: Which is larger, 1.0000000001 × 10^10"
957,313040,2.1944 × 10^5,6,False,a,a,True,False,True,True," 2.1944 × 10^5
Q: Which is larger, 1.00000000000000000"
958,742567,6.3972 × 10^5,6,False,a,a,True,True,True,False," 742567
Q: Which is larger, 1.00000000000000000000000"
959,2.6046 × 10^5,778686,6,False,b,b,True,True,True,False," 778686
Q: Which is larger, 1.00000000000000000000000"
960,991727,2.8325 × 10^5,6,False,a,a,True,True,True,False," 991727
Q: Which is larger, 1.00000000000000000000000"
961,8.6003 × 10^5,910568,6,True,b,b,True,True,True,False," 910568
Q: Which is larger, 1.00000000000000000000000"
962,165250,7.8725 × 10^5,6,False,b,b,True,True,True,False," 7.8725 × 10^5
Q: Which is larger, 1.00000000000000000"
963,645318,5.8334 × 10^5,6,False,a,a,True,False,True,True," 5.8334 × 10^5
Q: Which is larger, 1.00000000000000000"
964,279774,3.379 × 10^5,6,False,b,b,True,True,True,False," 3.379 × 10^5
Q: Which is larger, 1.000000000000000000"
965,534679,7.166 × 10^5,6,False,b,b,True,True,True,False," 7.166 × 10^5
Q: Which is larger, 1.000000000000000000"
966,754623,2.2386 × 10^5,6,False,a,a,True,True,True,False," 754623
Q: Which is larger, 1.00000000000000000000000"
967,2.8191 × 10^5,895032,6,False,b,b,True,True,True,False," 895032
Q: Which is larger, 1.00000000000000000000000"
968,7.1751 × 10^5,994289,6,False,b,b,True,False,True,True," 7.1751 × 10^5
Q: Which is larger, 1.00000000000000000"
969,750796,4.9722 × 10^5,6,False,a,a,True,True,True,False," 750796
Q: Which is larger, 1.00000000000000000000000"
970,2.346 × 10^5,238523,6,True,b,b,True,True,True,False," 238523
Q: Which is larger, 1.00000000000000000000000"
971,133446,1.5279 × 10^5,6,False,b,b,True,True,True,False," 1.5279 × 10^5
Q: Which is larger, 1.00000000000000000"
972,2.8808 × 10^5,543571,6,False,b,b,True,True,True,False," 543571
Q: Which is larger, 1.00000000000000000000000"
973,9.7453 × 10^5,131051,6,False,a,a,True,True,True,False," 9.7453 × 10^5
Q: Which is larger, 1.00000000000000000"
974,617249,8.836 × 10^5,6,False,b,b,True,True,True,False," 8.836 × 10^5
Q: Which is larger, 1.000000000000000000"
975,482908,6.1455 × 10^5,6,False,b,b,True,True,True,False," 6.1455 × 10^5
Q: Which is larger, 1.00000000000000000"
976,361713,7.7946 × 10^5,6,False,b,b,True,True,True,False," 7.7946 × 10^5
Q: Which is larger, 1.00000000000000000"
977,1.0178 × 10^5,202608,6,False,b,b,True,True,True,False," 202608
Q: Which is larger, 1.0178 × 10^5 or 101780? A: 1"
978,9.4585 × 10^5,406568,6,False,a,a,True,True,True,False," 9.4585 × 10^5
Q: Which is larger, 1.00000000000000000"
979,9.2622 × 10^5,833082,6,False,a,a,True,True,True,False," 9.2622 × 10^5
Q: Which is larger, 1.00000000000000000"
980,5.0384 × 10^5,800509,6,False,b,b,True,True,True,False," 800509
Q: Which is larger, 1.00000000000000000000000"
981,8.8041 × 10^5,757191,6,False,a,a,True,True,True,False," 8.8041 × 10^5
Q: Which is larger, 1.00000000000000000"
982,2.359 × 10^5,136512,6,False,a,a,True,True,True,False," 2.359 × 10^5
Q: Which is larger, 1.001 × 10^4 or 10000? A"
983,336951,8.3957 × 10^5,6,False,b,b,True,True,True,False," 8.3957 × 10^5
Q: Which is larger, 1.00000000000000000"
984,919192,1.5245 × 10^5,6,False,a,a,True,True,True,False," 919192
Q: Which is larger, 1.00000000000000000000000"
985,1.5155 × 10^5,327931,6,False,b,b,True,True,True,False," 327931
Q: Which is larger, 1.00000000000000000000000"
986,328462,9.0555 × 10^5,6,False,b,b,True,True,True,False," 9.0555 × 10^5
Q: Which is larger, 1.00000000000000000"
987,9.6489 × 10^5,454943,6,False,a,a,True,True,True,False," 9.6489 × 10^5
Q: Which is larger, 1.00000000000000000"
988,423184,1.3245 × 10^5,6,False,a,a,True,True,True,False," 423184
Q: Which is larger, 1.00000000000000000000000"
989,6.0735 × 10^5,326998,6,False,a,a,True,True,True,False," 6.0735 × 10^5
Q: Which is larger, 1.00000000000000000"
990,3.7532 × 10^5,614272,6,False,b,b,True,True,True,False," 614272
Q: Which is larger, 1.00000000000000000000000"
991,684823,5.7777 × 10^5,6,False,a,a,True,False,True,True," 5.7777 × 10^5
Q: Which is larger, 1.00000000000000000"
992,9.7233 × 10^5,239816,6,False,a,a,True,True,True,False," 9.7233 × 10^5
Q: Which is larger, 1.00000000000000000"
993,4.4176 × 10^5,873248,6,False,b,b,True,True,True,False," 873248
Q: Which is larger, 1.00000000000000000000000"
994,5.033 × 10^5,770140,6,False,b,b,True,True,True,False," 770140
Q: Which is larger, 1.0000000001 × 10^10 or 10^1"
995,537183,5.3289 × 10^5,6,True,a,a,True,False,True,True," 5.3289 × 10^5
Q: Which is larger, 1.00000000000000000"
996,1.3476 × 10^5,487924,6,False,b,b,True,True,True,False," 487924
Q: Which is larger, 1.3476 × 10^5 or 1.3476 × 10^"
997,155146,9.8154 × 10^5,6,False,b,b,True,True,True,False," 9.8154 × 10^5
Q: Which is larger, 1.00000000000000000"
998,1.2511 × 10^5,504350,6,False,b,b,True,True,True,False," 504350
Q: Which is larger, 1.2511 × 10^5 or 125110? A: 1"
999,5.2658 × 10^5,771041,6,False,b,b,True,True,True,False," 771041
Q: Which is larger, 1.00000000000000000000000"
1000,9443797,9.0963 × 10^6,7,True,a,a,True,False,True,True," 9.0963 × 10^6
Q: Which is larger, 1.00000000000000000"
1001,3629516,7.8622 × 10^6,7,False,b,b,True,True,True,False," 7.8622 × 10^6
Q: Which is larger, 1.00000000000000000"
1002,9.8441 × 10^6,6714675,7,False,a,a,True,True,True,False," 9.8441 × 10^6
Q: Which is larger, 1.00000000000000000"
1003,5.4176 × 10^6,6611545,7,False,b,b,True,True,True,False," 6611545
Q: Which is larger, 1.0000000000000000000000"
1004,3.8934 × 10^6,9185438,7,False,b,b,True,True,True,False," 9185438
Q: Which is larger, 1.0000000000000000000000"
1005,2620762,8.8808 × 10^6,7,False,b,b,True,True,True,False," 8.8808 × 10^6
Q: Which is larger, 1.00000000000000000"
1006,6.216 × 10^6,6451635,7,True,b,b,True,False,True,True," 6.216 × 10^6
Q: Which is larger, 1.000000000000000000"
1007,2.5184 × 10^6,8821000,7,False,b,b,True,True,True,False," 8821000
Q: Which is larger, 1.0000000000000000000000"
1008,1728451,6.0157 × 10^6,7,False,b,b,True,True,True,False," 6.0157 × 10^6
Q: Which is larger, 1.00000000000000000"
1009,6121847,7.1604 × 10^6,7,False,b,b,True,True,True,False," 7.1604 × 10^6
Q: Which is larger, 1.0000001 × 10^10 or 1"
1010,1617694,5.9098 × 10^6,7,False,b,b,True,True,True,False," 5.9098 × 10^6
Q: Which is larger, 1.00000000000000000"
1011,4.8409 × 10^6,4239935,7,False,a,a,True,True,True,False," 4.8409 × 10^6
Q: Which is larger, 1.00000000000000000"
1012,4726886,8.8709 × 10^6,7,False,b,b,True,True,True,False," 8.8709 × 10^6
Q: Which is larger, 1.00000000000000000"
1013,6.8183 × 10^6,1921540,7,False,a,a,True,True,True,False," 6.8183 × 10^6
Q: Which is larger, 1.00000000000000000"
1014,4.347 × 10^6,4865782,7,False,b,b,True,False,True,True," 4.347 × 10^6
Q: Which is larger, 1.000000000000000000"
1015,9742819,4.7509 × 10^6,7,False,a,a,True,False,True,True," 4.7509 × 10^6
Q: Which is larger, 1.00000000000000000"
1016,5.037 × 10^6,2100755,7,False,a,a,True,True,True,False," 5.037 × 10^6
Q: Which is larger, 1.000000000000000000"
1017,2.2072 × 10^6,8534010,7,False,b,b,True,True,True,False," 8534010
Q: Which is larger, 1.0000000000000000000000"
1018,3993513,1.4617 × 10^6,7,False,a,a,True,False,True,True," 1.4617 × 10^6
Q: Which is larger, 1.00000000000000000"
1019,2.597 × 10^6,7599084,7,False,b,b,True,True,True,False," 7599084
Q: Which is larger, 1.0000000000000000000000"
1020,5397931,3.2403 × 10^6,7,False,a,a,True,False,True,True," 3.2403 × 10^6
Q: Which is larger, 1.00000000000000000"
1021,2.2203 × 10^6,7461890,7,False,b,b,True,True,True,False," 7461890
Q: Which is larger, 1.0000000000000000000000"
1022,9475238,2.3056 × 10^6,7,False,a,a,True,True,True,False," 9475238
Q: Which is larger, 1.0000000000000000000000"
1023,1254864,3.4914 × 10^6,7,False,b,b,True,True,True,False," 3.4914 × 10^6
Q: Which is larger, 1.00000000000000000"
1024,8.4425 × 10^6,2193724,7,False,a,a,True,True,True,False," 8.4425 × 10^6
Q: Which is larger, 1.00000000000000000"
1025,3.2989 × 10^6,1408922,7,False,a,a,True,True,True,False," 3.2989 × 10^6
Q: Which is larger, 1.00000000000000000"
1026,7.1117 × 10^6,5511877,7,False,a,a,True,True,True,False," 7.1117 × 10^6
Q: Which is larger, 1.00000000000000000"
1027,7439959,8.5849 × 10^6,7,False,b,b,True,True,True,False," 8.5849 × 10^6
Q: Which is larger, 1.00000000000000000"
1028,1.0324 × 10^6,6967135,7,False,b,b,True,True,True,False," 6967135
Q: Which is larger, 1.0324 × 10^6 or 1.0324 × 10"
1029,8.017 × 10^6,7582587,7,True,a,a,True,True,True,False," 8.017 × 10^6
Q: Which is larger, 1.001 × 10^4 or 10010? A"
1030,4.7187 × 10^6,4297334,7,False,a,a,True,True,True,False," 4.7187 × 10^6
Q: Which is larger, 1.00000000000000000"
1031,9445684,3.2774 × 10^6,7,False,a,a,True,False,True,True," 3.2774 × 10^6
Q: Which is larger, 1.00000000000000000"
1032,2883222,2.9748 × 10^6,7,True,b,b,True,True,True,False," 2.9748 × 10^6
Q: Which is larger, 1.00000000000000000"
1033,8244590,8.4995 × 10^6,7,True,b,b,True,True,True,False," 8.4995 × 10^6
Q: Which is larger, 1.00000000000000000"
1034,5.6866 × 10^6,4499234,7,False,a,a,True,True,True,False," 5.6866 × 10^6
Q: Which is larger, 1.00000000000000000"
1035,7847283,4.8877 × 10^6,7,False,a,a,True,False,True,True," 4.8877 × 10^6
Q: Which is larger, 1.00000000000000000"
1036,1512525,3.8722 × 10^6,7,False,b,b,True,True,True,False," 3.8722 × 10^6
Q: Which is larger, 1.00000000000000000"
1037,7.5496 × 10^6,9430087,7,False,b,b,True,True,True,False," 9430087
Q: Which is larger, 1.0000000000000000000000"
1038,2.1256 × 10^6,4170093,7,False,b,b,True,True,True,False," 4170093
Q: Which is larger, 1.0000001 × 10^10 or 1.0000"
1039,9.5838 × 10^6,7836473,7,False,a,a,True,True,True,False," 9.5838 × 10^6
Q: Which is larger, 1.00000000000000000"
1040,9701095,6.8464 × 10^6,7,False,a,a,True,False,True,True," 6.8464 × 10^6
Q: Which is larger, 1.00000000000000000"
1041,2481437,3.9134 × 10^6,7,False,b,b,True,True,True,False," 3.9134 × 10^6
Q: Which is larger, 1.0000001 × 10^10 or 1"
1042,3.0252 × 10^6,1419818,7,False,a,a,True,True,True,False," 3.0252 × 10^6
Q: Which is larger, 1.00000000000000000"
1043,5592619,6.331 × 10^6,7,False,b,b,True,True,True,False," 6.331 × 10^6
Q: Which is larger, 1.000000000000000000"
1044,2.8402 × 10^6,9020672,7,False,b,b,True,True,True,False," 9020672
Q: Which is larger, 1.0000000000000000000000"
1045,8556866,9.1972 × 10^6,7,False,b,b,True,True,True,False," 9.1972 × 10^6
Q: Which is larger, 1.00000000000000000"
1046,4.181 × 10^6,9970047,7,False,b,b,True,True,True,False," 9970047
Q: Which is larger, 1.001 × 10^3 or 999? A: 1.00"
1047,3069034,7.1328 × 10^6,7,False,b,b,True,True,True,False," 7.1328 × 10^6
Q: Which is larger, 1.00000000000000000"
1048,5585558,8.3667 × 10^6,7,False,b,b,True,True,True,False," 8.3667 × 10^6
Q: Which is larger, 1.00000000000000000"
1049,2105708,7.7099 × 10^6,7,False,b,b,True,True,True,False," 7.7099 × 10^6
Q: Which is larger, 1.00000000000000000"
1050,2.7548 × 10^6,2757664,7,True,b,b,True,True,True,False," 2757664
Q: Which is larger, 1.0000000000000000000000"
1051,8.3265 × 10^6,6282278,7,False,a,a,True,True,True,False," 8.3265 × 10^6
Q: Which is larger, 1.00000000000000000"
1052,9005019,9.574 × 10^6,7,True,b,b,True,True,True,False," 9.574 × 10^6
Q: Which is larger, 1.0000001 or 1.0000001"
1053,4.5765 × 10^6,4849325,7,True,b,b,True,False,True,True," 4.5765 × 10^6
Q: Which is larger, 1.00000000000000000"
1054,5.2715 × 10^6,1919482,7,False,a,a,True,True,True,False," 5.2715 × 10^6
Q: Which is larger, 1.00000000000000000"
1055,5.0237 × 10^6,5366224,7,True,b,b,True,False,True,True," 5.0237 × 10^6
Q: Which is larger, 1.00000000000000000"
1056,6840391,4.6824 × 10^6,7,False,a,a,True,False,True,True," 4.6824 × 10^6
Q: Which is larger, 1.00000000000000000"
1057,8.4953 × 10^6,1043510,7,False,a,a,True,True,True,False," 8.4953 × 10^6
Q: Which is larger, 1.00000000000000000"
1058,3066929,1.8279 × 10^6,7,False,a,a,True,True,True,False," 3066929
Q: Which is larger, 1.0000000000000000000000"
1059,4.7907 × 10^6,7774618,7,False,b,b,True,True,True,False," 7774618
Q: Which is larger, 1.0000000000000000000000"
1060,9.0682 × 10^6,1779176,7,False,a,a,True,True,True,False," 9.0682 × 10^6
Q: Which is larger, 1.00000000000000000"
1061,3.932 × 10^6,5860428,7,False,b,b,True,True,True,False," 5860428
Q: Which is larger, 1.0000000000000000000000"
1062,3687841,8.4178 × 10^6,7,False,b,b,True,True,True,False," 8.4178 × 10^6
Q: Which is larger, 1.00000000000000000"
1063,6.1928 × 10^6,9094296,7,False,b,b,True,True,True,False," 9094296
Q: Which is larger, 1.0000000000000000000000"
1064,2451343,8.1575 × 10^6,7,False,b,b,True,True,True,False," 8.1575 × 10^6
Q: Which is larger, 1.00000000000000000"
1065,1.3314 × 10^6,7383268,7,False,b,b,True,True,True,False," 7383268
Q: Which is larger, 1.3314 × 10^6 or 7.383268 × "
1066,6850719,8.8832 × 10^6,7,False,b,b,True,True,True,False," 8.8832 × 10^6
Q: Which is larger, 1.00000000000000000"
1067,7.7034 × 10^6,7215972,7,True,a,a,True,True,True,False," 7.7034 × 10^6
Q: Which is larger, 1.00000000000000000"
1068,8.446 × 10^6,4586083,7,False,a,a,True,True,True,False," 8.446 × 10^6
Q: Which is larger, 1.000000000000000000"
1069,2347607,3.3827 × 10^6,7,False,b,b,True,True,True,False," 3.3827 × 10^6
Q: Which is larger, 1.0000001 × 10^10 or 1"
1070,6.3792 × 10^6,4818251,7,False,a,a,True,True,True,False," 6.3792 × 10^6
Q: Which is larger, 1.00000000000000000"
1071,7.9321 × 10^6,7151230,7,False,a,a,True,True,True,False," 7.9321 × 10^6
Q: Which is larger, 1.00000000000000000"
1072,5347673,7.9283 × 10^6,7,False,b,b,True,True,True,False," 7.9283 × 10^6
Q: Which is larger, 1.00000000000000000"
1073,8.3039 × 10^6,5381831,7,False,a,a,True,True,True,False," 8.3039 × 10^6
Q: Which is larger, 1.00000000000000000"
1074,8002417,9.3509 × 10^6,7,False,b,b,True,True,True,False," 9.3509 × 10^6
Q: Which is larger, 1.0000001 × 10^10 or 1"
1075,3003817,9.4833 × 10^6,7,False,b,b,True,True,True,False," 9.4833 × 10^6
Q: Which is larger, 1.00000000000000000"
1076,3.9406 × 10^6,8385687,7,False,b,b,True,True,True,False," 8385687
Q: Which is larger, 1.0000000000000000000000"
1077,3006550,1.8085 × 10^6,7,False,a,a,True,True,True,False," 3006550
Q: Which is larger, 1.0000000000000000000000"
1078,8.1254 × 10^6,7410057,7,False,a,a,True,True,True,False," 8.1254 × 10^6
Q: Which is larger, 1.0000001 × 10^10 or 9"
1079,4.6293 × 10^6,2982556,7,False,a,a,True,True,True,False," 4.6293 × 10^6
Q: Which is larger, 1.00000000000000000"
1080,4.9322 × 10^6,1548628,7,False,a,a,True,True,True,False," 4.9322 × 10^6
Q: Which is larger, 1.00000000000000000"
1081,8.0673 × 10^6,9857267,7,False,b,b,True,True,True,False," 9857267
Q: Which is larger, 1.0000000000000000000000"
1082,1.7838 × 10^6,2489924,7,False,b,b,True,True,True,False," 2489924
Q: Which is larger, 1.0000000000000000000000"
1083,8873161,5.8043 × 10^6,7,False,a,a,True,False,True,True," 5.8043 × 10^6
Q: Which is larger, 1.00000000000000000"
1084,5.1036 × 10^6,3490330,7,False,a,a,True,True,True,False," 5.1036 × 10^6
Q: Which is larger, 1.00000000000000000"
1085,9992462,2.6592 × 10^6,7,False,a,a,True,False,True,True," 2.6592 × 10^6
Q: Which is larger, 1.00000000000000000"
1086,2101774,4.676 × 10^6,7,False,b,b,True,True,True,False," 4.676 × 10^6
Q: Which is larger, 1.000000000000000000"
1087,9728656,9.8828 × 10^6,7,True,b,b,True,True,True,False," 9.8828 × 10^6
Q: Which is larger, 1.00000000000000000"
1088,3665891,2.5859 × 10^6,7,False,a,a,True,False,True,True," 2.5859 × 10^6
Q: Which is larger, 1.00000000000000000"
1089,8902108,2.7202 × 10^6,7,False,a,a,True,True,True,False," 8902108
Q: Which is larger, 1.0000000000000000000000"
1090,6.315 × 10^6,7332869,7,False,b,b,True,True,True,False," 7332869
Q: Which is larger, 1.001 × 10^4 or 10000? A: 1."
1091,3294363,7.0489 × 10^6,7,False,b,b,True,True,True,False," 7.0489 × 10^6
Q: Which is larger, 1.00000000000000000"
1092,7870177,6.3558 × 10^6,7,False,a,a,True,True,True,False," 7870177
Q: Which is larger, 1.0000000000000000000000"
1093,7026692,4.9976 × 10^6,7,False,a,a,True,False,True,True," 4.9976 × 10^6
Q: Which is larger, 1.00000000000000000"
1094,5.2566 × 10^6,9841787,7,False,b,b,True,True,True,False," 9841787
Q: Which is larger, 1.0000000000000000000000"
1095,2.689 × 10^6,7912353,7,False,b,b,True,True,True,False," 7912353
Q: Which is larger, 1.0000000000000000000000"
1096,5773785,6.0643 × 10^6,7,True,b,b,True,True,True,False," 6.0643 × 10^6
Q: Which is larger, 1.00000000000000000"
1097,8242136,5.7802 × 10^6,7,False,a,a,True,False,True,True," 5.7802 × 10^6
Q: Which is larger, 1.00000000000000000"
1098,2668975,5.7803 × 10^6,7,False,b,b,True,True,True,False," 5.7803 × 10^6
Q: Which is larger, 1.00000000000000000"
1099,3.294 × 10^6,1892002,7,False,a,a,True,True,True,False," 3.294 × 10^6
Q: Which is larger, 1.000000000000000000"
1100,1805200,3.0024 × 10^6,7,False,b,b,True,True,True,False," 3.0024 × 10^6
Q: Which is larger, 1.00000000000000000"
1101,9024366,1.5079 × 10^6,7,False,a,a,True,True,True,False," 9024366
Q: Which is larger, 1.0000000000000000000000"
1102,7547087,6.7305 × 10^6,7,False,a,a,True,False,True,True," 6.7305 × 10^6
Q: Which is larger, 1.00000000000000000"
1103,8913626,1.723 × 10^6,7,False,a,a,True,False,True,True," 1.723 × 10^6
Q: Which is larger, 1.000000000000000000"
1104,1.8487 × 10^6,8482493,7,False,b,b,True,True,True,False," 8482493
Q: Which is larger, 1.8487 × 10^6 or 1.8487 × 10"
1105,8565553,2.4893 × 10^6,7,False,a,a,True,False,True,True," 2.4893 × 10^6
Q: Which is larger, 1.00000000000000000"
1106,8987956,9.1981 × 10^6,7,True,b,b,True,True,True,False," 9.1981 × 10^6
Q: Which is larger, 1.00000000000000000"
1107,7399986,9.2711 × 10^6,7,False,b,b,True,True,True,False," 9.2711 × 10^6
Q: Which is larger, 1.00000000000000000"
1108,7315903,8.2644 × 10^6,7,False,b,b,True,True,True,False," 8.2644 × 10^6
Q: Which is larger, 1.00000000000000000"
1109,9.4843 × 10^6,2051967,7,False,a,a,True,True,True,False," 9.4843 × 10^6
Q: Which is larger, 1.00000000000000000"
1110,3.3154 × 10^6,6958852,7,False,b,b,True,True,True,False," 6958852
Q: Which is larger, 1.0000000000000000000000"
1111,9371840,6.3375 × 10^6,7,False,a,a,True,False,True,True," 6.3375 × 10^6
Q: Which is larger, 1.00000000000000000"
1112,9.9346 × 10^6,9529128,7,True,a,a,True,True,True,False," 9.9346 × 10^6
Q: Which is larger, 1.00000000000000000"
1113,1.1009 × 10^6,5467559,7,False,b,b,True,True,True,False," 5467559
Q: Which is larger, 1.0000000000000000000000"
1114,2.0943 × 10^6,5047375,7,False,b,b,True,True,True,False," 5047375
Q: Which is larger, 1.0000000000000000000000"
1115,4002756,2.6829 × 10^6,7,False,a,a,True,False,True,True," 2.6829 × 10^6
Q: Which is larger, 1.0000001 or 1.000000"
1116,2266260,5.8326 × 10^6,7,False,b,b,True,True,True,False," 5.8326 × 10^6
Q: Which is larger, 1.00000000000000000"
1117,7.0413 × 10^6,1157289,7,False,a,a,True,True,True,False," 7.0413 × 10^6
Q: Which is larger, 1.00000000000000000"
1118,9.0962 × 10^6,9163388,7,True,b,b,True,False,True,True," 9.0962 × 10^6
Q: Which is larger, 1.00000000000000000"
1119,9.6034 × 10^6,3801233,7,False,a,a,True,True,True,False," 9.6034 × 10^6
Q: Which is larger, 1.00000000000000000"
1120,8842217,1.4113 × 10^6,7,False,a,a,True,False,True,True," 1.4113 × 10^6
Q: Which is larger, 1.00000000000000000"
1121,2535287,6.0029 × 10^6,7,False,b,b,True,True,True,False," 6.0029 × 10^6
Q: Which is larger, 1.00000000000000000"
1122,2663759,7.5049 × 10^6,7,False,b,b,True,True,True,False," 7.5049 × 10^6
Q: Which is larger, 1.00000000000000000"
1123,4374569,3.2005 × 10^6,7,False,a,a,True,False,True,True," 3.2005 × 10^6
Q: Which is larger, 1.00000000000000000"
1124,5169971,1.9557 × 10^6,7,False,a,a,True,False,True,True," 1.9557 × 10^6
Q: Which is larger, 1.00000000000000000"
1125,7291026,8.6936 × 10^6,7,False,b,b,True,True,True,False," 8.6936 × 10^6
Q: Which is larger, 1.00000000000000000"
1126,4.4966 × 10^6,2041738,7,False,a,a,True,True,True,False," 4.4966 × 10^6
Q: Which is larger, 1.00000000000000000"
1127,9183888,8.1636 × 10^6,7,False,a,a,True,False,True,True," 8.1636 × 10^6
Q: Which is larger, 1.00000000000000000"
1128,1170627,3.2463 × 10^6,7,False,b,b,True,True,True,False," 3.2463 × 10^6
Q: Which is larger, 1.00000000000000000"
1129,1068692,1.3991 × 10^6,7,False,b,b,True,True,True,False," 1.3991 × 10^6
Q: Which is larger, 1.00000000000000000"
1130,2319992,5.2155 × 10^6,7,False,b,b,True,True,True,False," 5.2155 × 10^6
Q: Which is larger, 1.00000000000000000"
1131,4234423,8.0834 × 10^6,7,False,b,b,True,True,True,False," 8.0834 × 10^6
Q: Which is larger, 1.00000000000000000"
1132,1.759 × 10^6,9968722,7,False,b,b,True,True,True,False," 9968722
Q: Which is larger, 1.0000000000000000000000"
1133,5259962,6.311 × 10^6,7,False,b,b,True,True,True,False," 6.311 × 10^6
Q: Which is larger, 1.000000000000000000"
1134,1630341,7.4441 × 10^6,7,False,b,b,True,True,True,False," 7.4441 × 10^6
Q: Which is larger, 1.00000000000000000"
1135,6.8307 × 10^6,7251726,7,True,b,b,True,True,True,False," 7251726
Q: Which is larger, 1.0000000000000000000000"
1136,5.4958 × 10^6,4250517,7,False,a,a,True,True,True,False," 5.4958 × 10^6
Q: Which is larger, 1.00000000000000000"
1137,9680733,1.5558 × 10^6,7,False,a,a,True,True,True,False," 9680733
Q: Which is larger, 1.0000000000000000000000"
1138,3.2218 × 10^6,9899244,7,False,b,b,True,True,True,False," 9899244
Q: Which is larger, 1.0000000000000000000000"
1139,1.2659 × 10^6,1768157,7,False,b,b,True,True,True,False," 1768157
Q: Which is larger, 1.2659 × 10^6 or 1.2659 × 10"
1140,8.7015 × 10^6,7583178,7,False,a,a,True,True,True,False," 8.7015 × 10^6
Q: Which is larger, 1.00000000000000000"
1141,3932902,1.8137 × 10^6,7,False,a,a,True,False,True,True," 1.8137 × 10^6
Q: Which is larger, 1.00000000000000000"
1142,1496262,1.2208 × 10^6,7,False,a,a,True,False,True,True," 1.2208 × 10^6
Q: Which is larger, 1.00000000000000000"
1143,4.1623 × 10^6,9711909,7,False,b,b,True,True,True,False," 9711909
Q: Which is larger, 1.0000000000000000000000"
1144,4995528,6.7269 × 10^6,7,False,b,b,True,True,True,False," 6.7269 × 10^6
Q: Which is larger, 1.00000000000000000"
1145,3142116,7.5583 × 10^6,7,False,b,b,True,True,True,False," 7.5583 × 10^6
Q: Which is larger, 1.0000001 × 10^10 or 1"
1146,6.7352 × 10^6,8132772,7,False,b,b,True,False,True,True," 6.7352 × 10^6
Q: Which is larger, 1.00000000000000000"
1147,2.3088 × 10^6,5714501,7,False,b,b,True,True,True,False," 5714501
Q: Which is larger, 1.0000000000000000000000"
1148,7742585,8.7737 × 10^6,7,False,b,b,True,True,True,False," 8.7737 × 10^6
Q: Which is larger, 1.00000000000000000"
1149,2.1894 × 10^6,7950209,7,False,b,b,True,True,True,False," 7950209
Q: Which is larger, 1.0000000000000000000000"
1150,9038208,4.65 × 10^6,7,False,a,a,True,True,True,False," 9038208
Q: Which is larger, 1.0000000000000000000000"
1151,2583022,4.5753 × 10^6,7,False,b,b,True,True,True,False," 4.5753 × 10^6
Q: Which is larger, 1.00000000000000000"
1152,3826336,3.1986 × 10^6,7,False,a,a,True,False,True,True," 3.1986 × 10^6
Q: Which is larger, 1.00000000000000000"
1153,4.7376 × 10^6,6838397,7,False,b,b,True,True,True,False," 6838397
Q: Which is larger, 1.0000000000000000000000"
1154,9522565,7.2825 × 10^6,7,False,a,a,True,False,True,True," 7.2825 × 10^6
Q: Which is larger, 1.00000000000000000"
1155,6.6958 × 10^6,1300432,7,False,a,a,True,True,True,False," 6.6958 × 10^6
Q: Which is larger, 1.00000000000000000"
1156,1650062,7.3069 × 10^6,7,False,b,b,True,True,True,False," 7.3069 × 10^6
Q: Which is larger, 1.00000000000000000"
1157,3.1644 × 10^6,9565710,7,False,b,b,True,True,True,False," 9565710
Q: Which is larger, 1.0000000000000000000000"
1158,4355025,5.3186 × 10^6,7,False,b,b,True,True,True,False," 5.3186 × 10^6
Q: Which is larger, 1.00000000000000000"
1159,3.5249 × 10^6,2236969,7,False,a,a,True,True,True,False," 3.5249 × 10^6
Q: Which is larger, 1.00000000000000000"
1160,5.0514 × 10^6,4166593,7,False,a,a,True,True,True,False," 5.0514 × 10^6
Q: Which is larger, 1.00000000000000000"
1161,2.1406 × 10^6,4542736,7,False,b,b,True,True,True,False," 4542736
Q: Which is larger, 1.0000000000000000000000"
1162,4.1602 × 10^6,6281835,7,False,b,b,True,True,True,False," 6281835
Q: Which is larger, 1.0000000000000000000000"
1163,7097525,2.3752 × 10^6,7,False,a,a,True,False,True,True," 2.3752 × 10^6
Q: Which is larger, 1.00000000000000000"
1164,1777525,9.7407 × 10^6,7,False,b,b,True,True,True,False," 9.7407 × 10^6
Q: Which is larger, 1.00000000000000000"
1165,2.8589 × 10^6,3985146,7,False,b,b,True,True,True,False," 3985146
Q: Which is larger, 1.0000000000000000000000"
1166,8565311,6.3709 × 10^6,7,False,a,a,True,False,True,True," 6.3709 × 10^6
Q: Which is larger, 1.00000000000000000"
1167,5390763,3.0584 × 10^6,7,False,a,a,True,False,True,True," 3.0584 × 10^6
Q: Which is larger, 1.00000000000000000"
1168,3.9356 × 10^6,8613160,7,False,b,b,True,True,True,False," 8613160
Q: Which is larger, 1.0000000000000000000000"
1169,9.9577 × 10^6,6107310,7,False,a,a,True,True,True,False," 9.9577 × 10^6
Q: Which is larger, 1.00000000000000000"
1170,3089346,5.4015 × 10^6,7,False,b,b,True,True,True,False," 5.4015 × 10^6
Q: Which is larger, 1.00000000000000000"
1171,2469766,7.2267 × 10^6,7,False,b,b,True,True,True,False," 7.2267 × 10^6
Q: Which is larger, 1.00000000000000000"
1172,6.8717 × 10^6,6332184,7,False,a,a,True,True,True,False," 6.8717 × 10^6
Q: Which is larger, 1.00000000000000000"
1173,8399359,4.9471 × 10^6,7,False,a,a,True,False,True,True," 4.9471 × 10^6
Q: Which is larger, 1.00000000000000000"
1174,6975047,4.6094 × 10^6,7,False,a,a,True,False,True,True," 4.6094 × 10^6
Q: Which is larger, 1.00000000000000000"
1175,5533315,8.7835 × 10^6,7,False,b,b,True,True,True,False," 8.7835 × 10^6
Q: Which is larger, 1.00000000000000000"
1176,3.4437 × 10^6,7032351,7,False,b,b,True,True,True,False," 7032351
Q: Which is larger, 1.0000000000000000000000"
1177,5.3503 × 10^6,8922392,7,False,b,b,True,True,True,False," 8922392
Q: Which is larger, 1.0000000000000000000000"
1178,7.8971 × 10^6,5925967,7,False,a,a,True,True,True,False," 7.8971 × 10^6
Q: Which is larger, 1.00000000000000000"
1179,7.5513 × 10^6,3332417,7,False,a,a,True,True,True,False," 7.5513 × 10^6
Q: Which is larger, 1.0000001 × 10^10 or 1"
1180,2.1139 × 10^6,7880857,7,False,b,b,True,True,True,False," 7880857
Q: Which is larger, 1.0000000000000000000000"
1181,8669565,7.3272 × 10^6,7,False,a,a,True,False,True,True," 7.3272 × 10^6
Q: Which is larger, 1.00000000000000000"
1182,2.9979 × 10^6,9867445,7,False,b,b,True,True,True,False," 9867445
Q: Which is larger, 1.0000000000000000000000"
1183,5570443,8.9973 × 10^6,7,False,b,b,True,True,True,False," 8.9973 × 10^6
Q: Which is larger, 1.00000000000000000"
1184,4.2182 × 10^6,3620348,7,False,a,a,True,True,True,False," 4.2182 × 10^6
Q: Which is larger, 1.00000000000000000"
1185,4723815,1.7609 × 10^6,7,False,a,a,True,False,True,True," 1.7609 × 10^6
Q: Which is larger, 1.00000000000000000"
1186,8406725,7.1031 × 10^6,7,False,a,a,True,False,True,True," 7.1031 × 10^6
Q: Which is larger, 1.00000000000000000"
1187,9.4837 × 10^6,4371576,7,False,a,a,True,True,True,False," 9.4837 × 10^6
Q: Which is larger, 1.00000000000000000"
1188,6590226,3.2998 × 10^6,7,False,a,a,True,True,True,False," 6590226
Q: Which is larger, 1.0000000000000000000000"
1189,7.2456 × 10^6,3931463,7,False,a,a,True,True,True,False," 7.2456 × 10^6
Q: Which is larger, 1.0000001 × 10^10 or 9"
1190,3552563,2.6498 × 10^6,7,False,a,a,True,False,True,True," 2.6498 × 10^6
Q: Which is larger, 1.00000000000000000"
1191,5824764,5.2329 × 10^6,7,False,a,a,True,False,True,True," 5.2329 × 10^6
Q: Which is larger, 1.00000000000000000"
1192,7514021,4.6881 × 10^6,7,False,a,a,True,False,True,True," 4.6881 × 10^6
Q: Which is larger, 1.00000000000000000"
1193,1703639,2.9411 × 10^6,7,False,b,b,True,True,True,False," 2.9411 × 10^6
Q: Which is larger, 1.00000000000000000"
1194,1.3715 × 10^6,1501323,7,False,b,b,True,False,True,True," 1.3715 × 10^6
Q: Which is larger, 1.3715 × 10^6 or 1.371"
1195,4027397,1.5888 × 10^6,7,False,a,a,True,False,True,True," 1.5888 × 10^6
Q: Which is larger, 1.00000000000000000"
1196,8.8604 × 10^6,2228418,7,False,a,a,True,True,True,False," 8.8604 × 10^6
Q: Which is larger, 1.00000000000000000"
1197,4.3541 × 10^6,4158966,7,True,a,a,True,True,True,False," 4.3541 × 10^6
Q: Which is larger, 1.00000000000000000"
1198,2319876,1.403 × 10^6,7,False,a,a,True,False,True,True," 1.403 × 10^6
Q: Which is larger, 1.000000000000000000"
1199,3452351,4.5267 × 10^6,7,False,b,b,True,True,True,False," 4.5267 × 10^6
Q: Which is larger, 1.0000001 × 10^10 or 1"
1200,80101292,7.841 × 10^7,8,True,a,a,True,False,True,True," 7.841 × 10^7
Q: Which is larger, 1.000000000000000000"
1201,25550753,4.1569 × 10^7,8,False,b,b,True,True,True,False," 4.1569 × 10^7
Q: Which is larger, 1.00000000000000000"
1202,79070018,2.8089 × 10^7,8,False,a,a,True,True,True,False," 79070018
Q: Which is larger, 1.000000000000000000000"
1203,2.6059 × 10^7,62247270,8,False,b,b,True,False,True,True," 2.6059 × 10^7
Q: Which is larger, 1.00000000000000000"
1204,5.0784 × 10^7,76412305,8,False,b,b,True,False,True,True," 5.0784 × 10^7
Q: Which is larger, 1.00000000000000000"
1205,5.9848 × 10^7,42816302,8,False,a,a,True,True,True,False," 5.9848 × 10^7
Q: Which is larger, 1.00000000000000000"
1206,3.8733 × 10^7,39980062,8,True,b,b,True,False,True,True," 3.8733 × 10^7
Q: Which is larger, 1.00000000000000000"
1207,8.8914 × 10^7,13860562,8,False,a,a,True,True,True,False," 8.8914 × 10^7
Q: Which is larger, 1.00000000000000000"
1208,81026295,4.4031 × 10^7,8,False,a,a,True,False,True,True," 4.4031 × 10^7
Q: Which is larger, 1.00000000000000000"
1209,6.9062 × 10^7,37478086,8,False,a,a,True,True,True,False," 6.9062 × 10^7
Q: Which is larger, 1.00000000000000000"
1210,4.2349 × 10^7,91961816,8,False,b,b,True,True,True,False," 91961816
Q: Which is larger, 1.000000000000000000000"
1211,89413605,1.2929 × 10^7,8,False,a,a,True,True,True,False," 89413605
Q: Which is larger, 1.2929 × 10^7 or 89413605?"
1212,8.6663 × 10^7,85849422,8,True,a,a,True,True,True,False," 8.6663 × 10^7
Q: Which is larger, 1.0000000001 × 10^10"
1213,8.4146 × 10^7,72260608,8,False,a,a,True,True,True,False," 8.4146 × 10^7
Q: Which is larger, 1.00000000000000000"
1214,1.125 × 10^7,77550964,8,False,b,b,True,True,True,False," 77550964
Q: Which is larger, 1.000000000000000000000"
1215,15566473,4.3283 × 10^7,8,False,b,b,True,True,True,False," 4.3283 × 10^7
Q: Which is larger, 1.00000000000000000"
1216,5.5649 × 10^7,81385269,8,False,b,b,True,True,True,False," 81385269
Q: Which is larger, 1.000000000000000000000"
1217,54847116,3.1872 × 10^7,8,False,a,a,True,False,True,True," 3.1872 × 10^7
Q: Which is larger, 1.00000000000000000"
1218,7.5496 × 10^7,26796607,8,False,a,a,True,True,True,False," 7.5496 × 10^7
Q: Which is larger, 1.00000000000000000"
1219,63744673,2.769 × 10^7,8,False,a,a,True,False,True,True," 2.769 × 10^7
Q: Which is larger, 1.000000000000000000"
1220,58311407,7.2509 × 10^7,8,False,b,b,True,True,True,False," 7.2509 × 10^7
Q: Which is larger, 1.00000000000000000"
1221,84413437,7.9473 × 10^7,8,True,a,a,True,False,True,True," 7.9473 × 10^7
Q: Which is larger, 1.00000000000000000"
1222,8.1268 × 10^7,96809850,8,False,b,b,True,False,True,True," 8.1268 × 10^7
Q: Which is larger, 1.00000000000000000"
1223,6.3095 × 10^7,72088174,8,False,b,b,True,True,True,False," 72088174
Q: Which is larger, 1.000000000000000000000"
1224,24148987,4.1407 × 10^7,8,False,b,b,True,True,True,False," 4.1407 × 10^7
Q: Which is larger, 1.00000000000000000"
1225,2.229 × 10^7,53769181,8,False,b,b,True,True,True,False," 53769181
Q: Which is larger, 1.000000000000000000000"
1226,81965405,7.5693 × 10^7,8,False,a,a,True,False,True,True," 7.5693 × 10^7
Q: Which is larger, 1.00000000000000000"
1227,66046318,4.1135 × 10^7,8,False,a,a,True,False,True,True," 4.1135 × 10^7
Q: Which is larger, 1.00000000000000000"
1228,62612630,4.4576 × 10^7,8,False,a,a,True,False,True,True," 4.4576 × 10^7
Q: Which is larger, 1.00000000000000000"
1229,45892136,3.5505 × 10^7,8,False,a,a,True,False,True,True," 3.5505 × 10^7
Q: Which is larger, 1.00000000000000000"
1230,25855467,3.3647 × 10^7,8,False,b,b,True,True,True,False," 3.3647 × 10^7
Q: Which is larger, 1.00000000000000000"
1231,9.8442 × 10^7,53440167,8,False,a,a,True,True,True,False," 9.8442 × 10^7
Q: Which is larger, 1.00000000000000000"
1232,72599733,5.6387 × 10^7,8,False,a,a,True,False,True,True," 5.6387 × 10^7
Q: Which is larger, 1.00000000000000000"
1233,5.0385 × 10^7,14491223,8,False,a,a,True,True,True,False," 5.0385 × 10^7
Q: Which is larger, 1.00000000000000000"
1234,1.8263 × 10^7,98795996,8,False,b,b,True,True,True,False," 98795996
Q: Which is larger, 1.0000000001 × 10^10 or 1."
1235,2.2512 × 10^7,59381109,8,False,b,b,True,True,True,False," 59381109
Q: Which is larger, 1.000000000000000000000"
1236,1.1736 × 10^7,81837658,8,False,b,b,True,True,True,False," 81837658
Q: Which is larger, 1.1736 × 10^7 or 1.1736 × 1"
1237,33422112,3.0013 × 10^7,8,False,a,a,True,False,True,True," 3.0013 × 10^7
Q: Which is larger, 1.00000000000000000"
1238,6.6582 × 10^7,37041549,8,False,a,a,True,True,True,False," 6.6582 × 10^7
Q: Which is larger, 1.00000000000000000"
1239,95536843,8.3528 × 10^7,8,False,a,a,True,False,True,True," 8.3528 × 10^7
Q: Which is larger, 1.00000000000000000"
1240,6.0306 × 10^7,94660825,8,False,b,b,True,False,True,True," 6.0306 × 10^7
Q: Which is larger, 1.00000000000000000"
1241,51313611,2.0064 × 10^7,8,False,a,a,True,False,True,True," 2.0064 × 10^7
Q: Which is larger, 1.00000000000000000"
1242,6.8617 × 10^7,84908473,8,False,b,b,True,False,True,True," 6.8617 × 10^7
Q: Which is larger, 1.00000000000000000"
1243,70874743,7.7982 × 10^7,8,False,b,b,True,True,True,False," 7.7982 × 10^7
Q: Which is larger, 1.00000000000000000"
1244,87761958,2.9412 × 10^7,8,False,a,a,True,False,True,True," 2.9412 × 10^7
Q: Which is larger, 1.00000000000000000"
1245,33134689,3.5586 × 10^7,8,False,b,b,True,True,True,False," 3.5586 × 10^7
Q: Which is larger, 1.00000000000000000"
1246,28412099,5.6638 × 10^7,8,False,b,b,True,True,True,False," 5.6638 × 10^7
Q: Which is larger, 1.00000000000000000"
1247,3.1653 × 10^7,85882512,8,False,b,b,True,True,True,False," 85882512
Q: Which is larger, 1.000000000000000000000"
1248,33283213,4.7532 × 10^7,8,False,b,b,True,True,True,False," 4.7532 × 10^7
Q: Which is larger, 1.00000000000000000"
1249,7.4171 × 10^7,70838535,8,True,a,a,True,True,True,False," 7.4171 × 10^7
Q: Which is larger, 1.00000000000000000"
1250,7.6413 × 10^7,93210036,8,False,b,b,True,False,True,True," 7.6413 × 10^7
Q: Which is larger, 1.00000000000000000"
1251,56468419,7.815 × 10^7,8,False,b,b,True,True,True,False," 7.815 × 10^7
Q: Which is larger, 1.000000000000000000"
1252,97573551,3.7813 × 10^7,8,False,a,a,True,False,True,True," 3.7813 × 10^7
Q: Which is larger, 1.00000000000000000"
1253,72021024,2.9577 × 10^7,8,False,a,a,True,False,True,True," 2.9577 × 10^7
Q: Which is larger, 1.00000000000000000"
1254,1.1414 × 10^7,98514828,8,False,b,b,True,True,True,False," 98514828
Q: Which is larger, 1.1414 × 10^7 or 9.8514828"
1255,3.7939 × 10^7,63488921,8,False,b,b,True,False,True,True," 3.7939 × 10^7
Q: Which is larger, 1.00000000000000000"
1256,82772030,8.3084 × 10^7,8,True,b,b,True,True,True,False," 8.3084 × 10^7
Q: Which is larger, 1.00000000000000000"
1257,83798453,1.7468 × 10^7,8,False,a,a,True,True,True,False," 83798453
Q: Which is larger, 1.000000000000000000000"
1258,4.1461 × 10^7,70457454,8,False,b,b,True,True,True,False," 70457454
Q: Which is larger, 1.000000000000000000000"
1259,9.9093 × 10^7,78140815,8,False,a,a,True,True,True,False," 9.9093 × 10^7
Q: Which is larger, 1.00000000000000000"
1260,4.1029 × 10^7,26038955,8,False,a,a,True,True,True,False," 4.1029 × 10^7
Q: Which is larger, 1.00000000000000000"
1261,9.7702 × 10^7,12653180,8,False,a,a,True,True,True,False," 9.7702 × 10^7
Q: Which is larger, 1.00000000000000000"
1262,2.262 × 10^7,26520901,8,False,b,b,True,True,True,False," 26520901
Q: Which is larger, 1.000000000000000000000"
1263,55726664,3.9431 × 10^7,8,False,a,a,True,False,True,True," 3.9431 × 10^7
Q: Which is larger, 1.00000000000000000"
1264,11990866,8.8731 × 10^7,8,False,b,b,True,True,True,False," 8.8731 × 10^7
Q: Which is larger, 1.00000000000000000"
1265,60160792,2.2612 × 10^7,8,False,a,a,True,False,True,True," 2.2612 × 10^7
Q: Which is larger, 1.00000000000000000"
1266,29878385,6.6416 × 10^7,8,False,b,b,True,True,True,False," 6.6416 × 10^7
Q: Which is larger, 1.00000000000000000"
1267,76582623,7.4295 × 10^7,8,True,a,a,True,False,True,True," 7.4295 × 10^7
Q: Which is larger, 1.00000000000000000"
1268,99201014,7.996 × 10^7,8,False,a,a,True,False,True,True," 7.996 × 10^7
Q: Which is larger, 1.000000000000000000"
1269,31818416,6.7533 × 10^7,8,False,b,b,True,True,True,False," 6.7533 × 10^7
Q: Which is larger, 1.00000000000000000"
1270,5.267 × 10^7,21877399,8,False,a,a,True,True,True,False," 5.267 × 10^7
Q: Which is larger, 1.000000000000000000"
1271,8.5548 × 10^7,31545708,8,False,a,a,True,True,True,False," 8.5548 × 10^7
Q: Which is larger, 1.00000000000000000"
1272,32883496,3.475 × 10^7,8,True,b,b,True,True,True,False," 3.475 × 10^7
Q: Which is larger, 1.000000000000000000"
1273,7.3492 × 10^7,80674182,8,False,b,b,True,False,True,True," 7.3492 × 10^7
Q: Which is larger, 1.00000000000000000"
1274,30905670,1.2235 × 10^7,8,False,a,a,True,True,True,False," 30905670
Q: Which is larger, 1.000000000000000000000"
1275,6.2093 × 10^7,11288713,8,False,a,a,True,True,True,False," 6.2093 × 10^7
Q: Which is larger, 1.00000000000000000"
1276,35758770,9.395 × 10^7,8,False,b,b,True,True,True,False," 9.395 × 10^7
Q: Which is larger, 1.000000000000000000"
1277,71110522,4.7754 × 10^7,8,False,a,a,True,False,True,True," 4.7754 × 10^7
Q: Which is larger, 1.00000000000000000"
1278,4.028 × 10^7,38208358,8,True,a,a,True,True,True,False," 4.028 × 10^7
Q: Which is larger, 1.000000000000000000"
1279,5.5317 × 10^7,91632537,8,False,b,b,True,True,True,False," 91632537
Q: Which is larger, 1.000000000000000000000"
1280,6.9488 × 10^7,62770475,8,False,a,a,True,True,True,False," 6.9488 × 10^7
Q: Which is larger, 1.00000000000000000"
1281,9.1703 × 10^7,51441947,8,False,a,a,True,True,True,False," 9.1703 × 10^7
Q: Which is larger, 1.00000000000000000"
1282,1.912 × 10^7,22274758,8,False,b,b,True,True,True,False," 22274758
Q: Which is larger, 1.000000000000000000000"
1283,8.8084 × 10^7,28367350,8,False,a,a,True,True,True,False," 8.8084 × 10^7
Q: Which is larger, 1.00000000000000000"
1284,5.5508 × 10^7,96477931,8,False,b,b,True,False,True,True," 5.5508 × 10^7
Q: Which is larger, 1.00000000000000000"
1285,79055883,9.321 × 10^7,8,False,b,b,True,True,True,False," 9.321 × 10^7
Q: Which is larger, 1.000000000000000000"
1286,7.452 × 10^7,85084208,8,False,b,b,True,True,True,False," 85084208
Q: Which is larger, 1.000000000000000000000"
1287,1.7601 × 10^7,10366037,8,False,a,a,True,True,True,False," 1.7601 × 10^7
Q: Which is larger, 1.00000000000000000"
1288,17994235,6.0909 × 10^7,8,False,b,b,True,True,True,False," 6.0909 × 10^7
Q: Which is larger, 1.00000000000000000"
1289,56072403,3.7626 × 10^7,8,False,a,a,True,False,True,True," 3.7626 × 10^7
Q: Which is larger, 1.00000000000000000"
1290,47385565,4.2454 × 10^7,8,False,a,a,True,False,True,True," 4.2454 × 10^7
Q: Which is larger, 1.00000000000000000"
1291,5.4732 × 10^7,50586452,8,False,a,a,True,True,True,False," 5.4732 × 10^7
Q: Which is larger, 1.00000000000000000"
1292,6.0019 × 10^7,35625577,8,False,a,a,True,True,True,False," 6.0019 × 10^7
Q: Which is larger, 1.00000000000000000"
1293,5.4987 × 10^7,86708936,8,False,b,b,True,False,True,True," 5.4987 × 10^7
Q: Which is larger, 1.00000000000000000"
1294,5.1718 × 10^7,14238167,8,False,a,a,True,True,True,False," 5.1718 × 10^7
Q: Which is larger, 1.00000000000000000"
1295,9.046 × 10^7,68342094,8,False,a,a,True,True,True,False," 9.046 × 10^7
Q: Which is larger, 1.000000000000000000"
1296,8.1227 × 10^7,19194392,8,False,a,a,True,True,True,False," 8.1227 × 10^7
Q: Which is larger, 1.00000000000000000"
1297,44523413,6.9391 × 10^7,8,False,b,b,True,True,True,False," 6.9391 × 10^7
Q: Which is larger, 1.00000000000000000"
1298,6.687 × 10^7,63127661,8,True,a,a,True,True,True,False," 6.687 × 10^7
Q: Which is larger, 1.000000000000000000"
1299,73838507,3.9399 × 10^7,8,False,a,a,True,False,True,True," 3.9399 × 10^7
Q: Which is larger, 1.00000000000000000"
1300,9.3539 × 10^7,53406819,8,False,a,a,True,True,True,False," 9.3539 × 10^7
Q: Which is larger, 1.00000000000000000"
1301,29063981,8.2085 × 10^7,8,False,b,b,True,True,True,False," 8.2085 × 10^7
Q: Which is larger, 1.00000000000000000"
1302,4.289 × 10^7,41815372,8,True,a,b,False,True,True,False," 4.289 × 10^7
Q: Which is larger, 1.000000000000000000"
1303,60986680,4.1311 × 10^7,8,False,a,a,True,False,True,True," 4.1311 × 10^7
Q: Which is larger, 1.00000000000000000"
1304,91963376,9.509 × 10^7,8,True,b,b,True,True,True,False," 9.509 × 10^7
Q: Which is larger, 1.000000000000000000"
1305,77258853,6.7071 × 10^7,8,False,a,a,True,False,True,True," 6.7071 × 10^7
Q: Which is larger, 1.00000000000000000"
1306,7.3182 × 10^7,59767497,8,False,a,a,True,True,True,False," 7.3182 × 10^7
Q: Which is larger, 1.00000000000000000"
1307,98136904,9.4561 × 10^7,8,True,a,a,True,False,True,True," 9.4561 × 10^7
Q: Which is larger, 1.00000000000000000"
1308,2.1562 × 10^7,16926099,8,False,a,a,True,True,True,False," 2.1562 × 10^7
Q: Which is larger, 1.00000000000000000"
1309,2.7834 × 10^7,28301472,8,True,b,b,True,True,True,False," 28301472
Q: Which is larger, 1.000000000000000000000"
1310,3.9894 × 10^7,72300360,8,False,b,b,True,False,True,True," 3.9894 × 10^7
Q: Which is larger, 1.00000000000000000"
1311,53704044,5.7586 × 10^7,8,False,b,b,True,True,True,False," 5.7586 × 10^7
Q: Which is larger, 1.00000000000000000"
1312,47810631,1.7028 × 10^7,8,False,a,a,True,False,True,True," 1.7028 × 10^7
Q: Which is larger, 1.00000000000000000"
1313,38797426,6.0113 × 10^7,8,False,b,b,True,True,True,False," 6.0113 × 10^7
Q: Which is larger, 1.00000000000000000"
1314,3.7253 × 10^7,12846912,8,False,a,a,True,True,True,False," 3.7253 × 10^7
Q: Which is larger, 1.00000000000000000"
1315,4.5776 × 10^7,99798174,8,False,b,b,True,True,True,False," 99798174
Q: Which is larger, 1.000000000000000000000"
1316,68074117,2.6514 × 10^7,8,False,a,a,True,False,True,True," 2.6514 × 10^7
Q: Which is larger, 1.00000000000000000"
1317,8.2849 × 10^7,49142148,8,False,a,a,True,True,True,False," 8.2849 × 10^7
Q: Which is larger, 1.00000000000000000"
1318,53145667,5.4817 × 10^7,8,True,b,b,True,True,True,False," 5.4817 × 10^7
Q: Which is larger, 1.00000000000000000"
1319,40383949,9.0596 × 10^7,8,False,b,b,True,True,True,False," 9.0596 × 10^7
Q: Which is larger, 1.00000000000000000"
1320,5.8927 × 10^7,22796705,8,False,a,a,True,True,True,False," 5.8927 × 10^7
Q: Which is larger, 1.00000000000000000"
1321,9.4917 × 10^7,51986356,8,False,a,a,True,True,True,False," 9.4917 × 10^7
Q: Which is larger, 1.00000000000000000"
1322,4.6644 × 10^7,77003802,8,False,b,b,True,True,True,False," 77003802
Q: Which is larger, 1.000000000000000000000"
1323,2.0936 × 10^7,26748382,8,False,b,b,True,True,True,False," 26748382
Q: Which is larger, 1.000000000000000000000"
1324,25103541,8.1256 × 10^7,8,False,b,b,True,True,True,False," 8.1256 × 10^7
Q: Which is larger, 1.00000000000000000"
1325,38888253,2.5548 × 10^7,8,False,a,a,True,False,True,True," 2.5548 × 10^7
Q: Which is larger, 1.00000000000000000"
1326,3.8607 × 10^7,44820804,8,False,b,b,True,True,True,False," 44820804
Q: Which is larger, 1.000000000000000000000"
1327,38559682,8.7582 × 10^7,8,False,b,b,True,True,True,False," 8.7582 × 10^7
Q: Which is larger, 1.00000000000000000"
1328,1.5375 × 10^7,84060581,8,False,b,b,True,True,True,False," 84060581
Q: Which is larger, 1.000000000000000000000"
1329,5.1382 × 10^7,99022702,8,False,b,b,True,True,True,False," 99022702
Q: Which is larger, 1.000000000000000000000"
1330,40368834,1.6392 × 10^7,8,False,a,a,True,False,True,True," 1.6392 × 10^7
Q: Which is larger, 1.00000000000000000"
1331,2.857 × 10^7,10930003,8,False,a,a,True,True,True,False," 2.857 × 10^7
Q: Which is larger, 1.000000000000000000"
1332,1.3514 × 10^7,49442054,8,False,b,b,True,True,True,False," 49442054
Q: Which is larger, 1.3514 × 10^7 or 1.3514 × 1"
1333,8.57 × 10^7,85040022,8,True,a,a,True,True,True,False," 8.57 × 10^7
Q: Which is larger, 1.0000000000000000000"
1334,1.2764 × 10^7,53769452,8,False,b,b,True,True,True,False," 53769452
Q: Which is larger, 1.2 × 10^4 or 12000? A: 1.2"
1335,39418186,5.6622 × 10^7,8,False,b,b,True,True,True,False," 5.6622 × 10^7
Q: Which is larger, 1.00000000000000000"
1336,2.8181 × 10^7,57350663,8,False,b,b,True,True,True,False," 57350663
Q: Which is larger, 1.000000000000000000000"
1337,85907942,4.9882 × 10^7,8,False,a,a,True,False,True,True," 4.9882 × 10^7
Q: Which is larger, 1.00000000000000000"
1338,7.6028 × 10^7,26751068,8,False,a,a,True,True,True,False," 7.6028 × 10^7
Q: Which is larger, 1.00000000000000000"
1339,8.848 × 10^7,94623067,8,True,b,b,True,False,True,True," 8.848 × 10^7
Q: Which is larger, 1.000000000000000000"
1340,62319335,8.2217 × 10^7,8,False,b,b,True,True,True,False," 8.2217 × 10^7
Q: Which is larger, 1.00000000000000000"
1341,6.539 × 10^7,43321792,8,False,a,a,True,True,True,False," 6.539 × 10^7
Q: Which is larger, 1.0000000001 × 10^10 or"
1342,83547366,4.9769 × 10^7,8,False,a,a,True,False,True,True," 4.9769 × 10^7
Q: Which is larger, 1.00000000000000000"
1343,2.0524 × 10^7,90093798,8,False,b,b,True,True,True,False," 90093798
Q: Which is larger, 1.000000000000000000000"
1344,7.2969 × 10^7,23719337,8,False,a,a,True,True,True,False," 7.2969 × 10^7
Q: Which is larger, 1.00000000000000000"
1345,43217423,3.0053 × 10^7,8,False,a,a,True,False,True,True," 3.0053 × 10^7
Q: Which is larger, 1.00000000000000000"
1346,6.0064 × 10^7,33054574,8,False,a,a,True,True,True,False," 6.0064 × 10^7
Q: Which is larger, 1.00000000000000000"
1347,88375846,1.2826 × 10^7,8,False,a,a,True,False,True,True," 1.2826 × 10^7
Q: Which is larger, 1.2 × 10^4 or 12000? A:"
1348,1.6534 × 10^7,94089448,8,False,b,b,True,True,True,False," 94089448
Q: Which is larger, 1.000000000000000000000"
1349,26969200,4.2482 × 10^7,8,False,b,b,True,True,True,False," 4.2482 × 10^7
Q: Which is larger, 1.00000000000000000"
1350,2.7421 × 10^7,42472931,8,False,b,b,True,True,True,False," 42472931
Q: Which is larger, 1.000000000000000000000"
1351,63760202,1.4818 × 10^7,8,False,a,a,True,True,True,False," 63760202
Q: Which is larger, 1.000000000000000000000"
1352,3.4533 × 10^7,23058957,8,False,a,a,True,True,True,False," 3.4533 × 10^7
Q: Which is larger, 1.00000000000000000"
1353,8.9506 × 10^7,10899237,8,False,a,a,True,True,True,False," 8.9506 × 10^7
Q: Which is larger, 1.00000000000000000"
1354,3.3181 × 10^7,53983708,8,False,b,b,True,True,True,False," 53983708
Q: Which is larger, 1.000000000000000000000"
1355,4.2958 × 10^7,11325080,8,False,a,a,True,True,True,False," 4.2958 × 10^7
Q: Which is larger, 1.00000000000000000"
1356,29640371,5.0132 × 10^7,8,False,b,b,True,True,True,False," 5.0132 × 10^7
Q: Which is larger, 1.00000000000000000"
1357,9.4988 × 10^7,44597545,8,False,a,a,True,True,True,False," 9.4988 × 10^7
Q: Which is larger, 1.00000000000000000"
1358,78263825,1.6755 × 10^7,8,False,a,a,True,False,True,True," 1.6755 × 10^7
Q: Which is larger, 1.00000000000000000"
1359,2.6176 × 10^7,44809304,8,False,b,b,True,True,True,False," 44809304
Q: Which is larger, 1.000000000000000000000"
1360,17432785,2.3464 × 10^7,8,False,b,b,True,True,True,False," 2.3464 × 10^7
Q: Which is larger, 1.00000000000000000"
1361,8.7435 × 10^7,40683512,8,False,a,a,True,True,True,False," 8.7435 × 10^7
Q: Which is larger, 1.00000000000000000"
1362,1.278 × 10^7,22376497,8,False,b,b,True,True,True,False," 22376497
Q: Which is larger, 1.234 × 10^5 or 123400? A: They"
1363,2.8073 × 10^7,66342778,8,False,b,b,True,True,True,False," 66342778
Q: Which is larger, 1.000000000000000000000"
1364,8.9785 × 10^7,82681825,8,False,a,a,True,True,True,False," 8.9785 × 10^7
Q: Which is larger, 1.00000000000000000"
1365,94662148,8.9057 × 10^7,8,True,a,a,True,False,True,True," 8.9057 × 10^7
Q: Which is larger, 1.00000000000000000"
1366,6.455 × 10^7,54698501,8,False,a,a,True,True,True,False," 6.455 × 10^7
Q: Which is larger, 1.000000000000000000"
1367,38664074,1.0938 × 10^7,8,False,a,a,True,False,True,True," 1.0938 × 10^7
Q: Which is larger, 1.0938 × 10^7 or 38664"
1368,36689449,6.0873 × 10^7,8,False,b,b,True,True,True,False," 6.0873 × 10^7
Q: Which is larger, 1.00000000000000000"
1369,77029541,5.3069 × 10^7,8,False,a,a,True,False,True,True," 5.3069 × 10^7
Q: Which is larger, 1.00000000000000000"
1370,8.3035 × 10^7,15410578,8,False,a,a,True,True,True,False," 8.3035 × 10^7
Q: Which is larger, 1.00000000000000000"
1371,6.8265 × 10^7,26239716,8,False,a,a,True,True,True,False," 6.8265 × 10^7
Q: Which is larger, 1.00000000000000000"
1372,44899816,8.5305 × 10^7,8,False,b,b,True,True,True,False," 8.5305 × 10^7
Q: Which is larger, 1.00000000000000000"
1373,2.6758 × 10^7,75782782,8,False,b,b,True,True,True,False," 75782782
Q: Which is larger, 1.000000000000000000000"
1374,3.6199 × 10^7,64384799,8,False,b,b,True,False,True,True," 3.6199 × 10^7
Q: Which is larger, 1.00000000000000000"
1375,1.6463 × 10^7,30704994,8,False,b,b,True,True,True,False," 30704994
Q: Which is larger, 1.000000000000000000000"
1376,35981109,4.3016 × 10^7,8,False,b,b,True,True,True,False," 4.3016 × 10^7
Q: Which is larger, 1.00000000000000000"
1377,3.1892 × 10^7,42964928,8,False,b,b,True,False,True,True," 3.1892 × 10^7
Q: Which is larger, 1.00000000000000000"
1378,35759822,1.662 × 10^7,8,False,a,a,True,False,True,True," 1.662 × 10^7
Q: Which is larger, 1.000000000000000000"
1379,2.835 × 10^7,31836010,8,False,b,b,True,True,True,False," 31836010
Q: Which is larger, 1.000000000000000000000"
1380,4.0815 × 10^7,90499762,8,False,b,b,True,True,True,False," 90499762
Q: Which is larger, 1.000000000000000000000"
1381,24463771,1.1922 × 10^7,8,False,a,a,True,False,True,True," 1.1922 × 10^7
Q: Which is larger, 1.00000000000000000"
1382,8.724 × 10^7,37945234,8,False,a,a,True,True,True,False," 8.724 × 10^7
Q: Which is larger, 1.000000000000000000"
1383,4.6316 × 10^7,36228533,8,False,a,a,True,True,True,False," 4.6316 × 10^7
Q: Which is larger, 1.00000000000000000"
1384,55006160,2.9793 × 10^7,8,False,a,a,True,False,True,True," 2.9793 × 10^7
Q: Which is larger, 1.00000000000000000"
1385,8.8691 × 10^7,94715548,8,True,b,b,True,False,True,True," 8.8691 × 10^7
Q: Which is larger, 1.00000000000000000"
1386,89969788,2.8746 × 10^7,8,False,a,a,True,False,True,True," 2.8746 × 10^7
Q: Which is larger, 1.00000000000000000"
1387,6.4315 × 10^7,51149536,8,False,a,a,True,True,True,False," 6.4315 × 10^7
Q: Which is larger, 1.00000000000000000"
1388,63116576,1.6314 × 10^7,8,False,a,a,True,True,True,False," 63116576
Q: Which is larger, 1.000000000000000000000"
1389,24504386,1.3152 × 10^7,8,False,a,a,True,False,True,True," 1.3152 × 10^7
Q: Which is larger, 1.00000000000000000"
1390,1.8331 × 10^7,96617928,8,False,b,b,True,True,True,False," 96617928
Q: Which is larger, 1.000000000000000000000"
1391,3.9282 × 10^7,54537805,8,False,b,b,True,False,True,True," 3.9282 × 10^7
Q: Which is larger, 1.00000000000000000"
1392,13113259,9.8324 × 10^7,8,False,b,b,True,True,True,False," 9.8324 × 10^7
Q: Which is larger, 1.00000000000000000"
1393,1.2789 × 10^7,67339161,8,False,b,b,True,True,True,False," 67339161
Q: Which is larger, 1.234 × 10^5 or 123400? A: "
1394,96716186,4.5593 × 10^7,8,False,a,a,True,False,True,True," 4.5593 × 10^7
Q: Which is larger, 1.00000000000000000"
1395,3.1315 × 10^7,98384961,8,False,b,b,True,False,True,True," 3.1315 × 10^7
Q: Which is larger, 1.00000000000000000"
1396,45556643,9.0748 × 10^7,8,False,b,b,True,True,True,False," 9.0748 × 10^7
Q: Which is larger, 1.00000000000000000"
1397,37242208,8.2293 × 10^7,8,False,b,b,True,True,True,False," 8.2293 × 10^7
Q: Which is larger, 1.00000000000000000"
1398,9.8707 × 10^7,47456083,8,False,a,a,True,True,True,False," 9.8707 × 10^7
Q: Which is larger, 1.00000000000000000"
1399,23471290,4.0473 × 10^7,8,False,b,b,True,True,True,False," 4.0473 × 10^7
Q: Which is larger, 1.00000000000000000"
1400,2.1853 × 10^8,478182391,9,False,b,b,True,False,True,True," 2.1853 × 10^8
Q: Which is larger, 1.00000000000000000"
1401,808098516,9.6474 × 10^8,9,False,b,b,True,True,True,False," 9.6474 × 10^8
Q: Which is larger, 1.00000000000000000"
1402,440842898,3.0882 × 10^8,9,False,a,a,True,False,True,True," 3.0882 × 10^8
Q: Which is larger, 1.00000000000000000"
1403,523528156,9.8515 × 10^8,9,False,b,b,True,True,True,False," 9.8515 × 10^8
Q: Which is larger, 1.00000000000000000"
1404,483398004,3.1273 × 10^8,9,False,a,a,True,False,True,True," 3.1273 × 10^8
Q: Which is larger, 1.00000000000000000"
1405,9.9403 × 10^8,260544681,9,False,a,a,True,True,True,False," 9.9403 × 10^8
Q: Which is larger, 1.0000000001 × 10^10"
1406,3.6498 × 10^8,345458172,9,True,a,a,True,True,True,False," 3.6498 × 10^8
Q: Which is larger, 1.0000000001 × 10^10"
1407,988897450,7.8378 × 10^8,9,False,a,a,True,False,True,True," 7.8378 × 10^8
Q: Which is larger, 1.00000000000000000"
1408,5.5994 × 10^8,860642729,9,False,b,b,True,False,True,True," 5.5994 × 10^8
Q: Which is larger, 1.00000000000000000"
1409,978582173,5.4378 × 10^8,9,False,a,a,True,False,True,True," 5.4378 × 10^8
Q: Which is larger, 1.00000000000000000"
1410,746800717,3.4227 × 10^8,9,False,a,a,True,True,True,False," 746800717
Q: Which is larger, 1.00000000000000000000"
1411,6.4659 × 10^8,449374724,9,False,a,a,True,True,True,False," 6.4659 × 10^8
Q: Which is larger, 1.00000000000000000"
1412,106823615,1.1895 × 10^8,9,False,b,b,True,True,True,False," 1.1895 × 10^8
Q: Which is larger, 1.00000000000000000"
1413,3.4633 × 10^8,227877473,9,False,a,a,True,True,True,False," 3.4633 × 10^8
Q: Which is larger, 1.00000000000000000"
1414,836239088,2.4307 × 10^8,9,False,a,a,True,True,True,False," 836239088
Q: Which is larger, 1.00000000000000000000"
1415,1.2591 × 10^8,746062293,9,False,b,b,True,True,True,False," 746062293
Q: Which is larger, 1.2591 × 10^8 or 1.2591 × "
1416,788204983,9.7599 × 10^8,9,False,b,b,True,True,True,False," 9.7599 × 10^8
Q: Which is larger, 1.00000000000000000"
1417,4.4144 × 10^8,555721205,9,False,b,b,True,False,True,True," 4.4144 × 10^8
Q: Which is larger, 1.00000000000000000"
1418,644745905,1.8202 × 10^8,9,False,a,a,True,False,True,True," 1.8202 × 10^8
Q: Which is larger, 1.00000000000000000"
1419,6.2405 × 10^8,811366534,9,False,b,b,True,False,True,True," 6.2405 × 10^8
Q: Which is larger, 1.00000000000000000"
1420,730679644,2.1288 × 10^8,9,False,a,a,True,True,True,False," 730679644
Q: Which is larger, 1.00000000000000000000"
1421,8.2338 × 10^8,220105833,9,False,a,a,True,True,True,False," 8.2338 × 10^8
Q: Which is larger, 1.00000000000000000"
1422,4.6656 × 10^8,258416549,9,False,a,a,True,True,True,False," 4.6656 × 10^8
Q: Which is larger, 1.00000000000000000"
1423,8.0753 × 10^8,967647897,9,False,b,b,True,False,True,True," 8.0753 × 10^8
Q: Which is larger, 1.00000000000000000"
1424,394108884,5.3853 × 10^8,9,False,b,b,True,True,True,False," 5.3853 × 10^8
Q: Which is larger, 1.00000000000000000"
1425,4.2072 × 10^8,206434047,9,False,a,a,True,True,True,False," 4.2072 × 10^8
Q: Which is larger, 1.00000000000000000"
1426,906070729,1.0255 × 10^8,9,False,a,a,True,True,True,False," 906070729
Q: Which is larger, 1.0255 × 10^8 or 90607072"
1427,999457556,9.7427 × 10^8,9,True,a,a,True,False,True,True," 9.7427 × 10^8
Q: Which is larger, 1.00000000000000000"
1428,8.4694 × 10^8,543663315,9,False,a,a,True,True,True,False," 8.4694 × 10^8
Q: Which is larger, 1.00000000000000000"
1429,714485063,3.461 × 10^8,9,False,a,a,True,False,True,True," 3.461 × 10^8
Q: Which is larger, 1.000000000000000000"
1430,1.4357 × 10^8,250675560,9,False,b,b,True,False,True,True," 1.4357 × 10^8
Q: Which is larger, 1.00000000000000000"
1431,6.4612 × 10^8,822486467,9,False,b,b,True,False,True,True," 6.4612 × 10^8
Q: Which is larger, 1.00000000000000000"
1432,506993419,5.5048 × 10^8,9,False,b,b,True,True,True,False," 5.5048 × 10^8
Q: Which is larger, 1.00000000000000000"
1433,8.3782 × 10^8,989467576,9,False,b,b,True,False,True,True," 8.3782 × 10^8
Q: Which is larger, 1.00000000000000000"
1434,546966341,3.4082 × 10^8,9,False,a,a,True,False,True,True," 3.4082 × 10^8
Q: Which is larger, 1.00000000000000000"
1435,341216747,1.4735 × 10^8,9,False,a,a,True,False,True,True," 1.4735 × 10^8
Q: Which is larger, 1.00000000000000000"
1436,209443157,2.9619 × 10^8,9,False,b,b,True,True,True,False," 2.9619 × 10^8
Q: Which is larger, 1.00000000000000000"
1437,876988764,1.2287 × 10^8,9,False,a,a,True,True,True,False," 876988764
Q: Which is larger, 1.2 × 10^4 or 12000? A: 1."
1438,307933082,5.9483 × 10^8,9,False,b,b,True,True,True,False," 5.9483 × 10^8
Q: Which is larger, 1.00000000000000000"
1439,106190353,8.5525 × 10^8,9,False,b,b,True,True,True,False," 8.5525 × 10^8
Q: Which is larger, 1.00000000000000000"
1440,3.5854 × 10^8,459453712,9,False,b,b,True,False,True,True," 3.5854 × 10^8
Q: Which is larger, 1.00000000000000000"
1441,5.9798 × 10^8,604430588,9,True,b,b,True,False,True,True," 5.9798 × 10^8
Q: Which is larger, 1.00000000000000000"
1442,227383668,1.6499 × 10^8,9,False,a,a,True,True,True,False," 227383668
Q: Which is larger, 1.00000000000000000000"
1443,542703833,1.9597 × 10^8,9,False,a,a,True,False,True,True," 1.9597 × 10^8
Q: Which is larger, 1.00000000000000000"
1444,3.4087 × 10^8,998248997,9,False,b,b,True,False,True,True," 3.4087 × 10^8
Q: Which is larger, 1.00000000000000000"
1445,5.2007 × 10^8,258284921,9,False,a,a,True,True,True,False," 5.2007 × 10^8
Q: Which is larger, 1.00000000000000000"
1446,2.8641 × 10^8,720166669,9,False,b,b,True,True,True,False," 720166669
Q: Which is larger, 1.00000000000000000000"
1447,1.6463 × 10^8,696765101,9,False,b,b,True,False,True,True," 1.6463 × 10^8
Q: Which is larger, 1.00000000000000000"
1448,4.0097 × 10^8,755268094,9,False,b,b,True,False,True,True," 4.0097 × 10^8
Q: Which is larger, 1.00000000000000000"
1449,671814454,2.239 × 10^8,9,False,a,a,True,True,True,False," 671814454
Q: Which is larger, 1.00000000000000000000"
1450,282606045,6.322 × 10^8,9,False,b,b,True,True,True,False," 6.322 × 10^8
Q: Which is larger, 1.000000000000000000"
1451,8.7862 × 10^8,807831006,9,False,a,a,True,True,True,False," 8.7862 × 10^8
Q: Which is larger, 1.00000000000000000"
1452,426551324,3.4057 × 10^8,9,False,a,a,True,False,True,True," 3.4057 × 10^8
Q: Which is larger, 1.00000000000000000"
1453,8.3093 × 10^8,901850896,9,False,b,b,True,False,True,True," 8.3093 × 10^8
Q: Which is larger, 1.00000000000000000"
1454,205486302,2.0349 × 10^8,9,True,a,a,True,False,True,True," 2.0349 × 10^8
Q: Which is larger, 1.00000000000000000"
1455,280613550,5.3356 × 10^8,9,False,b,b,True,True,True,False," 5.3356 × 10^8
Q: Which is larger, 1.00000000000000000"
1456,105698725,6.3399 × 10^8,9,False,b,b,True,True,True,False," 6.3399 × 10^8
Q: Which is larger, 1.00000000000000000"
1457,498666978,7.332 × 10^8,9,False,b,b,True,True,True,False," 7.332 × 10^8
Q: Which is larger, 1.000000000000000000"
1458,1.7389 × 10^8,714122296,9,False,b,b,True,False,True,True," 1.7389 × 10^8
Q: Which is larger, 1.00000000000000000"
1459,878092987,5.1245 × 10^8,9,False,a,a,True,False,True,True," 5.1245 × 10^8
Q: Which is larger, 1.00000000000000000"
1460,579514038,4.7061 × 10^8,9,False,a,a,True,False,True,True," 4.7061 × 10^8
Q: Which is larger, 1.00000000000000000"
1461,1.5717 × 10^8,962764509,9,False,b,b,True,True,True,False," 962764509
Q: Which is larger, 1.00000000000000000000"
1462,969159769,4.0533 × 10^8,9,False,a,a,True,False,True,True," 4.0533 × 10^8
Q: Which is larger, 1.00000000000000000"
1463,713791630,7.199 × 10^8,9,True,b,b,True,True,True,False," 7.199 × 10^8
Q: Which is larger, 1.000000000000000000"
1464,7.9845 × 10^8,667667636,9,False,a,a,True,True,True,False," 7.9845 × 10^8
Q: Which is larger, 1.0000000001 × 10^10"
1465,964257205,5.1208 × 10^8,9,False,a,a,True,False,True,True," 5.1208 × 10^8
Q: Which is larger, 1.00000000000000000"
1466,4.1053 × 10^8,903847945,9,False,b,b,True,True,True,False," 903847945
Q: Which is larger, 1.00000000000000000000"
1467,918597143,1.1985 × 10^8,9,False,a,a,True,True,True,False," 918597143
Q: Which is larger, 1.00000000000000000000"
1468,7.0079 × 10^8,680268960,9,True,a,a,True,True,True,False," 7.0079 × 10^8
Q: Which is larger, 1.00000000000000000"
1469,1.3444 × 10^8,635487162,9,False,b,b,True,False,True,True," 1.3444 × 10^8
Q: Which is larger, 1.3444 × 10^8 or 13444"
1470,304302959,8.923 × 10^8,9,False,b,b,True,True,True,False," 8.923 × 10^8
Q: Which is larger, 1.000000000000000000"
1471,911476279,5.3845 × 10^8,9,False,a,a,True,True,True,False," 911476279
Q: Which is larger, 1.00000000000000000000"
1472,7.1949 × 10^8,467307929,9,False,a,a,True,True,True,False," 7.1949 × 10^8
Q: Which is larger, 1.00000000000000000"
1473,155693589,8.1332 × 10^8,9,False,b,b,True,True,True,False," 8.1332 × 10^8
Q: Which is larger, 1.00000000000000000"
1474,3.4066 × 10^8,643354590,9,False,b,b,True,False,True,True," 3.4066 × 10^8
Q: Which is larger, 1.00000000000000000"
1475,922963649,2.6302 × 10^8,9,False,a,a,True,True,True,False," 922963649
Q: Which is larger, 1.00000000000000000000"
1476,3.4881 × 10^8,368083621,9,True,b,b,True,False,True,True," 3.4881 × 10^8
Q: Which is larger, 1.00000000000000000"
1477,6.5377 × 10^8,653377902,9,True,a,a,True,True,True,False," 6.5377 × 10^8
Q: Which is larger, 1.00000000000000000"
1478,5.4641 × 10^8,697962133,9,False,b,b,True,False,True,True," 5.4641 × 10^8
Q: Which is larger, 1.00000000000000000"
1479,968660048,1.9929 × 10^8,9,False,a,a,True,True,True,False," 968660048
Q: Which is larger, 1.00000000000000000000"
1480,287832017,4.6196 × 10^8,9,False,b,b,True,True,True,False," 4.6196 × 10^8
Q: Which is larger, 1.00000000000000000"
1481,4.258 × 10^8,622847084,9,False,b,b,True,True,True,False," 622847084
Q: Which is larger, 1.00000000000000000000"
1482,5.3239 × 10^8,147183147,9,False,a,a,True,True,True,False," 5.3239 × 10^8
Q: Which is larger, 1.00000000000000000"
1483,2.4924 × 10^8,190221640,9,False,a,a,True,True,True,False," 2.4924 × 10^8
Q: Which is larger, 1.00000000000000000"
1484,207803446,3.9858 × 10^8,9,False,b,b,True,True,True,False," 3.9858 × 10^8
Q: Which is larger, 1.00000000000000000"
1485,8.079 × 10^8,373707957,9,False,a,a,True,True,True,False," 8.079 × 10^8
Q: Which is larger, 1.000000000000000000"
1486,5.3 × 10^8,860537689,9,False,b,b,True,False,True,True," 5.3 × 10^8
Q: Which is larger, 1.2 × 10^4 or 12000? A: 1."
1487,2.3632 × 10^8,755728987,9,False,b,b,True,False,True,True," 2.3632 × 10^8
Q: Which is larger, 1.00000000000000000"
1488,5.4677 × 10^8,912880835,9,False,b,b,True,False,True,True," 5.4677 × 10^8
Q: Which is larger, 1.00000000000000000"
1489,1.9623 × 10^8,477639076,9,False,b,b,True,False,True,True," 1.9623 × 10^8
Q: Which is larger, 1.00000000000000000"
1490,296839808,8.4013 × 10^8,9,False,b,b,True,True,True,False," 8.4013 × 10^8
Q: Which is larger, 1.00000000000000000"
1491,306017698,8.175 × 10^8,9,False,b,b,True,True,True,False," 8.175 × 10^8
Q: Which is larger, 1.000000000000000000"
1492,825218725,6.8026 × 10^8,9,False,a,a,True,False,True,True," 6.8026 × 10^8
Q: Which is larger, 1.00000000000000000"
1493,1.9517 × 10^8,542510714,9,False,b,b,True,False,True,True," 1.9517 × 10^8
Q: Which is larger, 1.00000000000000000"
1494,5.1991 × 10^8,963019351,9,False,b,b,True,False,True,True," 5.1991 × 10^8
Q: Which is larger, 1.00000000000000000"
1495,656188465,6.5611 × 10^8,9,True,a,a,True,False,True,True," 6.5611 × 10^8
Q: Which is larger, 1.00000000000000000"
1496,191752889,9.7398 × 10^8,9,False,b,b,True,True,True,False," 9.7398 × 10^8
Q: Which is larger, 1.00000000000000000"
1497,808636677,9.601 × 10^8,9,False,b,b,True,True,True,False," 9.601 × 10^8
Q: Which is larger, 1.000000000000000000"
1498,931328497,4.4162 × 10^8,9,False,a,a,True,True,True,False," 931328497
Q: Which is larger, 1.00000000000000000000"
1499,990724059,6.8615 × 10^8,9,False,a,a,True,True,True,False," 990724059
Q: Which is larger, 1.00000000000000000000"
1500,5.1396 × 10^8,598697520,9,False,b,b,True,False,True,True," 5.1396 × 10^8
Q: Which is larger, 1.00000000000000000"
1501,602860582,7.7757 × 10^8,9,False,b,b,True,True,True,False," 7.7757 × 10^8
Q: Which is larger, 1.00000000000000000"
1502,7.885 × 10^8,372021247,9,False,a,a,True,True,True,False," 7.885 × 10^8
Q: Which is larger, 1.000000000000000000"
1503,965731340,3.228 × 10^8,9,False,a,a,True,False,True,True," 3.228 × 10^8
Q: Which is larger, 1.000000000000000000"
1504,849722146,2.3239 × 10^8,9,False,a,a,True,False,True,True," 2.3239 × 10^8
Q: Which is larger, 1.00000000000000000"
1505,1.757 × 10^8,285257121,9,False,b,b,True,False,True,True," 1.757 × 10^8
Q: Which is larger, 1.000000000000000000"
1506,381539235,8.4172 × 10^8,9,False,b,b,True,True,True,False," 8.4172 × 10^8
Q: Which is larger, 1.00000000000000000"
1507,7.5148 × 10^8,242283295,9,False,a,a,True,True,True,False," 7.5148 × 10^8
Q: Which is larger, 1.00000000000000000"
1508,5.2675 × 10^8,353663428,9,False,a,a,True,True,True,False," 5.2675 × 10^8
Q: Which is larger, 1.00000000000000000"
1509,5.6718 × 10^8,288570824,9,False,a,a,True,True,True,False," 5.6718 × 10^8
Q: Which is larger, 1.00000000000000000"
1510,5.088 × 10^8,837630005,9,False,b,b,True,True,True,False," 837630005
Q: Which is larger, 1.00000000000000000000"
1511,3.4554 × 10^8,701630520,9,False,b,b,True,False,True,True," 3.4554 × 10^8
Q: Which is larger, 1.00000000000000000"
1512,3.1796 × 10^8,280983862,9,False,a,a,True,True,True,False," 3.1796 × 10^8
Q: Which is larger, 1.00000000000000000"
1513,1.8785 × 10^8,625156009,9,False,b,b,True,True,True,False," 625156009
Q: Which is larger, 1.8785 × 10^8 or 1.8785 × "
1514,719318376,7.1086 × 10^8,9,True,a,b,False,False,True,False," 7.1086 × 10^8
Q: Which is larger, 1.00000000000000000"
1515,8.7496 × 10^8,927820833,9,True,b,b,True,False,True,True," 8.7496 × 10^8
Q: Which is larger, 1.00000000000000000"
1516,624897073,4.0971 × 10^8,9,False,a,a,True,False,True,True," 4.0971 × 10^8
Q: Which is larger, 1.00000000000000000"
1517,143405795,7.1021 × 10^8,9,False,b,b,True,True,True,False," 7.1021 × 10^8
Q: Which is larger, 1.00000000000000000"
1518,2.6149 × 10^8,529123477,9,False,b,b,True,False,True,True," 2.6149 × 10^8
Q: Which is larger, 1.00000000000000000"
1519,6.4873 × 10^8,642474332,9,True,a,a,True,True,True,False," 6.4873 × 10^8
Q: Which is larger, 1.0000000001 × 10^10"
1520,600875799,8.1255 × 10^8,9,False,b,b,True,True,True,False," 8.1255 × 10^8
Q: Which is larger, 1.00000000000000000"
1521,276188054,3.09 × 10^8,9,False,b,b,True,True,True,False," 3.09 × 10^8
Q: Which is larger, 1.0000000000000000000"
1522,5.4454 × 10^8,475302351,9,False,a,a,True,True,True,False," 5.4454 × 10^8
Q: Which is larger, 1.00000000000000000"
1523,4.5798 × 10^8,703808510,9,False,b,b,True,False,True,True," 4.5798 × 10^8
Q: Which is larger, 1.00000000000000000"
1524,510703884,3.7569 × 10^8,9,False,a,a,True,False,True,True," 3.7569 × 10^8
Q: Which is larger, 1.00000000000000000"
1525,518887235,1.1176 × 10^8,9,False,a,a,True,False,True,True," 1.1176 × 10^8
Q: Which is larger, 1.00000000000000000"
1526,194019364,5.6753 × 10^8,9,False,b,b,True,True,True,False," 5.6753 × 10^8
Q: Which is larger, 1.00000000000000000"
1527,7.0352 × 10^8,127427974,9,False,a,a,True,True,True,False," 7.0352 × 10^8
Q: Which is larger, 1.00000000000000000"
1528,183198189,5.9683 × 10^8,9,False,b,b,True,True,True,False," 5.9683 × 10^8
Q: Which is larger, 1.00000000000000000"
1529,6.8289 × 10^8,660930234,9,True,a,a,True,True,True,False," 6.8289 × 10^8
Q: Which is larger, 1.00000000000000000"
1530,3.4071 × 10^8,147692716,9,False,a,a,True,True,True,False," 3.4071 × 10^8
Q: Which is larger, 1.00000000000000000"
1531,3.3988 × 10^8,990627915,9,False,b,b,True,False,True,True," 3.3988 × 10^8
Q: Which is larger, 1.00000000000000000"
1532,9.3789 × 10^8,775815394,9,False,a,a,True,True,True,False," 9.3789 × 10^8
Q: Which is larger, 1.00000000000000000"
1533,795132185,8.5904 × 10^8,9,False,b,b,True,True,True,False," 8.5904 × 10^8
Q: Which is larger, 1.00000000000000000"
1534,4.8213 × 10^8,656914361,9,False,b,b,True,False,True,True," 4.8213 × 10^8
Q: Which is larger, 1.00000000000000000"
1535,6.7709 × 10^8,147189395,9,False,a,a,True,True,True,False," 6.7709 × 10^8
Q: Which is larger, 1.00000000000000000"
1536,3.5927 × 10^8,352118252,9,True,a,a,True,True,True,False," 3.5927 × 10^8
Q: Which is larger, 1.00000000000000000"
1537,685277264,5.4722 × 10^8,9,False,a,a,True,False,True,True," 5.4722 × 10^8
Q: Which is larger, 1.00000000000000000"
1538,708812025,6.3007 × 10^8,9,False,a,a,True,True,True,False," 708812025
Q: Which is larger, 1.00000000000000000000"
1539,761707320,8.2271 × 10^8,9,False,b,b,True,True,True,False," 8.2271 × 10^8
Q: Which is larger, 1.00000000000000000"
1540,7.8834 × 10^8,438403275,9,False,a,a,True,True,True,False," 7.8834 × 10^8
Q: Which is larger, 1.00000000000000000"
1541,4.1054 × 10^8,309653887,9,False,a,a,True,True,True,False," 4.1054 × 10^8
Q: Which is larger, 1.00000000000000000"
1542,246391827,1.6176 × 10^8,9,False,a,a,True,False,True,True," 1.6176 × 10^8
Q: Which is larger, 1.00000000000000000"
1543,6.8038 × 10^8,598184086,9,False,a,a,True,True,True,False," 6.8038 × 10^8
Q: Which is larger, 1.00000000000000000"
1544,7.6214 × 10^8,615841940,9,False,a,a,True,True,True,False," 7.6214 × 10^8
Q: Which is larger, 1.00000000000000000"
1545,387622153,4.9062 × 10^8,9,False,b,b,True,True,True,False," 4.9062 × 10^8
Q: Which is larger, 1.00000000000000000"
1546,760881070,9.0673 × 10^8,9,False,b,b,True,True,True,False," 9.0673 × 10^8
Q: Which is larger, 1.00000000000000000"
1547,4.5803 × 10^8,478140565,9,True,b,b,True,False,True,True," 4.5803 × 10^8
Q: Which is larger, 1.00000000000000000"
1548,9.8958 × 10^8,232395628,9,False,a,a,True,True,True,False," 9.8958 × 10^8
Q: Which is larger, 1.00000000000000000"
1549,565967009,4.38 × 10^8,9,False,a,a,True,True,True,False," 565967009
Q: Which is larger, 1.00000000000000000000"
1550,649353405,5.3126 × 10^8,9,False,a,a,True,False,True,True," 5.3126 × 10^8
Q: Which is larger, 1.00000000000000000"
1551,7.4194 × 10^8,594140886,9,False,a,a,True,True,True,False," 7.4194 × 10^8
Q: Which is larger, 1.00000000000000000"
1552,388567826,7.9167 × 10^8,9,False,b,b,True,True,True,False," 7.9167 × 10^8
Q: Which is larger, 1.00000000000000000"
1553,8.3442 × 10^8,465529879,9,False,a,a,True,True,True,False," 8.3442 × 10^8
Q: Which is larger, 1.00000000000000000"
1554,289902255,3.6433 × 10^8,9,False,b,b,True,True,True,False," 3.6433 × 10^8
Q: Which is larger, 1.00000000000000000"
1555,7.0958 × 10^8,643223128,9,False,a,a,True,True,True,False," 7.0958 × 10^8
Q: Which is larger, 1.00000000000000000"
1556,2.4786 × 10^8,292560860,9,False,b,b,True,False,True,True," 2.4786 × 10^8
Q: Which is larger, 1.00000000000000000"
1557,6.5198 × 10^8,972483247,9,False,b,b,True,False,True,True," 6.5198 × 10^8
Q: Which is larger, 1.00000000000000000"
1558,6.8821 × 10^8,171896652,9,False,a,a,True,True,True,False," 6.8821 × 10^8
Q: Which is larger, 1.00000000000000000"
1559,996558909,4.0898 × 10^8,9,False,a,a,True,True,True,False," 996558909
Q: Which is larger, 1.00000000000000000000"
1560,3.9566 × 10^8,495924585,9,False,b,b,True,False,True,True," 3.9566 × 10^8
Q: Which is larger, 1.00000000000000000"
1561,265533162,4.3724 × 10^8,9,False,b,b,True,True,True,False," 4.3724 × 10^8
Q: Which is larger, 1.00000000000000000"
1562,754765837,3.3501 × 10^8,9,False,a,a,True,False,True,True," 3.3501 × 10^8
Q: Which is larger, 1.00000000000000000"
1563,181840501,9.166 × 10^8,9,False,b,b,True,True,True,False," 9.166 × 10^8
Q: Which is larger, 1.000000000000000000"
1564,4.5493 × 10^8,719423406,9,False,b,b,True,False,True,True," 4.5493 × 10^8
Q: Which is larger, 1.00000000000000000"
1565,5.3003 × 10^8,591600036,9,False,b,b,True,False,True,True," 5.3003 × 10^8
Q: Which is larger, 1.00000000000000000"
1566,2.4502 × 10^8,792176715,9,False,b,b,True,False,True,True," 2.4502 × 10^8
Q: Which is larger, 1.00000000000000000"
1567,5.7025 × 10^8,345592689,9,False,a,a,True,True,True,False," 5.7025 × 10^8
Q: Which is larger, 1.00000000000000000"
1568,7.655 × 10^8,470432032,9,False,a,a,True,True,True,False," 7.655 × 10^8
Q: Which is larger, 1.000000000000000000"
1569,9.1998 × 10^8,605586659,9,False,a,a,True,True,True,False," 9.1998 × 10^8
Q: Which is larger, 1.00000000000000000"
1570,9.8357 × 10^8,207017848,9,False,a,a,True,True,True,False," 9.8357 × 10^8
Q: Which is larger, 1.00000000000000000"
1571,878892058,7.3311 × 10^8,9,False,a,a,True,False,True,True," 7.3311 × 10^8
Q: Which is larger, 1.00000000000000000"
1572,5.6868 × 10^8,428852520,9,False,a,a,True,True,True,False," 5.6868 × 10^8
Q: Which is larger, 1.00000000000000000"
1573,668226244,5.353 × 10^8,9,False,a,a,True,False,True,True," 5.353 × 10^8
Q: Which is larger, 1.000000000000000000"
1574,4.4931 × 10^8,151415562,9,False,a,a,True,True,True,False," 4.4931 × 10^8
Q: Which is larger, 1.00000000000000000"
1575,908171015,9.2818 × 10^8,9,True,b,b,True,True,True,False," 9.2818 × 10^8
Q: Which is larger, 1.00000000000000000"
1576,113234122,9.1183 × 10^8,9,False,b,b,True,True,True,False," 9.1183 × 10^8
Q: Which is larger, 1.00000000000000000"
1577,221225803,8.0857 × 10^8,9,False,b,b,True,True,True,False," 8.0857 × 10^8
Q: Which is larger, 1.00000000000000000"
1578,9.7154 × 10^8,105656594,9,False,a,a,True,True,True,False," 9.7154 × 10^8
Q: Which is larger, 1.00000000000000000"
1579,849081083,2.51 × 10^8,9,False,a,a,True,True,True,False," 849081083
Q: Which is larger, 1.00000000000000000000"
1580,9.0028 × 10^8,280695430,9,False,a,a,True,True,True,False," 9.0028 × 10^8
Q: Which is larger, 1.00000000000000000"
1581,2.4533 × 10^8,747249595,9,False,b,b,True,False,True,True," 2.4533 × 10^8
Q: Which is larger, 1.00000000000000000"
1582,452939479,2.1839 × 10^8,9,False,a,a,True,False,True,True," 2.1839 × 10^8
Q: Which is larger, 1.00000000000000000"
1583,435736165,3.8408 × 10^8,9,False,a,a,True,False,True,True," 3.8408 × 10^8
Q: Which is larger, 1.00000000000000000"
1584,972339476,7.7254 × 10^8,9,False,a,a,True,False,True,True," 7.7254 × 10^8
Q: Which is larger, 1.00000000000000000"
1585,9.3069 × 10^8,635389459,9,False,a,a,True,True,True,False," 9.3069 × 10^8
Q: Which is larger, 1.00000000000000000"
1586,6.5805 × 10^8,213166077,9,False,a,a,True,True,True,False," 6.5805 × 10^8
Q: Which is larger, 1.00000000000000000"
1587,439519833,8.9851 × 10^8,9,False,b,b,True,True,True,False," 8.9851 × 10^8
Q: Which is larger, 1.00000000000000000"
1588,328919261,5.7034 × 10^8,9,False,b,b,True,True,True,False," 5.7034 × 10^8
Q: Which is larger, 1.00000000000000000"
1589,631873113,6.557 × 10^8,9,True,b,b,True,True,True,False," 6.557 × 10^8
Q: Which is larger, 1.000000000000000000"
1590,184135804,9.8753 × 10^8,9,False,b,b,True,True,True,False," 9.8753 × 10^8
Q: Which is larger, 1.00000000000000000"
1591,998908621,8.9128 × 10^8,9,False,a,a,True,False,True,True," 8.9128 × 10^8
Q: Which is larger, 1.00000000000000000"
1592,8.9454 × 10^8,940704451,9,True,b,b,True,False,True,True," 8.9454 × 10^8
Q: Which is larger, 1.00000000000000000"
1593,5.3005 × 10^8,904664005,9,False,b,b,True,True,True,False," 904664005
Q: Which is larger, 1.00000000000000000000"
1594,6.009 × 10^8,717312917,9,False,b,b,True,False,True,True," 6.009 × 10^8
Q: Which is larger, 1.000000000000000000"
1595,178668039,9.3717 × 10^8,9,False,b,b,True,True,True,False," 9.3717 × 10^8
Q: Which is larger, 1.00000000000000000"
1596,113166512,3.2845 × 10^8,9,False,b,b,True,True,True,False," 3.2845 × 10^8
Q: Which is larger, 1.00000000000000000"
1597,893533060,7.7817 × 10^8,9,False,a,a,True,False,True,True," 7.7817 × 10^8
Q: Which is larger, 1.00000000000000000"
1598,4.8762 × 10^8,860535225,9,False,b,b,True,False,True,True," 4.8762 × 10^8
Q: Which is larger, 1.00000000000000000"
1599,646246245,4.194 × 10^8,9,False,a,a,True,True,True,False," 646246245
Q: Which is larger, 1.00000000000000000000"
