tag,problem_id,first_branch,parsed_candidate,chose_globally_viable,chose_candidate_a,is_correct
e01,0,v,1,1,0,0
e01,0,v,1,1,0,1
e01,0,v,1,1,0,1
e01,0,v,1,1,0,1
e01,0,v,1,1,0,1
e01,0,v,1,1,0,1
e01,0,v,1,1,0,1
e01,0,v,1,1,0,1
e01,0,v,1,1,0,1
e01,0,v,1,1,0,0
e01,0,v,1,1,0,1
e01,0,v,1,1,0,1
e01,0,v,1,1,0,1
e01,0,v,1,1,0,1
e01,0,v,1,1,0,1
e01,0,v,1,1,0,1
e01,1,h,1,1,1,1
e01,1,h,1,1,1,1
e01,1,h,1,1,1,1
e01,1,h,1,1,1,1
e01,1,h,1,1,1,1
e01,1,h,1,1,1,1
e01,1,h,1,1,1,0
e01,1,h,1,1,1,1
e01,1,h,1,1,1,1
e01,1,h,1,1,1,1
e01,1,h,1,1,1,0
e01,1,h,1,1,1,0
e01,1,h,1,1,1,1
e01,1,h,1,1,1,0
e01,1,h,1,1,1,1
e01,1,h,1,1,1,1
e01,2,f,1,1,1,1
e01,2,f,1,1,1,1
e01,2,f,1,1,1,1
e01,2,f,1,1,1,1
e01,2,f,1,1,1,1
e01,2,f,1,1,1,1
e01,2,f,1,1,1,1
e01,2,f,1,1,1,1
e01,2,f,1,1,1,1
e01,2,f,1,1,1,1
e01,2,f,1,1,1,1
e01,2,f,1,1,1,1
e01,2,f,1,1,1,1
e01,2,f,1,1,1,1
e01,2,f,1,1,1,1
e01,2,f,1,1,1,1
e01,3,l,1,1,1,0
e01,3,l,1,1,1,0
e01,3,l,1,1,1,0
e01,3,l,1,1,1,0
e01,3,l,1,1,1,0
e01,3,l,1,1,1,0
e01,3,l,1,1,1,0
e01,3,l,1,1,1,0
e01,3,l,1,1,1,1
e01,3,l,1,1,1,0
e01,3,l,1,1,1,0
e01,3,l,1,1,1,0
e01,3,l,1,1,1,0
e01,3,l,1,1,1,0
e01,3,l,1,1,1,0
e01,3,l,1,1,1,0
e01,4,j,1,1,1,1
e01,4,j,1,1,1,0
e01,4,j,1,1,1,0
e01,4,j,1,1,1,0
e01,4,j,1,1,1,0
e01,4,j,1,1,1,0
e01,4,j,1,1,1,0
e01,4,j,1,1,1,0
e01,4,j,1,1,1,0
e01,4,j,1,1,1,0
e01,4,j,1,1,1,1
e01,4,j,1,1,1,0
e01,4,j,1,1,1,0
e01,4,j,1,1,1,0
e01,4,j,1,1,1,0
e01,4,j,1,1,1,0
e01,5,r,1,1,1,1
e01,5,r,1,1,1,0
e01,5,r,1,1,1,1
e01,5,r,1,1,1,1
e01,5,r,1,1,1,1
e01,5,r,1,1,1,0
e01,5,r,1,1,1,0
e01,5,r,1,1,1,1
e01,5,r,1,1,1,0
e01,5,r,1,1,1,0
e01,5,r,1,1,1,0
e01,5,r,1,1,1,1
e01,5,r,1,1,1,0
e01,5,r,1,1,1,0
e01,5,r,1,1,1,0
e01,5,r,1,1,1,0
e01,6,z,1,1,0,1
e01,6,z,1,1,0,1
e01,6,z,1,1,0,1
e01,6,z,1,1,0,1
e01,6,z,1,1,0,1
e01,6,z,1,1,0,1
e01,6,z,1,1,0,1
e01,6,z,1,1,0,0
e01,6,z,1,1,0,1
e01,6,z,1,1,0,1
e01,6,z,1,1,0,1
e01,6,z,1,1,0,1
e01,6,z,1,1,0,1
e01,6,z,1,1,0,1
e01,6,z,1,1,0,1
e01,6,z,1,1,0,1
e01,7,r,1,1,0,0
e01,7,r,1,1,0,0
e01,7,r,1,1,0,0
e01,7,r,1,1,0,0
e01,7,r,1,1,0,0
e01,7,r,1,1,0,0
e01,7,r,1,1,0,0
e01,7,r,1,1,0,0
e01,7,r,1,1,0,0
e01,7,r,1,1,0,0
e01,7,r,1,1,0,0
e01,7,r,1,1,0,0
e01,7,r,1,1,0,1
e01,7,r,1,1,0,0
e01,7,r,1,1,0,0
e01,7,r,1,1,0,0
e01,8,d,1,1,1,0
e01,8,d,1,1,1,0
e01,8,d,1,1,1,0
e01,8,d,1,1,1,0
e01,8,d,1,1,1,0
e01,8,d,1,1,1,0
e01,8,d,1,1,1,0
e01,8,d,1,1,1,0
e01,8,d,1,1,1,0
e01,8,d,1,1,1,0
e01,8,d,1,1,1,0
e01,8,d,1,1,1,0
e01,8,d,1,1,1,0
e01,8,d,1,1,1,0
e01,8,d,1,1,1,0
e01,8,d,1,1,1,0
e01,9,f,1,1,1,1
e01,9,f,1,1,1,0
e01,9,f,1,1,1,0
e01,9,f,1,1,1,1
e01,9,f,1,1,1,1
e01,9,f,1,1,1,1
e01,9,f,1,1,1,1
e01,9,f,1,1,1,1
e01,9,f,1,1,1,1
e01,9,f,1,1,1,1
e01,9,f,1,1,1,1
e01,9,f,1,1,1,1
e01,9,f,1,1,1,0
e01,9,f,1,1,1,0
e01,9,f,1,1,1,1
e01,9,f,1,1,1,1
e01,10,i,1,1,0,1
e01,10,i,1,1,0,1
e01,10,i,1,1,0,1
e01,10,i,1,1,0,1
e01,10,i,1,1,0,1
e01,10,i,1,1,0,1
e01,10,i,1,1,0,1
e01,10,i,1,1,0,0
e01,10,i,1,1,0,1
e01,10,i,1,1,0,1
e01,10,i,1,1,0,1
e01,10,i,1,1,0,0
e01,10,i,1,1,0,1
e01,10,i,1,1,0,1
e01,10,i,1,1,0,0
e01,10,i,1,1,0,1
e01,11,o,1,1,0,0
e01,11,o,1,1,0,0
e01,11,o,1,1,0,0
e01,11,o,1,1,0,0
e01,11,o,1,1,0,0
e01,11,o,1,1,0,0
e01,11,o,1,1,0,0
e01,11,o,1,1,0,0
e01,11,o,1,1,0,0
e01,11,o,1,1,0,0
e01,11,o,1,1,0,0
e01,11,o,1,1,0,0
e01,11,o,1,1,0,0
e01,11,o,1,1,0,1
e01,11,o,1,1,0,0
e01,11,o,1,1,0,0
e01,12,v,1,1,0,0
e01,12,v,1,1,0,0
e01,12,v,1,1,0,0
e01,12,v,1,1,0,0
e01,12,v,1,1,0,0
e01,12,v,1,1,0,1
e01,12,v,1,1,0,0
e01,12,v,1,1,0,0
e01,12,v,1,1,0,0
e01,12,v,1,1,0,0
e01,12,v,1,1,0,0
e01,12,v,1,1,0,0
e01,12,v,1,1,0,0
e01,12,v,1,1,0,0
e01,12,v,1,1,0,0
e01,12,v,1,1,0,0
e01,13,h,1,1,1,0
e01,13,h,1,1,1,0
e01,13,h,1,1,1,0
e01,13,h,1,1,1,0
e01,13,h,1,1,1,0
e01,13,h,1,1,1,0
e01,13,h,1,1,1,0
e01,13,h,1,1,1,0
e01,13,h,1,1,1,0
e01,13,h,1,1,1,0
e01,13,h,1,1,1,0
e01,13,h,1,1,1,0
e01,13,h,1,1,1,0
e01,13,h,1,1,1,0
e01,13,h,1,1,1,0
e01,13,h,1,1,1,0
e01,14,d,1,1,1,0
e01,14,d,1,1,1,0
e01,14,d,1,1,1,0
e01,14,d,1,1,1,0
e01,14,d,1,1,1,0
e01,14,d,1,1,1,0
e01,14,d,1,1,1,0
e01,14,d,1,1,1,0
e01,14,d,1,1,1,0
e01,14,d,1,1,1,0
e01,14,d,1,1,1,0
e01,14,d,1,1,1,0
e01,14,d,1,1,1,0
e01,14,d,1,1,1,0
e01,14,d,1,1,1,0
e01,14,d,1,1,1,0
e01,15,l,1,1,1,1
e01,15,l,1,1,1,1
e01,15,l,1,1,1,1
e01,15,l,1,1,1,1
e01,15,l,1,1,1,1
e01,15,l,1,1,1,1
e01,15,l,1,1,1,1
e01,15,l,1,1,1,1
e01,15,l,1,1,1,1
e01,15,l,1,1,1,0
e01,15,l,1,1,1,1
e01,15,l,1,1,1,1
e01,15,l,1,1,1,1
e01,15,l,1,1,1,1
e01,15,l,1,1,1,1
e01,15,l,1,1,1,1
e01,16,t,1,1,0,0
e01,16,t,1,1,0,0
e01,16,t,1,1,0,0
e01,16,t,1,1,0,0
e01,16,t,1,1,0,0
e01,16,t,1,1,0,0
e01,16,t,1,1,0,0
e01,16,t,1,1,0,0
e01,16,t,1,1,0,0
e01,16,t,1,1,0,0
e01,16,t,1,1,0,0
e01,16,t,1,1,0,0
e01,16,t,1,1,0,0
e01,16,t,1,1,0,0
e01,16,t,1,1,0,0
e01,16,t,1,1,0,0
e01,17,d,1,1,1,0
e01,17,d,1,1,1,0
e01,17,d,1,1,1,0
e01,17,d,1,1,1,0
e01,17,d,1,1,1,0
e01,17,d,1,1,1,0
e01,17,d,1,1,1,0
e01,17,d,1,1,1,1
e01,17,d,1,1,1,0
e01,17,d,1,1,1,0
e01,17,d,1,1,1,0
e01,17,d,1,1,1,0
e01,17,d,1,1,1,0
e01,17,d,1,1,1,0
e01,17,d,1,1,1,0
e01,17,d,1,1,1,0
e01,18,r,1,1,1,0
e01,18,r,1,1,1,0
e01,18,r,1,1,1,0
e01,18,r,1,1,1,0
e01,18,r,1,1,1,0
e01,18,r,1,1,1,0
e01,18,r,1,1,1,0
e01,18,r,1,1,1,0
e01,18,r,1,1,1,0
e01,18,r,1,1,1,0
e01,18,r,1,1,1,0
e01,18,r,1,1,1,0
e01,18,r,1,1,1,0
e01,18,r,1,1,1,0
e01,18,r,1,1,1,0
e01,18,r,1,1,1,0
e01,19,u,1,1,0,0
e01,19,u,1,1,0,0
e01,19,u,1,1,0,1
e01,19,u,1,1,0,1
e01,19,u,1,1,0,0
e01,19,u,1,1,0,0
e01,19,u,1,1,0,0
e01,19,u,1,1,0,1
e01,19,u,1,1,0,0
e01,19,u,1,1,0,0
e01,19,u,1,1,0,0
e01,19,u,1,1,0,0
e01,19,u,1,1,0,1
e01,19,u,1,1,0,0
e01,19,u,1,1,0,0
e01,19,u,1,1,0,0
e01,20,q,1,1,0,0
e01,20,q,1,1,0,0
e01,20,q,1,1,0,0
e01,20,q,1,1,0,0
e01,20,q,1,1,0,0
e01,20,q,1,1,0,0
e01,20,q,1,1,0,0
e01,20,q,1,1,0,0
e01,20,q,1,1,0,0
e01,20,q,1,1,0,0
e01,20,q,1,1,0,0
e01,20,q,1,1,0,0
e01,20,q,1,1,0,0
e01,20,q,1,1,0,0
e01,20,q,1,1,0,0
e01,20,q,1,1,0,0
e01,21,u,1,1,0,0
e01,21,u,1,1,0,1
e01,21,u,1,1,0,1
e01,21,u,1,1,0,0
e01,21,u,1,1,0,0
e01,21,u,1,1,0,0
e01,21,u,1,1,0,1
e01,21,u,1,1,0,1
e01,21,u,1,1,0,0
e01,21,u,1,1,0,1
e01,21,u,1,1,0,0
e01,21,u,1,1,0,1
e01,21,u,1,1,0,1
e01,21,u,1,1,0,1
e01,21,u,1,1,0,1
e01,21,u,1,1,0,1
e01,22,l,1,1,0,0
e01,22,l,1,1,0,0
e01,22,l,1,1,0,0
e01,22,l,1,1,0,0
e01,22,l,1,1,0,0
e01,22,l,1,1,0,0
e01,22,l,1,1,0,0
e01,22,l,1,1,0,0
e01,22,l,1,1,0,0
e01,22,l,1,1,0,0
e01,22,l,1,1,0,0
e01,22,l,1,1,0,0
e01,22,l,1,1,0,0
e01,22,l,1,1,0,0
e01,22,l,1,1,0,0
e01,22,l,1,1,0,0
e01,23,u,1,1,0,0
e01,23,u,1,1,0,0
e01,23,u,1,1,0,0
e01,23,u,1,1,0,0
e01,23,u,1,1,0,0
e01,23,u,1,1,0,0
e01,23,u,1,1,0,0
e01,23,u,1,1,0,0
e01,23,u,1,1,0,0
e01,23,u,1,1,0,0
e01,23,u,1,1,0,0
e01,23,u,1,1,0,0
e01,23,u,1,1,0,0
e01,23,u,1,1,0,0
e01,23,u,1,1,0,1
e01,23,u,1,1,0,0
e01,24,y,1,1,0,0
e01,24,y,1,1,0,0
e01,24,y,1,1,0,0
e01,24,y,1,1,0,0
e01,24,y,1,1,0,0
e01,24,y,1,1,0,0
e01,24,y,1,1,0,0
e01,24,y,1,1,0,0
e01,24,y,1,1,0,0
e01,24,y,1,1,0,0
e01,24,y,1,1,0,0
e01,24,y,1,1,0,0
e01,24,y,1,1,0,0
e01,24,y,1,1,0,0
e01,24,y,1,1,0,0
e01,24,y,1,1,0,0
e01,25,g,1,1,1,1
e01,25,g,1,1,1,1
e01,25,g,1,1,1,1
e01,25,g,1,1,1,1
e01,25,g,1,1,1,1
e01,25,g,1,1,1,1
e01,25,g,1,1,1,1
e01,25,g,1,1,1,1
e01,25,g,1,1,1,1
e01,25,g,1,1,1,1
e01,25,g,1,1,1,1
e01,25,g,1,1,1,1
e01,25,g,1,1,1,1
e01,25,g,1,1,1,1
e01,25,g,1,1,1,1
e01,25,g,1,1,1,1
e01,26,a,1,1,1,1
e01,26,a,1,1,1,1
e01,26,a,1,1,1,1
e01,26,a,1,1,1,1
e01,26,a,1,1,1,1
e01,26,a,1,1,1,1
e01,26,a,1,1,1,1
e01,26,a,1,1,1,1
e01,26,a,1,1,1,1
e01,26,a,1,1,1,1
e01,26,a,1,1,1,1
e01,26,a,1,1,1,1
e01,26,a,1,1,1,0
e01,26,a,1,1,1,1
e01,26,a,1,1,1,1
e01,26,a,1,1,1,1
e01,27,f,1,1,1,1
e01,27,f,1,1,1,1
e01,27,f,1,1,1,1
e01,27,f,1,1,1,1
e01,27,f,1,1,1,1
e01,27,f,1,1,1,1
e01,27,f,1,1,1,1
e01,27,f,1,1,1,1
e01,27,f,1,1,1,1
e01,27,f,1,1,1,1
e01,27,f,1,1,1,1
e01,27,f,1,1,1,1
e01,27,f,1,1,1,1
e01,27,f,1,1,1,1
e01,27,f,1,1,1,1
e01,27,f,1,1,1,1
e01,28,f,1,1,1,0
e01,28,f,1,1,1,0
e01,28,f,1,1,1,0
e01,28,f,1,1,1,0
e01,28,f,1,1,1,0
e01,28,f,1,1,1,0
e01,28,f,1,1,1,0
e01,28,f,1,1,1,0
e01,28,f,1,1,1,0
e01,28,f,1,1,1,0
e01,28,f,1,1,1,0
e01,28,f,1,1,1,0
e01,28,f,1,1,1,0
e01,28,f,1,1,1,0
e01,28,f,1,1,1,0
e01,28,f,1,1,1,0
e01,29,r,1,1,0,0
e01,29,r,1,1,0,1
e01,29,r,1,1,0,1
e01,29,r,1,1,0,0
e01,29,r,1,1,0,0
e01,29,r,1,1,0,0
e01,29,r,1,1,0,0
e01,29,r,1,1,0,0
e01,29,r,1,1,0,0
e01,29,r,1,1,0,0
e01,29,r,1,1,0,0
e01,29,r,1,1,0,0
e01,29,r,1,1,0,0
e01,29,r,1,1,0,1
e01,29,r,1,1,0,1
e01,29,r,1,1,0,0
e01,30,x,1,1,0,0
e01,30,x,1,1,0,0
e01,30,x,1,1,0,0
e01,30,x,1,1,0,0
e01,30,x,1,1,0,0
e01,30,x,1,1,0,0
e01,30,x,1,1,0,0
e01,30,x,1,1,0,0
e01,30,x,1,1,0,0
e01,30,x,1,1,0,0
e01,30,x,1,1,0,0
e01,30,x,1,1,0,0
e01,30,x,1,1,0,0
e01,30,x,1,1,0,0
e01,30,x,1,1,0,0
e01,30,x,1,1,0,0
e01,31,i,1,1,1,1
e01,31,i,1,1,1,1
e01,31,i,1,1,1,1
e01,31,i,1,1,1,1
e01,31,i,1,1,1,1
e01,31,i,1,1,1,1
e01,31,i,1,1,1,1
e01,31,i,1,1,1,1
e01,31,i,1,1,1,1
e01,31,i,1,1,1,1
e01,31,i,1,1,1,1
e01,31,i,1,1,1,1
e01,31,i,1,1,1,1
e01,31,i,1,1,1,1
e01,31,i,1,1,1,1
e01,31,i,1,1,1,1
e01,32,n,1,1,0,0
e01,32,n,1,1,0,0
e01,32,n,1,1,0,0
e01,32,n,1,1,0,0
e01,32,n,1,1,0,0
e01,32,n,1,1,0,0
e01,32,n,1,1,0,0
e01,32,n,1,1,0,0
e01,32,n,1,1,0,0
e01,32,n,1,1,0,0
e01,32,n,1,1,0,0
e01,32,n,1,1,0,0
e01,32,n,1,1,0,0
e01,32,n,1,1,0,0
e01,32,n,1,1,0,0
e01,32,n,1,1,0,0
e01,33,u,1,1,0,0
e01,33,u,1,1,0,1
e01,33,u,1,1,0,0
e01,33,u,1,1,0,0
e01,33,u,1,1,0,1
e01,33,u,1,1,0,1
e01,33,u,1,1,0,0
e01,33,u,1,1,0,0
e01,33,u,1,1,0,0
e01,33,u,1,1,0,0
e01,33,u,1,1,0,0
e01,33,u,1,1,0,1
e01,33,u,1,1,0,0
e01,33,u,1,1,0,1
e01,33,u,1,1,0,0
e01,33,u,1,1,0,0
e01,34,p,1,1,0,0
e01,34,p,1,1,0,0
e01,34,p,1,1,0,0
e01,34,p,1,1,0,0
e01,34,p,1,1,0,0
e01,34,p,1,1,0,0
e01,34,p,1,1,0,0
e01,34,p,1,1,0,0
e01,34,p,1,1,0,0
e01,34,p,1,1,0,0
e01,34,p,1,1,0,0
e01,34,p,1,1,0,0
e01,34,p,1,1,0,0
e01,34,p,1,1,0,0
e01,34,p,1,1,0,0
e01,34,p,1,1,0,1
e01,35,e,1,1,1,0
e01,35,e,1,1,1,0
e01,35,e,1,1,1,0
e01,35,e,1,1,1,0
e01,35,e,1,1,1,0
e01,35,e,1,1,1,0
e01,35,e,1,1,1,0
e01,35,e,1,1,1,0
e01,35,e,1,1,1,0
e01,35,e,1,1,1,0
e01,35,e,1,1,1,1
e01,35,e,1,1,1,0
e01,35,e,1,1,1,0
e01,35,e,1,1,1,0
e01,35,e,1,1,1,0
e01,35,e,1,1,1,0
e01,36,i,1,1,1,0
e01,36,i,1,1,1,0
e01,36,i,1,1,1,1
e01,36,i,1,1,1,0
e01,36,i,1,1,1,1
e01,36,i,1,1,1,0
e01,36,i,1,1,1,0
e01,36,i,1,1,1,0
e01,36,i,1,1,1,0
e01,36,i,1,1,1,0
e01,36,i,1,1,1,0
e01,36,i,1,1,1,0
e01,36,i,1,1,1,0
e01,36,i,1,1,1,0
e01,36,i,1,1,1,0
e01,36,i,1,1,1,1
e01,37,v,1,1,0,0
e01,37,v,1,1,0,0
e01,37,v,1,1,0,0
e01,37,v,1,1,0,0
e01,37,v,1,1,0,0
e01,37,v,1,1,0,0
e01,37,v,1,1,0,1
e01,37,v,1,1,0,0
e01,37,v,1,1,0,0
e01,37,v,1,1,0,0
e01,37,v,1,1,0,0
e01,37,v,1,1,0,0
e01,37,v,1,1,0,0
e01,37,v,1,1,0,1
e01,37,v,1,1,0,0
e01,37,v,1,1,0,0
e01,38,o,1,1,0,1
e01,38,o,1,1,0,1
e01,38,o,1,1,0,1
e01,38,o,1,1,0,1
e01,38,o,1,1,0,1
e01,38,o,1,1,0,1
e01,38,o,1,1,0,1
e01,38,o,1,1,0,1
e01,38,o,1,1,0,1
e01,38,o,1,1,0,1
e01,38,o,1,1,0,1
e01,38,o,1,1,0,1
e01,38,o,1,1,0,1
e01,38,o,1,1,0,1
e01,38,o,1,1,0,0
e01,38,o,1,1,0,1
e01,39,x,1,1,1,0
e01,39,x,1,1,1,0
e01,39,x,1,1,1,0
e01,39,x,1,1,1,0
e01,39,x,1,1,1,0
e01,39,x,1,1,1,0
e01,39,x,1,1,1,0
e01,39,x,1,1,1,0
e01,39,x,1,1,1,0
e01,39,x,1,1,1,0
e01,39,x,1,1,1,0
e01,39,x,1,1,1,0
e01,39,x,1,1,1,0
e01,39,x,1,1,1,0
e01,39,x,1,1,1,0
e01,39,x,1,1,1,0
e01,40,s,1,1,0,0
e01,40,s,1,1,0,0
e01,40,s,1,1,0,0
e01,40,s,1,1,0,0
e01,40,s,1,1,0,0
e01,40,s,1,1,0,1
e01,40,s,1,1,0,0
e01,40,s,1,1,0,0
e01,40,s,1,1,0,0
e01,40,s,1,1,0,0
e01,40,s,1,1,0,0
e01,40,s,1,1,0,0
e01,40,s,1,1,0,0
e01,40,s,1,1,0,0
e01,40,s,1,1,0,0
e01,40,s,1,1,0,0
e01,41,i,1,1,1,0
e01,41,i,1,1,1,1
e01,41,i,1,1,1,0
e01,41,i,1,1,1,0
e01,41,i,1,1,1,0
e01,41,i,1,1,1,0
e01,41,i,1,1,1,0
e01,41,i,1,1,1,0
e01,41,i,1,1,1,0
e01,41,i,1,1,1,0
e01,41,i,1,1,1,0
e01,41,i,1,1,1,0
e01,41,i,1,1,1,0
e01,41,i,1,1,1,0
e01,41,i,1,1,1,0
e01,41,i,1,1,1,0
e01,42,t,1,1,0,1
e01,42,t,1,1,0,1
e01,42,t,1,1,0,1
e01,42,t,1,1,0,1
e01,42,t,1,1,0,1
e01,42,t,1,1,0,1
e01,42,t,1,1,0,1
e01,42,t,1,1,0,1
e01,42,t,1,1,0,1
e01,42,t,1,1,0,1
e01,42,t,1,1,0,1
e01,42,t,1,1,0,1
e01,42,t,1,1,0,1
e01,42,t,1,1,0,1
e01,42,t,1,1,0,1
e01,42,t,1,1,0,1
e01,43,t,1,1,0,0
e01,43,t,1,1,0,0
e01,43,t,1,1,0,0
e01,43,t,1,1,0,0
e01,43,t,1,1,0,0
e01,43,t,1,1,0,0
e01,43,t,1,1,0,0
e01,43,t,1,1,0,0
e01,43,t,1,1,0,1
e01,43,t,1,1,0,0
e01,43,t,1,1,0,0
e01,43,t,1,1,0,0
e01,43,t,1,1,0,0
e01,43,t,1,1,0,0
e01,43,t,1,1,0,0
e01,43,t,1,1,0,1
e01,44,s,1,1,0,0
e01,44,s,1,1,0,0
e01,44,s,1,1,0,0
e01,44,s,1,1,0,0
e01,44,s,1,1,0,0
e01,44,s,1,1,0,0
e01,44,s,1,1,0,0
e01,44,s,1,1,0,0
e01,44,s,1,1,0,0
e01,44,s,1,1,0,0
e01,44,s,1,1,0,0
e01,44,s,1,1,0,0
e01,44,s,1,1,0,0
e01,44,s,1,1,0,0
e01,44,s,1,1,0,0
e01,44,s,1,1,0,0
e01,45,l,1,1,0,0
e01,45,l,1,1,0,1
e01,45,l,1,1,0,0
e01,45,l,1,1,0,0
e01,45,l,1,1,0,0
e01,45,l,1,1,0,0
e01,45,l,1,1,0,0
e01,45,l,1,1,0,0
e01,45,l,1,1,0,0
e01,45,l,1,1,0,0
e01,45,l,1,1,0,0
e01,45,l,1,1,0,0
e01,45,l,1,1,0,0
e01,45,l,1,1,0,0
e01,45,l,1,1,0,0
e01,45,l,1,1,0,0
e01,46,p,1,1,0,1
e01,46,p,1,1,0,1
e01,46,p,1,1,0,1
e01,46,p,1,1,0,0
e01,46,p,1,1,0,0
e01,46,p,1,1,0,1
e01,46,p,1,1,0,1
e01,46,p,1,1,0,1
e01,46,p,1,1,0,1
e01,46,p,1,1,0,0
e01,46,p,1,1,0,1
e01,46,p,1,1,0,1
e01,46,p,1,1,0,1
e01,46,p,1,1,0,1
e01,46,p,1,1,0,1
e01,46,p,1,1,0,1
e01,47,o,1,1,0,0
e01,47,o,1,1,0,0
e01,47,o,1,1,0,0
e01,47,o,1,1,0,0
e01,47,o,1,1,0,0
e01,47,o,1,1,0,0
e01,47,o,1,1,0,1
e01,47,o,1,1,0,0
e01,47,o,1,1,0,0
e01,47,o,1,1,0,0
e01,47,o,1,1,0,0
e01,47,o,1,1,0,0
e01,47,o,1,1,0,0
e01,47,o,1,1,0,0
e01,47,o,1,1,0,0
e01,47,o,1,1,0,0
e01,48,r,1,1,1,1
e01,48,r,1,1,1,1
e01,48,r,1,1,1,1
e01,48,r,1,1,1,1
e01,48,r,1,1,1,1
e01,48,r,1,1,1,1
e01,48,r,1,1,1,1
e01,48,r,1,1,1,1
e01,48,r,1,1,1,1
e01,48,r,1,1,1,1
e01,48,r,1,1,1,1
e01,48,r,1,1,1,1
e01,48,r,1,1,1,1
e01,48,r,1,1,1,1
e01,48,r,1,1,1,1
e01,48,r,1,1,1,1
e01,49,l,1,1,0,0
e01,49,l,1,1,0,0
e01,49,l,1,1,0,0
e01,49,l,1,1,0,0
e01,49,l,1,1,0,0
e01,49,l,1,1,0,0
e01,49,l,1,1,0,0
e01,49,l,1,1,0,0
e01,49,l,1,1,0,0
e01,49,l,1,1,0,0
e01,49,l,1,1,0,0
e01,49,l,1,1,0,0
e01,49,l,1,1,0,0
e01,49,l,1,1,0,0
e01,49,l,1,1,0,0
e01,49,l,1,1,0,0
e01,50,y,1,1,1,1
e01,50,y,1,1,1,0
e01,50,y,1,1,1,0
e01,50,y,1,1,1,0
e01,50,y,1,1,1,0
e01,50,y,1,1,1,1
e01,50,y,1,1,1,0
e01,50,y,1,1,1,1
e01,50,y,1,1,1,0
e01,50,y,1,1,1,0
e01,50,y,1,1,1,0
e01,50,y,1,1,1,1
e01,50,y,1,1,1,0
e01,50,y,1,1,1,0
e01,50,y,1,1,1,0
e01,50,y,1,1,1,0
e01,51,m,1,1,0,0
e01,51,m,1,1,0,0
e01,51,m,1,1,0,0
e01,51,m,1,1,0,0
e01,51,m,1,1,0,0
e01,51,m,1,1,0,0
e01,51,m,1,1,0,0
e01,51,m,1,1,0,0
e01,51,m,1,1,0,0
e01,51,m,1,1,0,0
e01,51,m,1,1,0,0
e01,51,m,1,1,0,0
e01,51,m,1,1,0,0
e01,51,m,1,1,0,0
e01,51,m,1,1,0,0
e01,51,m,1,1,0,0
e01,52,r,1,1,0,0
e01,52,r,1,1,0,0
e01,52,r,1,1,0,0
e01,52,r,1,1,0,0
e01,52,r,1,1,0,0
e01,52,r,1,1,0,0
e01,52,r,1,1,0,0
e01,52,r,1,1,0,0
e01,52,r,1,1,0,0
e01,52,r,1,1,0,0
e01,52,r,1,1,0,0
e01,52,r,1,1,0,0
e01,52,r,1,1,0,0
e01,52,r,1,1,0,0
e01,52,r,1,1,0,0
e01,52,r,1,1,0,0
e01,53,u,1,1,0,0
e01,53,u,1,1,0,0
e01,53,u,1,1,0,0
e01,53,u,1,1,0,0
e01,53,u,1,1,0,0
e01,53,u,1,1,0,0
e01,53,u,1,1,0,0
e01,53,u,1,1,0,0
e01,53,u,1,1,0,0
e01,53,u,1,1,0,0
e01,53,u,1,1,0,0
e01,53,u,1,1,0,0
e01,53,u,1,1,0,1
e01,53,u,1,1,0,0
e01,53,u,1,1,0,0
e01,53,u,1,1,0,1
e01,54,p,1,1,1,0
e01,54,p,1,1,1,0
e01,54,p,1,1,1,0
e01,54,p,1,1,1,0
e01,54,p,1,1,1,0
e01,54,p,1,1,1,0
e01,54,p,1,1,1,0
e01,54,p,1,1,1,0
e01,54,p,1,1,1,0
e01,54,p,1,1,1,0
e01,54,p,1,1,1,0
e01,54,p,1,1,1,0
e01,54,p,1,1,1,0
e01,54,p,1,1,1,0
e01,54,p,1,1,1,0
e01,54,p,1,1,1,0
e01,55,o,1,1,0,0
e01,55,o,1,1,0,0
e01,55,o,1,1,0,0
e01,55,o,1,1,0,0
e01,55,o,1,1,0,0
e01,55,o,1,1,0,0
e01,55,o,1,1,0,0
e01,55,o,1,1,0,0
e01,55,o,1,1,0,0
e01,55,o,1,1,0,0
e01,55,o,1,1,0,0
e01,55,o,1,1,0,0
e01,55,o,1,1,0,0
e01,55,o,1,1,0,0
e01,55,o,1,1,0,0
e01,55,o,1,1,0,1
e01,56,m,1,1,1,0
e01,56,m,1,1,1,0
e01,56,m,1,1,1,0
e01,56,m,1,1,1,0
e01,56,m,1,1,1,0
e01,56,m,1,1,1,0
e01,56,m,1,1,1,0
e01,56,m,1,1,1,0
e01,56,m,1,1,1,0
e01,56,m,1,1,1,0
e01,56,m,1,1,1,0
e01,56,m,1,1,1,0
e01,56,m,1,1,1,0
e01,56,m,1,1,1,0
e01,56,m,1,1,1,0
e01,56,m,1,1,1,0
e01,57,f,1,1,1,1
e01,57,f,1,1,1,0
e01,57,f,1,1,1,1
e01,57,f,1,1,1,0
e01,57,f,1,1,1,1
e01,57,f,1,1,1,0
e01,57,f,1,1,1,1
e01,57,f,1,1,1,1
e01,57,f,1,1,1,1
e01,57,f,1,1,1,1
e01,57,f,1,1,1,0
e01,57,f,1,1,1,0
e01,57,f,1,1,1,1
e01,57,f,1,1,1,1
e01,57,f,1,1,1,0
e01,57,f,1,1,1,1
e01,58,l,1,1,1,0
e01,58,l,1,1,1,0
e01,58,l,1,1,1,0
e01,58,l,1,1,1,0
e01,58,l,1,1,1,0
e01,58,l,1,1,1,0
e01,58,l,1,1,1,0
e01,58,l,1,1,1,0
e01,58,l,1,1,1,0
e01,58,l,1,1,1,0
e01,58,l,1,1,1,0
e01,58,l,1,1,1,0
e01,58,l,1,1,1,0
e01,58,l,1,1,1,0
e01,58,l,1,1,1,0
e01,58,l,1,1,1,0
e01,59,q,1,1,1,0
e01,59,q,1,1,1,0
e01,59,q,1,1,1,0
e01,59,q,1,1,1,0
e01,59,q,1,1,1,1
e01,59,q,1,1,1,0
e01,59,q,1,1,1,0
e01,59,q,1,1,1,0
e01,59,q,1,1,1,0
e01,59,q,1,1,1,1
e01,59,q,1,1,1,0
e01,59,q,1,1,1,1
e01,59,q,1,1,1,0
e01,59,q,1,1,1,0
e01,59,q,1,1,1,0
e01,59,q,1,1,1,0
e01,60,m,1,1,0,0
e01,60,m,1,1,0,0
e01,60,m,1,1,0,0
e01,60,m,1,1,0,0
e01,60,m,1,1,0,0
e01,60,m,1,1,0,1
e01,60,m,1,1,0,0
e01,60,m,1,1,0,0
e01,60,m,1,1,0,0
e01,60,m,1,1,0,0
e01,60,m,1,1,0,0
e01,60,m,1,1,0,0
e01,60,m,1,1,0,0
e01,60,m,1,1,0,0
e01,60,m,1,1,0,0
e01,60,m,1,1,0,1
e01,61,o,1,1,0,1
e01,61,o,1,1,0,1
e01,61,o,1,1,0,1
e01,61,o,1,1,0,1
e01,61,o,1,1,0,1
e01,61,o,1,1,0,1
e01,61,o,1,1,0,1
e01,61,o,1,1,0,1
e01,61,o,1,1,0,1
e01,61,o,1,1,0,1
e01,61,o,1,1,0,0
e01,61,o,1,1,0,1
e01,61,o,1,1,0,1
e01,61,o,1,1,0,1
e01,61,o,1,1,0,1
e01,61,o,1,1,0,1
e01,62,p,1,1,1,0
e01,62,p,1,1,1,0
e01,62,p,1,1,1,0
e01,62,p,1,1,1,0
e01,62,p,1,1,1,0
e01,62,p,1,1,1,0
e01,62,p,1,1,1,0
e01,62,p,1,1,1,0
e01,62,p,1,1,1,0
e01,62,p,1,1,1,1
e01,62,p,1,1,1,0
e01,62,p,1,1,1,0
e01,62,p,1,1,1,0
e01,62,p,1,1,1,0
e01,62,p,1,1,1,0
e01,62,p,1,1,1,0
e01,63,c,1,1,0,0
e01,63,c,1,1,0,0
e01,63,c,1,1,0,0
e01,63,c,1,1,0,0
e01,63,c,1,1,0,0
e01,63,c,1,1,0,0
e01,63,c,1,1,0,0
e01,63,c,1,1,0,0
e01,63,c,1,1,0,0
e01,63,c,1,1,0,0
e01,63,c,1,1,0,0
e01,63,c,1,1,0,0
e01,63,c,1,1,0,0
e01,63,c,1,1,0,0
e01,63,c,1,1,0,0
e01,63,c,1,1,0,0
e01,64,m,1,1,1,0
e01,64,m,1,1,1,0
e01,64,m,1,1,1,0
e01,64,m,1,1,1,0
e01,64,m,1,1,1,0
e01,64,m,1,1,1,0
e01,64,m,1,1,1,0
e01,64,m,1,1,1,0
e01,64,m,1,1,1,0
e01,64,m,1,1,1,0
e01,64,m,1,1,1,1
e01,64,m,1,1,1,0
e01,64,m,1,1,1,0
e01,64,m,1,1,1,1
e01,64,m,1,1,1,0
e01,64,m,1,1,1,0
e01,65,l,1,1,0,0
e01,65,l,1,1,0,0
e01,65,l,1,1,0,0
e01,65,l,1,1,0,0
e01,65,l,1,1,0,0
e01,65,l,1,1,0,0
e01,65,l,1,1,0,0
e01,65,l,1,1,0,0
e01,65,l,1,1,0,0
e01,65,l,1,1,0,0
e01,65,l,1,1,0,0
e01,65,l,1,1,0,0
e01,65,l,1,1,0,0
e01,65,l,1,1,0,0
e01,65,l,1,1,0,0
e01,65,l,1,1,0,0
e01,66,i,1,1,1,0
e01,66,i,1,1,1,0
e01,66,i,1,1,1,0
e01,66,i,1,1,1,0
e01,66,i,1,1,1,0
e01,66,i,1,1,1,0
e01,66,i,1,1,1,0
e01,66,i,1,1,1,0
e01,66,i,1,1,1,0
e01,66,i,1,1,1,0
e01,66,i,1,1,1,0
e01,66,i,1,1,1,0
e01,66,i,1,1,1,0
e01,66,i,1,1,1,0
e01,66,i,1,1,1,1
e01,66,i,1,1,1,0
e01,67,e,1,1,1,0
e01,67,e,1,1,1,0
e01,67,e,1,1,1,0
e01,67,e,1,1,1,1
e01,67,e,1,1,1,0
e01,67,e,1,1,1,0
e01,67,e,1,1,1,0
e01,67,e,1,1,1,0
e01,67,e,1,1,1,0
e01,67,e,1,1,1,0
e01,67,e,1,1,1,0
e01,67,e,1,1,1,0
e01,67,e,1,1,1,0
e01,67,e,1,1,1,0
e01,67,e,1,1,1,0
e01,67,e,1,1,1,0
e01,68,l,1,1,1,0
e01,68,l,1,1,1,1
e01,68,l,1,1,1,0
e01,68,l,1,1,1,0
e01,68,l,1,1,1,0
e01,68,l,1,1,1,0
e01,68,l,1,1,1,0
e01,68,l,1,1,1,1
e01,68,l,1,1,1,1
e01,68,l,1,1,1,0
e01,68,l,1,1,1,0
e01,68,l,1,1,1,0
e01,68,l,1,1,1,0
e01,68,l,1,1,1,0
e01,68,l,1,1,1,1
e01,68,l,1,1,1,0
e01,69,j,1,1,0,1
e01,69,j,1,1,0,1
e01,69,j,1,1,0,1
e01,69,j,1,1,0,1
e01,69,j,1,1,0,1
e01,69,j,1,1,0,1
e01,69,j,1,1,0,1
e01,69,j,1,1,0,1
e01,69,j,1,1,0,1
e01,69,j,1,1,0,0
e01,69,j,1,1,0,1
e01,69,j,1,1,0,1
e01,69,j,1,1,0,1
e01,69,j,1,1,0,1
e01,69,j,1,1,0,1
e01,69,j,1,1,0,1
e01,70,v,1,1,0,0
e01,70,v,1,1,0,0
e01,70,v,1,1,0,1
e01,70,v,1,1,0,0
e01,70,v,1,1,0,0
e01,70,v,1,1,0,0
e01,70,v,1,1,0,0
e01,70,v,1,1,0,0
e01,70,v,1,1,0,0
e01,70,v,1,1,0,0
e01,70,v,1,1,0,0
e01,70,v,1,1,0,0
e01,70,v,1,1,0,0
e01,70,v,1,1,0,0
e01,70,v,1,1,0,0
e01,70,v,1,1,0,0
e01,71,q,1,1,0,1
e01,71,q,1,1,0,1
e01,71,q,1,1,0,1
e01,71,q,1,1,0,1
e01,71,q,1,1,0,1
e01,71,q,1,1,0,1
e01,71,q,1,1,0,1
e01,71,q,1,1,0,1
e01,71,q,1,1,0,1
e01,71,q,1,1,0,1
e01,71,q,1,1,0,1
e01,71,q,1,1,0,1
e01,71,q,1,1,0,1
e01,71,q,1,1,0,1
e01,71,q,1,1,0,1
e01,71,q,1,1,0,1
e01,72,w,1,1,1,0
e01,72,w,1,1,1,0
e01,72,w,1,1,1,1
e01,72,w,1,1,1,0
e01,72,w,1,1,1,0
e01,72,w,1,1,1,0
e01,72,w,1,1,1,1
e01,72,w,1,1,1,0
e01,72,w,1,1,1,0
e01,72,w,1,1,1,0
e01,72,w,1,1,1,0
e01,72,w,1,1,1,1
e01,72,w,1,1,1,1
e01,72,w,1,1,1,0
e01,72,w,1,1,1,0
e01,72,w,1,1,1,1
e01,73,n,1,1,1,1
e01,73,n,1,1,1,1
e01,73,n,1,1,1,1
e01,73,n,1,1,1,1
e01,73,n,1,1,1,1
e01,73,n,1,1,1,1
e01,73,n,1,1,1,1
e01,73,n,1,1,1,1
e01,73,n,1,1,1,1
e01,73,n,1,1,1,1
e01,73,n,1,1,1,1
e01,73,n,1,1,1,1
e01,73,n,1,1,1,1
e01,73,n,1,1,1,0
e01,73,n,1,1,1,1
e01,73,n,1,1,1,1
e01,74,v,1,1,0,0
e01,74,v,1,1,0,0
e01,74,v,1,1,0,0
e01,74,v,1,1,0,0
e01,74,v,1,1,0,0
e01,74,v,1,1,0,0
e01,74,v,1,1,0,0
e01,74,v,1,1,0,0
e01,74,v,1,1,0,0
e01,74,v,1,1,0,1
e01,74,v,1,1,0,0
e01,74,v,1,1,0,0
e01,74,v,1,1,0,0
e01,74,v,1,1,0,0
e01,74,v,1,1,0,0
e01,74,v,1,1,0,0
e01,75,a,1,1,1,1
e01,75,a,1,1,1,0
e01,75,a,1,1,1,0
e01,75,a,1,1,1,0
e01,75,a,1,1,1,0
e01,75,a,1,1,1,0
e01,75,a,1,1,1,0
e01,75,a,1,1,1,0
e01,75,a,1,1,1,0
e01,75,a,1,1,1,0
e01,75,a,1,1,1,0
e01,75,a,1,1,1,0
e01,75,a,1,1,1,0
e01,75,a,1,1,1,1
e01,75,a,1,1,1,0
e01,75,a,1,1,1,1
e01,76,x,1,1,0,0
e01,76,x,1,1,0,0
e01,76,x,1,1,0,0
e01,76,x,1,1,0,0
e01,76,x,1,1,0,0
e01,76,x,1,1,0,0
e01,76,x,1,1,0,0
e01,76,x,1,1,0,0
e01,76,x,1,1,0,0
e01,76,x,1,1,0,0
e01,76,x,1,1,0,0
e01,76,x,1,1,0,0
e01,76,x,1,1,0,1
e01,76,x,1,1,0,0
e01,76,x,1,1,0,0
e01,76,x,1,1,0,0
e01,77,r,1,1,0,0
e01,77,r,1,1,0,0
e01,77,r,1,1,0,0
e01,77,r,1,1,0,0
e01,77,r,1,1,0,0
e01,77,r,1,1,0,0
e01,77,r,1,1,0,0
e01,77,r,1,1,0,0
e01,77,r,1,1,0,0
e01,77,r,1,1,0,0
e01,77,r,1,1,0,1
e01,77,r,1,1,0,0
e01,77,r,1,1,0,0
e01,77,r,1,1,0,0
e01,77,r,1,1,0,0
e01,77,r,1,1,0,0
e01,78,y,1,1,0,0
e01,78,y,1,1,0,0
e01,78,y,1,1,0,0
e01,78,y,1,1,0,0
e01,78,y,1,1,0,0
e01,78,y,1,1,0,0
e01,78,y,1,1,0,0
e01,78,y,1,1,0,0
e01,78,y,1,1,0,0
e01,78,y,1,1,0,0
e01,78,y,1,1,0,0
e01,78,y,1,1,0,0
e01,78,y,1,1,0,0
e01,78,y,1,1,0,0
e01,78,y,1,1,0,0
e01,78,y,1,1,0,0
e01,79,d,1,1,1,0
e01,79,d,1,1,1,0
e01,79,d,1,1,1,0
e01,79,d,1,1,1,0
e01,79,d,1,1,1,0
e01,79,d,1,1,1,0
e01,79,d,1,1,1,0
e01,79,d,1,1,1,0
e01,79,d,1,1,1,0
e01,79,d,1,1,1,0
e01,79,d,1,1,1,0
e01,79,d,1,1,1,0
e01,79,d,1,1,1,0
e01,79,d,1,1,1,1
e01,79,d,1,1,1,0
e01,79,d,1,1,1,0
e01,80,i,1,1,1,0
e01,80,i,1,1,1,0
e01,80,i,1,1,1,0
e01,80,i,1,1,1,0
e01,80,i,1,1,1,0
e01,80,i,1,1,1,0
e01,80,i,1,1,1,0
e01,80,i,1,1,1,0
e01,80,i,1,1,1,0
e01,80,i,1,1,1,0
e01,80,i,1,1,1,0
e01,80,i,1,1,1,0
e01,80,i,1,1,1,0
e01,80,i,1,1,1,0
e01,80,i,1,1,1,0
e01,80,i,1,1,1,0
e01,81,e,1,1,1,1
e01,81,e,1,1,1,1
e01,81,e,1,1,1,1
e01,81,e,1,1,1,1
e01,81,e,1,1,1,1
e01,81,e,1,1,1,1
e01,81,e,1,1,1,1
e01,81,e,1,1,1,1
e01,81,e,1,1,1,1
e01,81,e,1,1,1,1
e01,81,e,1,1,1,1
e01,81,e,1,1,1,1
e01,81,e,1,1,1,1
e01,81,e,1,1,1,1
e01,81,e,1,1,1,1
e01,81,e,1,1,1,1
e01,82,m,1,1,1,1
e01,82,m,1,1,1,1
e01,82,m,1,1,1,1
e01,82,m,1,1,1,1
e01,82,m,1,1,1,1
e01,82,m,1,1,1,1
e01,82,m,1,1,1,1
e01,82,m,1,1,1,1
e01,82,m,1,1,1,1
e01,82,m,1,1,1,1
e01,82,m,1,1,1,1
e01,82,m,1,1,1,1
e01,82,m,1,1,1,1
e01,82,m,1,1,1,1
e01,82,m,1,1,1,1
e01,82,m,1,1,1,1
e01,83,d,1,1,1,0
e01,83,d,1,1,1,0
e01,83,d,1,1,1,0
e01,83,d,1,1,1,0
e01,83,d,1,1,1,0
e01,83,d,1,1,1,0
e01,83,d,1,1,1,0
e01,83,d,1,1,1,0
e01,83,d,1,1,1,0
e01,83,d,1,1,1,0
e01,83,d,1,1,1,0
e01,83,d,1,1,1,0
e01,83,d,1,1,1,0
e01,83,d,1,1,1,0
e01,83,d,1,1,1,0
e01,83,d,1,1,1,0
e01,84,u,1,1,0,1
e01,84,u,1,1,0,1
e01,84,u,1,1,0,1
e01,84,u,1,1,0,1
e01,84,u,1,1,0,1
e01,84,u,1,1,0,1
e01,84,u,1,1,0,1
e01,84,u,1,1,0,0
e01,84,u,1,1,0,1
e01,84,u,1,1,0,1
e01,84,u,1,1,0,1
e01,84,u,1,1,0,1
e01,84,u,1,1,0,0
e01,84,u,1,1,0,1
e01,84,u,1,1,0,1
e01,84,u,1,1,0,1
e01,85,y,1,1,0,0
e01,85,y,1,1,0,0
e01,85,y,1,1,0,0
e01,85,y,1,1,0,0
e01,85,y,1,1,0,0
e01,85,y,1,1,0,0
e01,85,y,1,1,0,0
e01,85,y,1,1,0,0
e01,85,y,1,1,0,0
e01,85,y,1,1,0,0
e01,85,y,1,1,0,0
e01,85,y,1,1,0,0
e01,85,y,1,1,0,0
e01,85,y,1,1,0,0
e01,85,y,1,1,0,0
e01,85,y,1,1,0,0
e01,86,n,1,1,0,1
e01,86,n,1,1,0,0
e01,86,n,1,1,0,1
e01,86,n,1,1,0,1
e01,86,n,1,1,0,1
e01,86,n,1,1,0,1
e01,86,n,1,1,0,1
e01,86,n,1,1,0,1
e01,86,n,1,1,0,1
e01,86,n,1,1,0,1
e01,86,n,1,1,0,1
e01,86,n,1,1,0,1
e01,86,n,1,1,0,1
e01,86,n,1,1,0,1
e01,86,n,1,1,0,1
e01,86,n,1,1,0,1
e01,87,t,1,1,0,1
e01,87,t,1,1,0,1
e01,87,t,1,1,0,1
e01,87,t,1,1,0,1
e01,87,t,1,1,0,1
e01,87,t,1,1,0,0
e01,87,t,1,1,0,1
e01,87,t,1,1,0,1
e01,87,t,1,1,0,1
e01,87,t,1,1,0,1
e01,87,t,1,1,0,1
e01,87,t,1,1,0,1
e01,87,t,1,1,0,1
e01,87,t,1,1,0,1
e01,87,t,1,1,0,1
e01,87,t,1,1,0,1
e01,88,k,1,1,1,0
e01,88,k,1,1,1,0
e01,88,k,1,1,1,0
e01,88,k,1,1,1,0
e01,88,k,1,1,1,0
e01,88,k,1,1,1,0
e01,88,k,1,1,1,0
e01,88,k,1,1,1,0
e01,88,k,1,1,1,0
e01,88,k,1,1,1,0
e01,88,k,1,1,1,0
e01,88,k,1,1,1,0
e01,88,k,1,1,1,0
e01,88,k,1,1,1,0
e01,88,k,1,1,1,0
e01,88,k,1,1,1,0
e01,89,s,1,1,1,0
e01,89,s,1,1,1,0
e01,89,s,1,1,1,0
e01,89,s,1,1,1,0
e01,89,s,1,1,1,0
e01,89,s,1,1,1,0
e01,89,s,1,1,1,0
e01,89,s,1,1,1,0
e01,89,s,1,1,1,0
e01,89,s,1,1,1,0
e01,89,s,1,1,1,0
e01,89,s,1,1,1,0
e01,89,s,1,1,1,0
e01,89,s,1,1,1,0
e01,89,s,1,1,1,0
e01,89,s,1,1,1,0
e01,90,v,1,1,0,0
e01,90,v,1,1,0,1
e01,90,v,1,1,0,1
e01,90,v,1,1,0,1
e01,90,v,1,1,0,1
e01,90,v,1,1,0,1
e01,90,v,1,1,0,1
e01,90,v,1,1,0,1
e01,90,v,1,1,0,1
e01,90,v,1,1,0,1
e01,90,v,1,1,0,1
e01,90,v,1,1,0,1
e01,90,v,1,1,0,1
e01,90,v,1,1,0,1
e01,90,v,1,1,0,1
e01,90,v,1,1,0,1
e01,91,u,1,1,0,1
e01,91,u,1,1,0,1
e01,91,u,1,1,0,1
e01,91,u,1,1,0,1
e01,91,u,1,1,0,1
e01,91,u,1,1,0,0
e01,91,u,1,1,0,0
e01,91,u,1,1,0,1
e01,91,u,1,1,0,1
e01,91,u,1,1,0,1
e01,91,u,1,1,0,1
e01,91,u,1,1,0,1
e01,91,u,1,1,0,1
e01,91,u,1,1,0,0
e01,91,u,1,1,0,0
e01,91,u,1,1,0,1
e01,92,p,1,1,0,1
e01,92,p,1,1,0,1
e01,92,p,1,1,0,1
e01,92,p,1,1,0,1
e01,92,p,1,1,0,1
e01,92,p,1,1,0,1
e01,92,p,1,1,0,1
e01,92,p,1,1,0,1
e01,92,p,1,1,0,1
e01,92,p,1,1,0,1
e01,92,p,1,1,0,1
e01,92,p,1,1,0,1
e01,92,p,1,1,0,1
e01,92,p,1,1,0,1
e01,92,p,1,1,0,1
e01,92,p,1,1,0,1
e01,93,j,1,1,0,0
e01,93,j,1,1,0,0
e01,93,j,1,1,0,0
e01,93,j,1,1,0,0
e01,93,j,1,1,0,0
e01,93,j,1,1,0,0
e01,93,j,1,1,0,0
e01,93,j,1,1,0,1
e01,93,j,1,1,0,0
e01,93,j,1,1,0,0
e01,93,j,1,1,0,0
e01,93,j,1,1,0,0
e01,93,j,1,1,0,0
e01,93,j,1,1,0,0
e01,93,j,1,1,0,0
e01,93,j,1,1,0,0
e01,94,w,1,1,1,0
e01,94,w,1,1,1,0
e01,94,w,1,1,1,0
e01,94,w,1,1,1,0
e01,94,w,1,1,1,1
e01,94,w,1,1,1,0
e01,94,w,1,1,1,1
e01,94,w,1,1,1,1
e01,94,w,1,1,1,1
e01,94,w,1,1,1,1
e01,94,w,1,1,1,0
e01,94,w,1,1,1,1
e01,94,w,1,1,1,0
e01,94,w,1,1,1,1
e01,94,w,1,1,1,0
e01,94,w,1,1,1,0
e01,95,v,1,1,1,0
e01,95,v,1,1,1,0
e01,95,v,1,1,1,0
e01,95,v,1,1,1,0
e01,95,v,1,1,1,0
e01,95,v,1,1,1,0
e01,95,v,1,1,1,0
e01,95,v,1,1,1,0
e01,95,v,1,1,1,0
e01,95,v,1,1,1,0
e01,95,v,1,1,1,0
e01,95,v,1,1,1,0
e01,95,v,1,1,1,0
e01,95,v,1,1,1,0
e01,95,v,1,1,1,0
e01,95,v,1,1,1,0
e01,96,n,1,1,0,0
e01,96,n,1,1,0,0
e01,96,n,1,1,0,1
e01,96,n,1,1,0,1
e01,96,n,1,1,0,1
e01,96,n,1,1,0,1
e01,96,n,1,1,0,1
e01,96,n,1,1,0,1
e01,96,n,1,1,0,1
e01,96,n,1,1,0,1
e01,96,n,1,1,0,1
e01,96,n,1,1,0,1
e01,96,n,1,1,0,0
e01,96,n,1,1,0,1
e01,96,n,1,1,0,1
e01,96,n,1,1,0,1
e01,97,p,1,1,1,0
e01,97,p,1,1,1,0
e01,97,p,1,1,1,0
e01,97,p,1,1,1,0
e01,97,p,1,1,1,0
e01,97,p,1,1,1,0
e01,97,p,1,1,1,1
e01,97,p,1,1,1,0
e01,97,p,1,1,1,0
e01,97,p,1,1,1,0
e01,97,p,1,1,1,0
e01,97,p,1,1,1,0
e01,97,p,1,1,1,0
e01,97,p,1,1,1,0
e01,97,p,1,1,1,0
e01,97,p,1,1,1,0
e01,98,l,1,1,0,0
e01,98,l,1,1,0,1
e01,98,l,1,1,0,0
e01,98,l,1,1,0,0
e01,98,l,1,1,0,0
e01,98,l,1,1,0,0
e01,98,l,1,1,0,0
e01,98,l,1,1,0,0
e01,98,l,1,1,0,1
e01,98,l,1,1,0,0
e01,98,l,1,1,0,0
e01,98,l,1,1,0,0
e01,98,l,1,1,0,0
e01,98,l,1,1,0,1
e01,98,l,1,1,0,0
e01,98,l,1,1,0,0
e01,99,m,1,1,1,0
e01,99,m,1,1,1,0
e01,99,m,1,1,1,0
e01,99,m,1,1,1,0
e01,99,m,1,1,1,0
e01,99,m,1,1,1,0
e01,99,m,1,1,1,0
e01,99,m,1,1,1,0
e01,99,m,1,1,1,0
e01,99,m,1,1,1,0
e01,99,m,1,1,1,0
e01,99,m,1,1,1,0
e01,99,m,1,1,1,0
e01,99,m,1,1,1,0
e01,99,m,1,1,1,0
e01,99,m,1,1,1,0
e01,100,c,1,1,1,1
e01,100,c,1,1,1,1
e01,100,c,1,1,1,1
e01,100,c,1,1,1,1
e01,100,c,1,1,1,1
e01,100,c,1,1,1,1
e01,100,c,1,1,1,1
e01,100,c,1,1,1,1
e01,100,c,1,1,1,1
e01,100,c,1,1,1,1
e01,100,c,1,1,1,1
e01,100,c,1,1,1,1
e01,100,c,1,1,1,1
e01,100,c,1,1,1,1
e01,100,c,1,1,1,1
e01,100,c,1,1,1,1
e01,101,v,1,1,1,1
e01,101,v,1,1,1,1
e01,101,v,1,1,1,1
e01,101,v,1,1,1,1
e01,101,v,1,1,1,1
e01,101,v,1,1,1,1
e01,101,v,1,1,1,0
e01,101,v,1,1,1,1
e01,101,v,1,1,1,1
e01,101,v,1,1,1,1
e01,101,v,1,1,1,1
e01,101,v,1,1,1,1
e01,101,v,1,1,1,1
e01,101,v,1,1,1,0
e01,101,v,1,1,1,1
e01,101,v,1,1,1,1
e01,102,q,1,1,1,0
e01,102,q,1,1,1,0
e01,102,q,1,1,1,0
e01,102,q,1,1,1,0
e01,102,q,1,1,1,0
e01,102,q,1,1,1,0
e01,102,q,1,1,1,0
e01,102,q,1,1,1,1
e01,102,q,1,1,1,0
e01,102,q,1,1,1,0
e01,102,q,1,1,1,0
e01,102,q,1,1,1,0
e01,102,q,1,1,1,0
e01,102,q,1,1,1,0
e01,102,q,1,1,1,0
e01,102,q,1,1,1,0
e01,103,k,1,1,1,1
e01,103,k,1,1,1,1
e01,103,k,1,1,1,1
e01,103,k,1,1,1,1
e01,103,k,1,1,1,1
e01,103,k,1,1,1,1
e01,103,k,1,1,1,1
e01,103,k,1,1,1,1
e01,103,k,1,1,1,1
e01,103,k,1,1,1,1
e01,103,k,1,1,1,1
e01,103,k,1,1,1,1
e01,103,k,1,1,1,1
e01,103,k,1,1,1,1
e01,103,k,1,1,1,0
e01,103,k,1,1,1,1
e01,104,y,1,1,0,0
e01,104,y,1,1,0,0
e01,104,y,1,1,0,0
e01,104,y,1,1,0,0
e01,104,y,1,1,0,0
e01,104,y,1,1,0,0
e01,104,y,1,1,0,0
e01,104,y,1,1,0,0
e01,104,y,1,1,0,0
e01,104,y,1,1,0,0
e01,104,y,1,1,0,0
e01,104,y,1,1,0,0
e01,104,y,1,1,0,0
e01,104,y,1,1,0,0
e01,104,y,1,1,0,0
e01,104,y,1,1,0,0
e01,105,t,1,1,1,0
e01,105,t,1,1,1,0
e01,105,t,1,1,1,0
e01,105,t,1,1,1,0
e01,105,t,1,1,1,0
e01,105,t,1,1,1,0
e01,105,t,1,1,1,0
e01,105,t,1,1,1,0
e01,105,t,1,1,1,0
e01,105,t,1,1,1,0
e01,105,t,1,1,1,0
e01,105,t,1,1,1,0
e01,105,t,1,1,1,0
e01,105,t,1,1,1,0
e01,105,t,1,1,1,0
e01,105,t,1,1,1,0
e01,106,b,1,1,0,0
e01,106,b,1,1,0,0
e01,106,b,1,1,0,0
e01,106,b,1,1,0,0
e01,106,b,1,1,0,0
e01,106,b,1,1,0,0
e01,106,b,1,1,0,0
e01,106,b,1,1,0,0
e01,106,b,1,1,0,0
e01,106,b,1,1,0,0
e01,106,b,1,1,0,0
e01,106,b,1,1,0,0
e01,106,b,1,1,0,1
e01,106,b,1,1,0,0
e01,106,b,1,1,0,0
e01,106,b,1,1,0,0
e01,107,u,1,1,0,0
e01,107,u,1,1,0,0
e01,107,u,1,1,0,1
e01,107,u,1,1,0,1
e01,107,u,1,1,0,1
e01,107,u,1,1,0,1
e01,107,u,1,1,0,1
e01,107,u,1,1,0,0
e01,107,u,1,1,0,1
e01,107,u,1,1,0,1
e01,107,u,1,1,0,0
e01,107,u,1,1,0,1
e01,107,u,1,1,0,1
e01,107,u,1,1,0,0
e01,107,u,1,1,0,1
e01,107,u,1,1,0,1
e01,108,p,1,1,0,0
e01,108,p,1,1,0,0
e01,108,p,1,1,0,0
e01,108,p,1,1,0,0
e01,108,p,1,1,0,1
e01,108,p,1,1,0,0
e01,108,p,1,1,0,0
e01,108,p,1,1,0,0
e01,108,p,1,1,0,0
e01,108,p,1,1,0,0
e01,108,p,1,1,0,0
e01,108,p,1,1,0,0
e01,108,p,1,1,0,0
e01,108,p,1,1,0,1
e01,108,p,1,1,0,0
e01,108,p,1,1,0,1
e01,109,s,1,1,0,0
e01,109,s,1,1,0,0
e01,109,s,1,1,0,0
e01,109,s,1,1,0,0
e01,109,s,1,1,0,0
e01,109,s,1,1,0,0
e01,109,s,1,1,0,0
e01,109,s,1,1,0,0
e01,109,s,1,1,0,0
e01,109,s,1,1,0,0
e01,109,s,1,1,0,0
e01,109,s,1,1,0,1
e01,109,s,1,1,0,0
e01,109,s,1,1,0,0
e01,109,s,1,1,0,0
e01,109,s,1,1,0,0
e01,110,f,1,1,1,0
e01,110,f,1,1,1,0
e01,110,f,1,1,1,0
e01,110,f,1,1,1,0
e01,110,f,1,1,1,0
e01,110,f,1,1,1,0
e01,110,f,1,1,1,0
e01,110,f,1,1,1,0
e01,110,f,1,1,1,0
e01,110,f,1,1,1,1
e01,110,f,1,1,1,0
e01,110,f,1,1,1,0
e01,110,f,1,1,1,0
e01,110,f,1,1,1,0
e01,110,f,1,1,1,0
e01,110,f,1,1,1,0
e01,111,x,1,1,0,1
e01,111,x,1,1,0,1
e01,111,x,1,1,0,1
e01,111,x,1,1,0,1
e01,111,x,1,1,0,1
e01,111,x,1,1,0,1
e01,111,x,1,1,0,1
e01,111,x,1,1,0,1
e01,111,x,1,1,0,1
e01,111,x,1,1,0,1
e01,111,x,1,1,0,1
e01,111,x,1,1,0,1
e01,111,x,1,1,0,1
e01,111,x,1,1,0,1
e01,111,x,1,1,0,1
e01,111,x,1,1,0,1
e01,112,n,1,1,0,1
e01,112,n,1,1,0,1
e01,112,n,1,1,0,1
e01,112,n,1,1,0,1
e01,112,n,1,1,0,1
e01,112,n,1,1,0,1
e01,112,n,1,1,0,1
e01,112,n,1,1,0,1
e01,112,n,1,1,0,1
e01,112,n,1,1,0,1
e01,112,n,1,1,0,1
e01,112,n,1,1,0,1
e01,112,n,1,1,0,1
e01,112,n,1,1,0,1
e01,112,n,1,1,0,1
e01,112,n,1,1,0,1
e01,113,q,1,1,0,0
e01,113,q,1,1,0,0
e01,113,q,1,1,0,1
e01,113,q,1,1,0,0
e01,113,q,1,1,0,0
e01,113,q,1,1,0,0
e01,113,q,1,1,0,1
e01,113,q,1,1,0,0
e01,113,q,1,1,0,0
e01,113,q,1,1,0,0
e01,113,q,1,1,0,0
e01,113,q,1,1,0,0
e01,113,q,1,1,0,0
e01,113,q,1,1,0,1
e01,113,q,1,1,0,0
e01,113,q,1,1,0,0
e01,114,u,1,1,1,1
e01,114,u,1,1,1,1
e01,114,u,1,1,1,1
e01,114,u,1,1,1,1
e01,114,u,1,1,1,0
e01,114,u,1,1,1,1
e01,114,u,1,1,1,1
e01,114,u,1,1,1,1
e01,114,u,1,1,1,1
e01,114,u,1,1,1,1
e01,114,u,1,1,1,1
e01,114,u,1,1,1,1
e01,114,u,1,1,1,1
e01,114,u,1,1,1,0
e01,114,u,1,1,1,1
e01,114,u,1,1,1,1
e01,115,k,1,1,0,0
e01,115,k,1,1,0,0
e01,115,k,1,1,0,0
e01,115,k,1,1,0,0
e01,115,k,1,1,0,0
e01,115,k,1,1,0,0
e01,115,k,1,1,0,0
e01,115,k,1,1,0,0
e01,115,k,1,1,0,0
e01,115,k,1,1,0,0
e01,115,k,1,1,0,0
e01,115,k,1,1,0,0
e01,115,k,1,1,0,0
e01,115,k,1,1,0,0
e01,115,k,1,1,0,1
e01,115,k,1,1,0,0
e01,116,i,1,1,0,0
e01,116,i,1,1,0,0
e01,116,i,1,1,0,0
e01,116,i,1,1,0,1
e01,116,i,1,1,0,0
e01,116,i,1,1,0,0
e01,116,i,1,1,0,0
e01,116,i,1,1,0,0
e01,116,i,1,1,0,0
e01,116,i,1,1,0,0
e01,116,i,1,1,0,0
e01,116,i,1,1,0,0
e01,116,i,1,1,0,0
e01,116,i,1,1,0,0
e01,116,i,1,1,0,0
e01,116,i,1,1,0,0
e01,117,h,1,1,0,0
e01,117,h,1,1,0,0
e01,117,h,1,1,0,1
e01,117,h,1,1,0,0
e01,117,h,1,1,0,0
e01,117,h,1,1,0,0
e01,117,h,1,1,0,0
e01,117,h,1,1,0,0
e01,117,h,1,1,0,0
e01,117,h,1,1,0,0
e01,117,h,1,1,0,0
e01,117,h,1,1,0,0
e01,117,h,1,1,0,0
e01,117,h,1,1,0,0
e01,117,h,1,1,0,0
e01,117,h,1,1,0,0
e01,118,n,1,1,0,0
e01,118,n,1,1,0,0
e01,118,n,1,1,0,0
e01,118,n,1,1,0,0
e01,118,n,1,1,0,0
e01,118,n,1,1,0,0
e01,118,n,1,1,0,0
e01,118,n,1,1,0,0
e01,118,n,1,1,0,0
e01,118,n,1,1,0,0
e01,118,n,1,1,0,0
e01,118,n,1,1,0,0
e01,118,n,1,1,0,0
e01,118,n,1,1,0,0
e01,118,n,1,1,0,0
e01,118,n,1,1,0,0
e01,119,t,1,1,0,0
e01,119,t,1,1,0,0
e01,119,t,1,1,0,0
e01,119,t,1,1,0,0
e01,119,t,1,1,0,0
e01,119,t,1,1,0,0
e01,119,t,1,1,0,0
e01,119,t,1,1,0,0
e01,119,t,1,1,0,0
e01,119,t,1,1,0,0
e01,119,t,1,1,0,0
e01,119,t,1,1,0,0
e01,119,t,1,1,0,0
e01,119,t,1,1,0,0
e01,119,t,1,1,0,0
e01,119,t,1,1,0,0
e01,120,k,1,1,0,0
e01,120,k,1,1,0,0
e01,120,k,1,1,0,0
e01,120,k,1,1,0,0
e01,120,k,1,1,0,0
e01,120,k,1,1,0,0
e01,120,k,1,1,0,0
e01,120,k,1,1,0,0
e01,120,k,1,1,0,0
e01,120,k,1,1,0,0
e01,120,k,1,1,0,0
e01,120,k,1,1,0,0
e01,120,k,1,1,0,0
e01,120,k,1,1,0,0
e01,120,k,1,1,0,0
e01,120,k,1,1,0,0
e01,121,b,1,1,1,1
e01,121,b,1,1,1,1
e01,121,b,1,1,1,1
e01,121,b,1,1,1,1
e01,121,b,1,1,1,0
e01,121,b,1,1,1,1
e01,121,b,1,1,1,1
e01,121,b,1,1,1,1
e01,121,b,1,1,1,1
e01,121,b,1,1,1,0
e01,121,b,1,1,1,1
e01,121,b,1,1,1,0
e01,121,b,1,1,1,0
e01,121,b,1,1,1,1
e01,121,b,1,1,1,1
e01,121,b,1,1,1,0
e01,122,j,1,1,0,0
e01,122,j,1,1,0,0
e01,122,j,1,1,0,0
e01,122,j,1,1,0,0
e01,122,j,1,1,0,0
e01,122,j,1,1,0,1
e01,122,j,1,1,0,0
e01,122,j,1,1,0,0
e01,122,j,1,1,0,0
e01,122,j,1,1,0,0
e01,122,j,1,1,0,0
e01,122,j,1,1,0,0
e01,122,j,1,1,0,0
e01,122,j,1,1,0,0
e01,122,j,1,1,0,0
e01,122,j,1,1,0,0
e01,123,l,1,1,0,0
e01,123,l,1,1,0,1
e01,123,l,1,1,0,0
e01,123,l,1,1,0,1
e01,123,l,1,1,0,1
e01,123,l,1,1,0,1
e01,123,l,1,1,0,1
e01,123,l,1,1,0,0
e01,123,l,1,1,0,0
e01,123,l,1,1,0,0
e01,123,l,1,1,0,1
e01,123,l,1,1,0,1
e01,123,l,1,1,0,0
e01,123,l,1,1,0,0
e01,123,l,1,1,0,1
e01,123,l,1,1,0,1
e01,124,f,1,1,0,0
e01,124,f,1,1,0,0
e01,124,f,1,1,0,0
e01,124,f,1,1,0,0
e01,124,f,1,1,0,0
e01,124,f,1,1,0,0
e01,124,f,1,1,0,0
e01,124,f,1,1,0,0
e01,124,f,1,1,0,0
e01,124,f,1,1,0,0
e01,124,f,1,1,0,0
e01,124,f,1,1,0,0
e01,124,f,1,1,0,0
e01,124,f,1,1,0,0
e01,124,f,1,1,0,0
e01,124,f,1,1,0,0
e01,125,i,1,1,1,0
e01,125,i,1,1,1,1
e01,125,i,1,1,1,0
e01,125,i,1,1,1,0
e01,125,i,1,1,1,0
e01,125,i,1,1,1,0
e01,125,i,1,1,1,1
e01,125,i,1,1,1,0
e01,125,i,1,1,1,0
e01,125,i,1,1,1,0
e01,125,i,1,1,1,0
e01,125,i,1,1,1,1
e01,125,i,1,1,1,0
e01,125,i,1,1,1,0
e01,125,i,1,1,1,1
e01,125,i,1,1,1,0
e01,126,b,1,1,1,0
e01,126,b,1,1,1,0
e01,126,b,1,1,1,0
e01,126,b,1,1,1,0
e01,126,b,1,1,1,0
e01,126,b,1,1,1,0
e01,126,b,1,1,1,1
e01,126,b,1,1,1,0
e01,126,b,1,1,1,0
e01,126,b,1,1,1,0
e01,126,b,1,1,1,0
e01,126,b,1,1,1,0
e01,126,b,1,1,1,0
e01,126,b,1,1,1,0
e01,126,b,1,1,1,0
e01,126,b,1,1,1,0
e01,127,y,1,1,0,0
e01,127,y,1,1,0,0
e01,127,y,1,1,0,0
e01,127,y,1,1,0,0
e01,127,y,1,1,0,0
e01,127,y,1,1,0,0
e01,127,y,1,1,0,0
e01,127,y,1,1,0,0
e01,127,y,1,1,0,0
e01,127,y,1,1,0,0
e01,127,y,1,1,0,0
e01,127,y,1,1,0,0
e01,127,y,1,1,0,0
e01,127,y,1,1,0,0
e01,127,y,1,1,0,0
e01,127,y,1,1,0,0
e01,128,k,1,1,0,1
e01,128,k,1,1,0,1
e01,128,k,1,1,0,1
e01,128,k,1,1,0,1
e01,128,k,1,1,0,1
e01,128,k,1,1,0,1
e01,128,k,1,1,0,1
e01,128,k,1,1,0,1
e01,128,k,1,1,0,1
e01,128,k,1,1,0,1
e01,128,k,1,1,0,1
e01,128,k,1,1,0,1
e01,128,k,1,1,0,1
e01,128,k,1,1,0,1
e01,128,k,1,1,0,0
e01,128,k,1,1,0,1
e01,129,k,1,1,1,0
e01,129,k,1,1,1,1
e01,129,k,1,1,1,1
e01,129,k,1,1,1,1
e01,129,k,1,1,1,1
e01,129,k,1,1,1,1
e01,129,k,1,1,1,1
e01,129,k,1,1,1,1
e01,129,k,1,1,1,1
e01,129,k,1,1,1,0
e01,129,k,1,1,1,1
e01,129,k,1,1,1,1
e01,129,k,1,1,1,1
e01,129,k,1,1,1,0
e01,129,k,1,1,1,0
e01,129,k,1,1,1,1
e01,130,b,1,1,1,1
e01,130,b,1,1,1,0
e01,130,b,1,1,1,0
e01,130,b,1,1,1,0
e01,130,b,1,1,1,0
e01,130,b,1,1,1,0
e01,130,b,1,1,1,0
e01,130,b,1,1,1,0
e01,130,b,1,1,1,0
e01,130,b,1,1,1,0
e01,130,b,1,1,1,0
e01,130,b,1,1,1,0
e01,130,b,1,1,1,0
e01,130,b,1,1,1,0
e01,130,b,1,1,1,1
e01,130,b,1,1,1,0
e01,131,n,1,1,1,0
e01,131,n,1,1,1,0
e01,131,n,1,1,1,0
e01,131,n,1,1,1,0
e01,131,n,1,1,1,0
e01,131,n,1,1,1,0
e01,131,n,1,1,1,0
e01,131,n,1,1,1,0
e01,131,n,1,1,1,0
e01,131,n,1,1,1,0
e01,131,n,1,1,1,0
e01,131,n,1,1,1,0
e01,131,n,1,1,1,0
e01,131,n,1,1,1,0
e01,131,n,1,1,1,0
e01,131,n,1,1,1,0
e01,132,u,1,1,0,0
e01,132,u,1,1,0,0
e01,132,u,1,1,0,0
e01,132,u,1,1,0,0
e01,132,u,1,1,0,0
e01,132,u,1,1,0,0
e01,132,u,1,1,0,0
e01,132,u,1,1,0,0
e01,132,u,1,1,0,0
e01,132,u,1,1,0,0
e01,132,u,1,1,0,0
e01,132,u,1,1,0,0
e01,132,u,1,1,0,0
e01,132,u,1,1,0,0
e01,132,u,1,1,0,0
e01,132,u,1,1,0,0
e01,133,l,1,1,1,0
e01,133,l,1,1,1,0
e01,133,l,1,1,1,0
e01,133,l,1,1,1,0
e01,133,l,1,1,1,0
e01,133,l,1,1,1,0
e01,133,l,1,1,1,0
e01,133,l,1,1,1,0
e01,133,l,1,1,1,0
e01,133,l,1,1,1,0
e01,133,l,1,1,1,1
e01,133,l,1,1,1,0
e01,133,l,1,1,1,1
e01,133,l,1,1,1,0
e01,133,l,1,1,1,0
e01,133,l,1,1,1,0
e01,134,w,1,1,0,0
e01,134,w,1,1,0,1
e01,134,w,1,1,0,0
e01,134,w,1,1,0,0
e01,134,w,1,1,0,0
e01,134,w,1,1,0,0
e01,134,w,1,1,0,0
e01,134,w,1,1,0,0
e01,134,w,1,1,0,0
e01,134,w,1,1,0,0
e01,134,w,1,1,0,0
e01,134,w,1,1,0,0
e01,134,w,1,1,0,0
e01,134,w,1,1,0,0
e01,134,w,1,1,0,0
e01,134,w,1,1,0,0
e01,135,p,1,1,0,0
e01,135,p,1,1,0,0
e01,135,p,1,1,0,0
e01,135,p,1,1,0,0
e01,135,p,1,1,0,0
e01,135,p,1,1,0,0
e01,135,p,1,1,0,0
e01,135,p,1,1,0,0
e01,135,p,1,1,0,0
e01,135,p,1,1,0,0
e01,135,p,1,1,0,0
e01,135,p,1,1,0,0
e01,135,p,1,1,0,0
e01,135,p,1,1,0,1
e01,135,p,1,1,0,1
e01,135,p,1,1,0,0
e01,136,c,1,1,1,0
e01,136,c,1,1,1,0
e01,136,c,1,1,1,0
e01,136,c,1,1,1,0
e01,136,c,1,1,1,1
e01,136,c,1,1,1,0
e01,136,c,1,1,1,1
e01,136,c,1,1,1,0
e01,136,c,1,1,1,0
e01,136,c,1,1,1,0
e01,136,c,1,1,1,0
e01,136,c,1,1,1,0
e01,136,c,1,1,1,1
e01,136,c,1,1,1,1
e01,136,c,1,1,1,0
e01,136,c,1,1,1,0
e01,137,d,1,1,1,0
e01,137,d,1,1,1,0
e01,137,d,1,1,1,0
e01,137,d,1,1,1,0
e01,137,d,1,1,1,0
e01,137,d,1,1,1,0
e01,137,d,1,1,1,0
e01,137,d,1,1,1,0
e01,137,d,1,1,1,0
e01,137,d,1,1,1,0
e01,137,d,1,1,1,0
e01,137,d,1,1,1,0
e01,137,d,1,1,1,0
e01,137,d,1,1,1,0
e01,137,d,1,1,1,0
e01,137,d,1,1,1,0
e01,138,b,1,1,0,0
e01,138,b,1,1,0,0
e01,138,b,1,1,0,0
e01,138,b,1,1,0,0
e01,138,b,1,1,0,0
e01,138,b,1,1,0,0
e01,138,b,1,1,0,0
e01,138,b,1,1,0,0
e01,138,b,1,1,0,0
e01,138,b,1,1,0,0
e01,138,b,1,1,0,0
e01,138,b,1,1,0,0
e01,138,b,1,1,0,0
e01,138,b,1,1,0,0
e01,138,b,1,1,0,0
e01,138,b,1,1,0,0
e01,139,b,1,1,1,0
e01,139,b,1,1,1,0
e01,139,b,1,1,1,0
e01,139,b,1,1,1,0
e01,139,b,1,1,1,0
e01,139,b,1,1,1,0
e01,139,b,1,1,1,0
e01,139,b,1,1,1,0
e01,139,b,1,1,1,0
e01,139,b,1,1,1,0
e01,139,b,1,1,1,1
e01,139,b,1,1,1,0
e01,139,b,1,1,1,0
e01,139,b,1,1,1,0
e01,139,b,1,1,1,0
e01,139,b,1,1,1,0
e01,140,p,1,1,0,0
e01,140,p,1,1,0,1
e01,140,p,1,1,0,0
e01,140,p,1,1,0,0
e01,140,p,1,1,0,0
e01,140,p,1,1,0,0
e01,140,p,1,1,0,0
e01,140,p,1,1,0,0
e01,140,p,1,1,0,0
e01,140,p,1,1,0,0
e01,140,p,1,1,0,0
e01,140,p,1,1,0,0
e01,140,p,1,1,0,0
e01,140,p,1,1,0,0
e01,140,p,1,1,0,0
e01,140,p,1,1,0,0
e01,141,s,1,1,0,1
e01,141,s,1,1,0,0
e01,141,s,1,1,0,1
e01,141,s,1,1,0,0
e01,141,s,1,1,0,0
e01,141,s,1,1,0,0
e01,141,s,1,1,0,0
e01,141,s,1,1,0,0
e01,141,s,1,1,0,0
e01,141,s,1,1,0,0
e01,141,s,1,1,0,0
e01,141,s,1,1,0,0
e01,141,s,1,1,0,0
e01,141,s,1,1,0,0
e01,141,s,1,1,0,1
e01,141,s,1,1,0,0
e01,142,j,1,1,1,0
e01,142,j,1,1,1,0
e01,142,j,1,1,1,0
e01,142,j,1,1,1,0
e01,142,j,1,1,1,0
e01,142,j,1,1,1,0
e01,142,j,1,1,1,0
e01,142,j,1,1,1,0
e01,142,j,1,1,1,0
e01,142,j,1,1,1,0
e01,142,j,1,1,1,0
e01,142,j,1,1,1,0
e01,142,j,1,1,1,0
e01,142,j,1,1,1,0
e01,142,j,1,1,1,0
e01,142,j,1,1,1,0
e01,143,k,1,1,0,1
e01,143,k,1,1,0,1
e01,143,k,1,1,0,1
e01,143,k,1,1,0,1
e01,143,k,1,1,0,1
e01,143,k,1,1,0,1
e01,143,k,1,1,0,1
e01,143,k,1,1,0,1
e01,143,k,1,1,0,1
e01,143,k,1,1,0,1
e01,143,k,1,1,0,1
e01,143,k,1,1,0,1
e01,143,k,1,1,0,1
e01,143,k,1,1,0,1
e01,143,k,1,1,0,1
e01,143,k,1,1,0,1
e01,144,j,1,1,1,0
e01,144,j,1,1,1,0
e01,144,j,1,1,1,0
e01,144,j,1,1,1,0
e01,144,j,1,1,1,0
e01,144,j,1,1,1,0
e01,144,j,1,1,1,0
e01,144,j,1,1,1,0
e01,144,j,1,1,1,1
e01,144,j,1,1,1,0
e01,144,j,1,1,1,0
e01,144,j,1,1,1,0
e01,144,j,1,1,1,0
e01,144,j,1,1,1,0
e01,144,j,1,1,1,0
e01,144,j,1,1,1,0
e01,145,y,1,1,0,0
e01,145,y,1,1,0,0
e01,145,y,1,1,0,0
e01,145,y,1,1,0,0
e01,145,y,1,1,0,0
e01,145,y,1,1,0,0
e01,145,y,1,1,0,0
e01,145,y,1,1,0,0
e01,145,y,1,1,0,0
e01,145,y,1,1,0,0
e01,145,y,1,1,0,0
e01,145,y,1,1,0,0
e01,145,y,1,1,0,0
e01,145,y,1,1,0,0
e01,145,y,1,1,0,0
e01,145,y,1,1,0,1
e01,146,n,1,1,0,0
e01,146,n,1,1,0,0
e01,146,n,1,1,0,0
e01,146,n,1,1,0,0
e01,146,n,1,1,0,0
e01,146,n,1,1,0,0
e01,146,n,1,1,0,1
e01,146,n,1,1,0,0
e01,146,n,1,1,0,0
e01,146,n,1,1,0,0
e01,146,n,1,1,0,0
e01,146,n,1,1,0,0
e01,146,n,1,1,0,0
e01,146,n,1,1,0,0
e01,146,n,1,1,0,0
e01,146,n,1,1,0,1
e01,147,a,1,1,1,0
e01,147,a,1,1,1,0
e01,147,a,1,1,1,0
e01,147,a,1,1,1,0
e01,147,a,1,1,1,0
e01,147,a,1,1,1,0
e01,147,a,1,1,1,0
e01,147,a,1,1,1,0
e01,147,a,1,1,1,0
e01,147,a,1,1,1,0
e01,147,a,1,1,1,0
e01,147,a,1,1,1,0
e01,147,a,1,1,1,0
e01,147,a,1,1,1,0
e01,147,a,1,1,1,0
e01,147,a,1,1,1,0
e01,148,t,1,1,0,1
e01,148,t,1,1,0,0
e01,148,t,1,1,0,0
e01,148,t,1,1,0,1
e01,148,t,1,1,0,1
e01,148,t,1,1,0,1
e01,148,t,1,1,0,1
e01,148,t,1,1,0,1
e01,148,t,1,1,0,1
e01,148,t,1,1,0,1
e01,148,t,1,1,0,1
e01,148,t,1,1,0,1
e01,148,t,1,1,0,1
e01,148,t,1,1,0,1
e01,148,t,1,1,0,1
e01,148,t,1,1,0,1
e01,149,q,1,1,1,0
e01,149,q,1,1,1,0
e01,149,q,1,1,1,0
e01,149,q,1,1,1,0
e01,149,q,1,1,1,0
e01,149,q,1,1,1,0
e01,149,q,1,1,1,0
e01,149,q,1,1,1,0
e01,149,q,1,1,1,0
e01,149,q,1,1,1,0
e01,149,q,1,1,1,1
e01,149,q,1,1,1,0
e01,149,q,1,1,1,0
e01,149,q,1,1,1,0
e01,149,q,1,1,1,0
e01,149,q,1,1,1,0
e01,150,o,1,1,1,0
e01,150,o,1,1,1,0
e01,150,o,1,1,1,0
e01,150,o,1,1,1,0
e01,150,o,1,1,1,0
e01,150,o,1,1,1,0
e01,150,o,1,1,1,0
e01,150,o,1,1,1,0
e01,150,o,1,1,1,0
e01,150,o,1,1,1,0
e01,150,o,1,1,1,0
e01,150,o,1,1,1,0
e01,150,o,1,1,1,0
e01,150,o,1,1,1,0
e01,150,o,1,1,1,0
e01,150,o,1,1,1,0
e01,151,j,1,1,0,0
e01,151,j,1,1,0,0
e01,151,j,1,1,0,0
e01,151,j,1,1,0,0
e01,151,j,1,1,0,0
e01,151,j,1,1,0,0
e01,151,j,1,1,0,0
e01,151,j,1,1,0,0
e01,151,j,1,1,0,0
e01,151,j,1,1,0,0
e01,151,j,1,1,0,1
e01,151,j,1,1,0,0
e01,151,j,1,1,0,0
e01,151,j,1,1,0,0
e01,151,j,1,1,0,0
e01,151,j,1,1,0,0
e01,152,l,1,1,0,0
e01,152,l,1,1,0,0
e01,152,l,1,1,0,0
e01,152,l,1,1,0,0
e01,152,l,1,1,0,0
e01,152,l,1,1,0,0
e01,152,l,1,1,0,0
e01,152,l,1,1,0,0
e01,152,l,1,1,0,0
e01,152,l,1,1,0,0
e01,152,l,1,1,0,0
e01,152,l,1,1,0,0
e01,152,l,1,1,0,0
e01,152,l,1,1,0,0
e01,152,l,1,1,0,0
e01,152,l,1,1,0,0
e01,153,v,1,1,0,1
e01,153,v,1,1,0,1
e01,153,v,1,1,0,1
e01,153,v,1,1,0,1
e01,153,v,1,1,0,1
e01,153,v,1,1,0,1
e01,153,v,1,1,0,1
e01,153,v,1,1,0,1
e01,153,v,1,1,0,1
e01,153,v,1,1,0,1
e01,153,v,1,1,0,1
e01,153,v,1,1,0,1
e01,153,v,1,1,0,1
e01,153,v,1,1,0,1
e01,153,v,1,1,0,1
e01,153,v,1,1,0,1
e01,154,v,1,1,0,1
e01,154,v,1,1,0,1
e01,154,v,1,1,0,1
e01,154,v,1,1,0,1
e01,154,v,1,1,0,1
e01,154,v,1,1,0,1
e01,154,v,1,1,0,1
e01,154,v,1,1,0,1
e01,154,v,1,1,0,1
e01,154,v,1,1,0,1
e01,154,v,1,1,0,1
e01,154,v,1,1,0,1
e01,154,v,1,1,0,1
e01,154,v,1,1,0,1
e01,154,v,1,1,0,1
e01,154,v,1,1,0,1
e01,155,b,1,1,1,0
e01,155,b,1,1,1,0
e01,155,b,1,1,1,0
e01,155,b,1,1,1,0
e01,155,b,1,1,1,0
e01,155,b,1,1,1,0
e01,155,b,1,1,1,0
e01,155,b,1,1,1,0
e01,155,b,1,1,1,0
e01,155,b,1,1,1,0
e01,155,b,1,1,1,0
e01,155,b,1,1,1,0
e01,155,b,1,1,1,0
e01,155,b,1,1,1,0
e01,155,b,1,1,1,0
e01,155,b,1,1,1,0
e01,156,u,1,1,0,0
e01,156,u,1,1,0,0
e01,156,u,1,1,0,0
e01,156,u,1,1,0,0
e01,156,u,1,1,0,0
e01,156,u,1,1,0,0
e01,156,u,1,1,0,0
e01,156,u,1,1,0,0
e01,156,u,1,1,0,0
e01,156,u,1,1,0,0
e01,156,u,1,1,0,0
e01,156,u,1,1,0,0
e01,156,u,1,1,0,0
e01,156,u,1,1,0,0
e01,156,u,1,1,0,0
e01,156,u,1,1,0,0
e01,157,f,1,1,1,0
e01,157,f,1,1,1,0
e01,157,f,1,1,1,0
e01,157,f,1,1,1,0
e01,157,f,1,1,1,0
e01,157,f,1,1,1,0
e01,157,f,1,1,1,0
e01,157,f,1,1,1,0
e01,157,f,1,1,1,0
e01,157,f,1,1,1,1
e01,157,f,1,1,1,0
e01,157,f,1,1,1,0
e01,157,f,1,1,1,0
e01,157,f,1,1,1,0
e01,157,f,1,1,1,0
e01,157,f,1,1,1,0
e01,158,g,1,1,0,0
e01,158,g,1,1,0,0
e01,158,g,1,1,0,0
e01,158,g,1,1,0,0
e01,158,g,1,1,0,0
e01,158,g,1,1,0,0
e01,158,g,1,1,0,0
e01,158,g,1,1,0,0
e01,158,g,1,1,0,0
e01,158,g,1,1,0,0
e01,158,g,1,1,0,0
e01,158,g,1,1,0,0
e01,158,g,1,1,0,0
e01,158,g,1,1,0,0
e01,158,g,1,1,0,0
e01,158,g,1,1,0,0
e01,159,s,1,1,1,0
e01,159,s,1,1,1,1
e01,159,s,1,1,1,1
e01,159,s,1,1,1,1
e01,159,s,1,1,1,0
e01,159,s,1,1,1,1
e01,159,s,1,1,1,1
e01,159,s,1,1,1,1
e01,159,s,1,1,1,1
e01,159,s,1,1,1,0
e01,159,s,1,1,1,0
e01,159,s,1,1,1,1
e01,159,s,1,1,1,1
e01,159,s,1,1,1,1
e01,159,s,1,1,1,1
e01,159,s,1,1,1,1
e01,160,b,1,1,1,0
e01,160,b,1,1,1,0
e01,160,b,1,1,1,0
e01,160,b,1,1,1,0
e01,160,b,1,1,1,0
e01,160,b,1,1,1,0
e01,160,b,1,1,1,0
e01,160,b,1,1,1,0
e01,160,b,1,1,1,0
e01,160,b,1,1,1,0
e01,160,b,1,1,1,0
e01,160,b,1,1,1,0
e01,160,b,1,1,1,1
e01,160,b,1,1,1,0
e01,160,b,1,1,1,0
e01,160,b,1,1,1,0
e01,161,z,1,1,0,0
e01,161,z,1,1,0,0
e01,161,z,1,1,0,0
e01,161,z,1,1,0,0
e01,161,z,1,1,0,0
e01,161,z,1,1,0,0
e01,161,z,1,1,0,0
e01,161,z,1,1,0,1
e01,161,z,1,1,0,0
e01,161,z,1,1,0,0
e01,161,z,1,1,0,0
e01,161,z,1,1,0,0
e01,161,z,1,1,0,0
e01,161,z,1,1,0,0
e01,161,z,1,1,0,0
e01,161,z,1,1,0,0
e01,162,f,1,1,1,1
e01,162,f,1,1,1,1
e01,162,f,1,1,1,1
e01,162,f,1,1,1,1
e01,162,f,1,1,1,1
e01,162,f,1,1,1,1
e01,162,f,1,1,1,1
e01,162,f,1,1,1,1
e01,162,f,1,1,1,1
e01,162,f,1,1,1,1
e01,162,f,1,1,1,1
e01,162,f,1,1,1,1
e01,162,f,1,1,1,1
e01,162,f,1,1,1,1
e01,162,f,1,1,1,1
e01,162,f,1,1,1,1
e01,163,t,1,1,0,0
e01,163,t,1,1,0,0
e01,163,t,1,1,0,1
e01,163,t,1,1,0,0
e01,163,t,1,1,0,1
e01,163,t,1,1,0,0
e01,163,t,1,1,0,0
e01,163,t,1,1,0,0
e01,163,t,1,1,0,0
e01,163,t,1,1,0,1
e01,163,t,1,1,0,0
e01,163,t,1,1,0,1
e01,163,t,1,1,0,0
e01,163,t,1,1,0,0
e01,163,t,1,1,0,0
e01,163,t,1,1,0,1
e01,164,t,1,1,0,0
e01,164,t,1,1,0,0
e01,164,t,1,1,0,0
e01,164,t,1,1,0,0
e01,164,t,1,1,0,0
e01,164,t,1,1,0,0
e01,164,t,1,1,0,0
e01,164,t,1,1,0,0
e01,164,t,1,1,0,0
e01,164,t,1,1,0,0
e01,164,t,1,1,0,0
e01,164,t,1,1,0,0
e01,164,t,1,1,0,0
e01,164,t,1,1,0,0
e01,164,t,1,1,0,0
e01,164,t,1,1,0,0
e01,165,e,1,1,1,0
e01,165,e,1,1,1,0
e01,165,e,1,1,1,0
e01,165,e,1,1,1,0
e01,165,e,1,1,1,0
e01,165,e,1,1,1,0
e01,165,e,1,1,1,0
e01,165,e,1,1,1,0
e01,165,e,1,1,1,0
e01,165,e,1,1,1,0
e01,165,e,1,1,1,0
e01,165,e,1,1,1,0
e01,165,e,1,1,1,1
e01,165,e,1,1,1,0
e01,165,e,1,1,1,0
e01,165,e,1,1,1,0
e01,166,t,1,1,0,1
e01,166,t,1,1,0,1
e01,166,t,1,1,0,0
e01,166,t,1,1,0,1
e01,166,t,1,1,0,1
e01,166,t,1,1,0,1
e01,166,t,1,1,0,1
e01,166,t,1,1,0,1
e01,166,t,1,1,0,1
e01,166,t,1,1,0,0
e01,166,t,1,1,0,1
e01,166,t,1,1,0,1
e01,166,t,1,1,0,1
e01,166,t,1,1,0,1
e01,166,t,1,1,0,1
e01,166,t,1,1,0,1
e01,167,l,1,1,0,0
e01,167,l,1,1,0,0
e01,167,l,1,1,0,0
e01,167,l,1,1,0,0
e01,167,l,1,1,0,0
e01,167,l,1,1,0,0
e01,167,l,1,1,0,0
e01,167,l,1,1,0,0
e01,167,l,1,1,0,0
e01,167,l,1,1,0,0
e01,167,l,1,1,0,0
e01,167,l,1,1,0,0
e01,167,l,1,1,0,0
e01,167,l,1,1,0,0
e01,167,l,1,1,0,0
e01,167,l,1,1,0,0
e01,168,m,1,1,0,0
e01,168,m,1,1,0,0
e01,168,m,1,1,0,0
e01,168,m,1,1,0,0
e01,168,m,1,1,0,0
e01,168,m,1,1,0,0
e01,168,m,1,1,0,0
e01,168,m,1,1,0,0
e01,168,m,1,1,0,0
e01,168,m,1,1,0,0
e01,168,m,1,1,0,0
e01,168,m,1,1,0,0
e01,168,m,1,1,0,0
e01,168,m,1,1,0,0
e01,168,m,1,1,0,0
e01,168,m,1,1,0,0
e01,169,u,1,1,1,0
e01,169,u,1,1,1,0
e01,169,u,1,1,1,0
e01,169,u,1,1,1,0
e01,169,u,1,1,1,0
e01,169,u,1,1,1,0
e01,169,u,1,1,1,0
e01,169,u,1,1,1,0
e01,169,u,1,1,1,0
e01,169,u,1,1,1,0
e01,169,u,1,1,1,0
e01,169,u,1,1,1,0
e01,169,u,1,1,1,0
e01,169,u,1,1,1,0
e01,169,u,1,1,1,0
e01,169,u,1,1,1,0
e01,170,u,1,1,0,1
e01,170,u,1,1,0,1
e01,170,u,1,1,0,0
e01,170,u,1,1,0,0
e01,170,u,1,1,0,1
e01,170,u,1,1,0,0
e01,170,u,1,1,0,1
e01,170,u,1,1,0,0
e01,170,u,1,1,0,0
e01,170,u,1,1,0,0
e01,170,u,1,1,0,1
e01,170,u,1,1,0,1
e01,170,u,1,1,0,0
e01,170,u,1,1,0,1
e01,170,u,1,1,0,0
e01,170,u,1,1,0,0
e01,171,n,1,1,1,0
e01,171,n,1,1,1,0
e01,171,n,1,1,1,0
e01,171,n,1,1,1,0
e01,171,n,1,1,1,0
e01,171,n,1,1,1,0
e01,171,n,1,1,1,0
e01,171,n,1,1,1,0
e01,171,n,1,1,1,0
e01,171,n,1,1,1,0
e01,171,n,1,1,1,0
e01,171,n,1,1,1,0
e01,171,n,1,1,1,0
e01,171,n,1,1,1,0
e01,171,n,1,1,1,0
e01,171,n,1,1,1,0
e01,172,x,1,1,0,0
e01,172,x,1,1,0,0
e01,172,x,1,1,0,0
e01,172,x,1,1,0,0
e01,172,x,1,1,0,0
e01,172,x,1,1,0,0
e01,172,x,1,1,0,0
e01,172,x,1,1,0,0
e01,172,x,1,1,0,0
e01,172,x,1,1,0,0
e01,172,x,1,1,0,0
e01,172,x,1,1,0,0
e01,172,x,1,1,0,0
e01,172,x,1,1,0,0
e01,172,x,1,1,0,0
e01,172,x,1,1,0,1
e01,173,o,1,1,0,0
e01,173,o,1,1,0,0
e01,173,o,1,1,0,0
e01,173,o,1,1,0,0
e01,173,o,1,1,0,0
e01,173,o,1,1,0,0
e01,173,o,1,1,0,0
e01,173,o,1,1,0,0
e01,173,o,1,1,0,0
e01,173,o,1,1,0,0
e01,173,o,1,1,0,0
e01,173,o,1,1,0,0
e01,173,o,1,1,0,0
e01,173,o,1,1,0,0
e01,173,o,1,1,0,0
e01,173,o,1,1,0,1
e01,174,p,1,1,0,0
e01,174,p,1,1,0,0
e01,174,p,1,1,0,0
e01,174,p,1,1,0,0
e01,174,p,1,1,0,0
e01,174,p,1,1,0,0
e01,174,p,1,1,0,0
e01,174,p,1,1,0,0
e01,174,p,1,1,0,0
e01,174,p,1,1,0,0
e01,174,p,1,1,0,0
e01,174,p,1,1,0,0
e01,174,p,1,1,0,0
e01,174,p,1,1,0,0
e01,174,p,1,1,0,0
e01,174,p,1,1,0,0
e01,175,t,1,1,1,0
e01,175,t,1,1,1,0
e01,175,t,1,1,1,0
e01,175,t,1,1,1,0
e01,175,t,1,1,1,0
e01,175,t,1,1,1,0
e01,175,t,1,1,1,0
e01,175,t,1,1,1,0
e01,175,t,1,1,1,0
e01,175,t,1,1,1,0
e01,175,t,1,1,1,0
e01,175,t,1,1,1,0
e01,175,t,1,1,1,0
e01,175,t,1,1,1,0
e01,175,t,1,1,1,0
e01,175,t,1,1,1,0
e01,176,x,1,1,0,0
e01,176,x,1,1,0,0
e01,176,x,1,1,0,0
e01,176,x,1,1,0,0
e01,176,x,1,1,0,0
e01,176,x,1,1,0,0
e01,176,x,1,1,0,0
e01,176,x,1,1,0,0
e01,176,x,1,1,0,0
e01,176,x,1,1,0,0
e01,176,x,1,1,0,0
e01,176,x,1,1,0,0
e01,176,x,1,1,0,0
e01,176,x,1,1,0,0
e01,176,x,1,1,0,0
e01,176,x,1,1,0,0
e01,177,c,1,1,1,0
e01,177,c,1,1,1,1
e01,177,c,1,1,1,0
e01,177,c,1,1,1,1
e01,177,c,1,1,1,0
e01,177,c,1,1,1,1
e01,177,c,1,1,1,1
e01,177,c,1,1,1,0
e01,177,c,1,1,1,1
e01,177,c,1,1,1,1
e01,177,c,1,1,1,1
e01,177,c,1,1,1,0
e01,177,c,1,1,1,0
e01,177,c,1,1,1,1
e01,177,c,1,1,1,0
e01,177,c,1,1,1,0
e01,178,y,1,1,0,0
e01,178,y,1,1,0,0
e01,178,y,1,1,0,0
e01,178,y,1,1,0,0
e01,178,y,1,1,0,0
e01,178,y,1,1,0,0
e01,178,y,1,1,0,1
e01,178,y,1,1,0,0
e01,178,y,1,1,0,0
e01,178,y,1,1,0,0
e01,178,y,1,1,0,0
e01,178,y,1,1,0,0
e01,178,y,1,1,0,0
e01,178,y,1,1,0,0
e01,178,y,1,1,0,0
e01,178,y,1,1,0,0
e01,179,k,1,1,1,1
e01,179,k,1,1,1,0
e01,179,k,1,1,1,0
e01,179,k,1,1,1,1
e01,179,k,1,1,1,1
e01,179,k,1,1,1,1
e01,179,k,1,1,1,0
e01,179,k,1,1,1,1
e01,179,k,1,1,1,1
e01,179,k,1,1,1,1
e01,179,k,1,1,1,1
e01,179,k,1,1,1,1
e01,179,k,1,1,1,1
e01,179,k,1,1,1,1
e01,179,k,1,1,1,1
e01,179,k,1,1,1,1
e01,180,v,1,1,1,0
e01,180,v,1,1,1,0
e01,180,v,1,1,1,0
e01,180,v,1,1,1,1
e01,180,v,1,1,1,0
e01,180,v,1,1,1,0
e01,180,v,1,1,1,0
e01,180,v,1,1,1,0
e01,180,v,1,1,1,0
e01,180,v,1,1,1,0
e01,180,v,1,1,1,0
e01,180,v,1,1,1,0
e01,180,v,1,1,1,0
e01,180,v,1,1,1,0
e01,180,v,1,1,1,0
e01,180,v,1,1,1,0
e01,181,b,1,1,1,0
e01,181,b,1,1,1,0
e01,181,b,1,1,1,0
e01,181,b,1,1,1,0
e01,181,b,1,1,1,0
e01,181,b,1,1,1,0
e01,181,b,1,1,1,0
e01,181,b,1,1,1,0
e01,181,b,1,1,1,0
e01,181,b,1,1,1,0
e01,181,b,1,1,1,0
e01,181,b,1,1,1,0
e01,181,b,1,1,1,0
e01,181,b,1,1,1,0
e01,181,b,1,1,1,0
e01,181,b,1,1,1,0
e01,182,y,1,1,0,0
e01,182,y,1,1,0,0
e01,182,y,1,1,0,0
e01,182,y,1,1,0,0
e01,182,y,1,1,0,0
e01,182,y,1,1,0,0
e01,182,y,1,1,0,0
e01,182,y,1,1,0,0
e01,182,y,1,1,0,0
e01,182,y,1,1,0,0
e01,182,y,1,1,0,0
e01,182,y,1,1,0,0
e01,182,y,1,1,0,0
e01,182,y,1,1,0,0
e01,182,y,1,1,0,0
e01,182,y,1,1,0,0
e01,183,q,1,1,0,1
e01,183,q,1,1,0,1
e01,183,q,1,1,0,1
e01,183,q,1,1,0,1
e01,183,q,1,1,0,1
e01,183,q,1,1,0,1
e01,183,q,1,1,0,1
e01,183,q,1,1,0,1
e01,183,q,1,1,0,1
e01,183,q,1,1,0,1
e01,183,q,1,1,0,1
e01,183,q,1,1,0,1
e01,183,q,1,1,0,1
e01,183,q,1,1,0,1
e01,183,q,1,1,0,1
e01,183,q,1,1,0,1
e01,184,z,1,1,0,0
e01,184,z,1,1,0,0
e01,184,z,1,1,0,0
e01,184,z,1,1,0,0
e01,184,z,1,1,0,0
e01,184,z,1,1,0,0
e01,184,z,1,1,0,0
e01,184,z,1,1,0,0
e01,184,z,1,1,0,0
e01,184,z,1,1,0,0
e01,184,z,1,1,0,0
e01,184,z,1,1,0,0
e01,184,z,1,1,0,0
e01,184,z,1,1,0,0
e01,184,z,1,1,0,0
e01,184,z,1,1,0,0
e01,185,f,1,1,1,0
e01,185,f,1,1,1,0
e01,185,f,1,1,1,0
e01,185,f,1,1,1,0
e01,185,f,1,1,1,0
e01,185,f,1,1,1,0
e01,185,f,1,1,1,0
e01,185,f,1,1,1,0
e01,185,f,1,1,1,0
e01,185,f,1,1,1,0
e01,185,f,1,1,1,0
e01,185,f,1,1,1,0
e01,185,f,1,1,1,0
e01,185,f,1,1,1,0
e01,185,f,1,1,1,0
e01,185,f,1,1,1,0
e01,186,y,1,1,0,0
e01,186,y,1,1,0,0
e01,186,y,1,1,0,0
e01,186,y,1,1,0,0
e01,186,y,1,1,0,0
e01,186,y,1,1,0,0
e01,186,y,1,1,0,0
e01,186,y,1,1,0,0
e01,186,y,1,1,0,0
e01,186,y,1,1,0,0
e01,186,y,1,1,0,0
e01,186,y,1,1,0,0
e01,186,y,1,1,0,0
e01,186,y,1,1,0,0
e01,186,y,1,1,0,0
e01,186,y,1,1,0,0
e01,187,z,1,1,0,1
e01,187,z,1,1,0,0
e01,187,z,1,1,0,1
e01,187,z,1,1,0,1
e01,187,z,1,1,0,1
e01,187,z,1,1,0,1
e01,187,z,1,1,0,1
e01,187,z,1,1,0,0
e01,187,z,1,1,0,0
e01,187,z,1,1,0,1
e01,187,z,1,1,0,1
e01,187,z,1,1,0,0
e01,187,z,1,1,0,1
e01,187,z,1,1,0,1
e01,187,z,1,1,0,1
e01,187,z,1,1,0,1
e01,188,l,1,1,1,0
e01,188,l,1,1,1,0
e01,188,l,1,1,1,0
e01,188,l,1,1,1,0
e01,188,l,1,1,1,0
e01,188,l,1,1,1,0
e01,188,l,1,1,1,0
e01,188,l,1,1,1,0
e01,188,l,1,1,1,0
e01,188,l,1,1,1,0
e01,188,l,1,1,1,0
e01,188,l,1,1,1,0
e01,188,l,1,1,1,0
e01,188,l,1,1,1,0
e01,188,l,1,1,1,0
e01,188,l,1,1,1,0
e01,189,j,1,1,1,0
e01,189,j,1,1,1,0
e01,189,j,1,1,1,0
e01,189,j,1,1,1,0
e01,189,j,1,1,1,0
e01,189,j,1,1,1,0
e01,189,j,1,1,1,0
e01,189,j,1,1,1,0
e01,189,j,1,1,1,0
e01,189,j,1,1,1,0
e01,189,j,1,1,1,0
e01,189,j,1,1,1,0
e01,189,j,1,1,1,0
e01,189,j,1,1,1,0
e01,189,j,1,1,1,0
e01,189,j,1,1,1,0
e01,190,r,1,1,0,0
e01,190,r,1,1,0,0
e01,190,r,1,1,0,0
e01,190,r,1,1,0,0
e01,190,r,1,1,0,0
e01,190,r,1,1,0,0
e01,190,r,1,1,0,0
e01,190,r,1,1,0,1
e01,190,r,1,1,0,0
e01,190,r,1,1,0,0
e01,190,r,1,1,0,0
e01,190,r,1,1,0,0
e01,190,r,1,1,0,0
e01,190,r,1,1,0,0
e01,190,r,1,1,0,0
e01,190,r,1,1,0,0
e01,191,y,1,1,0,0
e01,191,y,1,1,0,0
e01,191,y,1,1,0,0
e01,191,y,1,1,0,0
e01,191,y,1,1,0,0
e01,191,y,1,1,0,0
e01,191,y,1,1,0,0
e01,191,y,1,1,0,0
e01,191,y,1,1,0,0
e01,191,y,1,1,0,0
e01,191,y,1,1,0,0
e01,191,y,1,1,0,0
e01,191,y,1,1,0,0
e01,191,y,1,1,0,0
e01,191,y,1,1,0,0
e01,191,y,1,1,0,0
e01,192,y,1,1,0,0
e01,192,y,1,1,0,0
e01,192,y,1,1,0,1
e01,192,y,1,1,0,0
e01,192,y,1,1,0,1
e01,192,y,1,1,0,1
e01,192,y,1,1,0,1
e01,192,y,1,1,0,1
e01,192,y,1,1,0,0
e01,192,y,1,1,0,0
e01,192,y,1,1,0,0
e01,192,y,1,1,0,1
e01,192,y,1,1,0,0
e01,192,y,1,1,0,1
e01,192,y,1,1,0,1
e01,192,y,1,1,0,1
e01,193,r,1,1,0,0
e01,193,r,1,1,0,0
e01,193,r,1,1,0,0
e01,193,r,1,1,0,0
e01,193,r,1,1,0,0
e01,193,r,1,1,0,1
e01,193,r,1,1,0,0
e01,193,r,1,1,0,1
e01,193,r,1,1,0,0
e01,193,r,1,1,0,0
e01,193,r,1,1,0,0
e01,193,r,1,1,0,0
e01,193,r,1,1,0,0
e01,193,r,1,1,0,0
e01,193,r,1,1,0,0
e01,193,r,1,1,0,0
e01,194,k,1,1,0,0
e01,194,k,1,1,0,0
e01,194,k,1,1,0,0
e01,194,k,1,1,0,0
e01,194,k,1,1,0,0
e01,194,k,1,1,0,0
e01,194,k,1,1,0,1
e01,194,k,1,1,0,1
e01,194,k,1,1,0,0
e01,194,k,1,1,0,0
e01,194,k,1,1,0,0
e01,194,k,1,1,0,0
e01,194,k,1,1,0,0
e01,194,k,1,1,0,1
e01,194,k,1,1,0,0
e01,194,k,1,1,0,0
e01,195,p,1,1,1,0
e01,195,p,1,1,1,0
e01,195,p,1,1,1,0
e01,195,p,1,1,1,0
e01,195,p,1,1,1,0
e01,195,p,1,1,1,0
e01,195,p,1,1,1,0
e01,195,p,1,1,1,0
e01,195,p,1,1,1,0
e01,195,p,1,1,1,0
e01,195,p,1,1,1,0
e01,195,p,1,1,1,0
e01,195,p,1,1,1,0
e01,195,p,1,1,1,0
e01,195,p,1,1,1,0
e01,195,p,1,1,1,0
e01,196,k,1,1,1,0
e01,196,k,1,1,1,0
e01,196,k,1,1,1,0
e01,196,k,1,1,1,0
e01,196,k,1,1,1,0
e01,196,k,1,1,1,1
e01,196,k,1,1,1,0
e01,196,k,1,1,1,0
e01,196,k,1,1,1,1
e01,196,k,1,1,1,0
e01,196,k,1,1,1,0
e01,196,k,1,1,1,0
e01,196,k,1,1,1,0
e01,196,k,1,1,1,0
e01,196,k,1,1,1,0
e01,196,k,1,1,1,0
e01,197,n,1,1,1,0
e01,197,n,1,1,1,1
e01,197,n,1,1,1,1
e01,197,n,1,1,1,1
e01,197,n,1,1,1,1
e01,197,n,1,1,1,1
e01,197,n,1,1,1,1
e01,197,n,1,1,1,0
e01,197,n,1,1,1,1
e01,197,n,1,1,1,1
e01,197,n,1,1,1,0
e01,197,n,1,1,1,1
e01,197,n,1,1,1,0
e01,197,n,1,1,1,1
e01,197,n,1,1,1,1
e01,197,n,1,1,1,1
e01,198,b,1,1,1,1
e01,198,b,1,1,1,1
e01,198,b,1,1,1,1
e01,198,b,1,1,1,1
e01,198,b,1,1,1,0
e01,198,b,1,1,1,1
e01,198,b,1,1,1,0
e01,198,b,1,1,1,1
e01,198,b,1,1,1,1
e01,198,b,1,1,1,1
e01,198,b,1,1,1,1
e01,198,b,1,1,1,0
e01,198,b,1,1,1,1
e01,198,b,1,1,1,0
e01,198,b,1,1,1,1
e01,198,b,1,1,1,1
e01,199,o,1,1,0,1
e01,199,o,1,1,0,1
e01,199,o,1,1,0,1
e01,199,o,1,1,0,1
e01,199,o,1,1,0,1
e01,199,o,1,1,0,1
e01,199,o,1,1,0,1
e01,199,o,1,1,0,0
e01,199,o,1,1,0,1
e01,199,o,1,1,0,1
e01,199,o,1,1,0,1
e01,199,o,1,1,0,1
e01,199,o,1,1,0,1
e01,199,o,1,1,0,1
e01,199,o,1,1,0,1
e01,199,o,1,1,0,1
e02,0,v,1,1,0,0
e02,0,v,1,1,0,1
e02,0,v,1,1,0,0
e02,0,v,1,1,0,0
e02,0,v,1,1,0,1
e02,0,v,1,1,0,0
e02,0,v,1,1,0,1
e02,0,v,1,1,0,0
e02,0,v,1,1,0,1
e02,0,v,1,1,0,1
e02,0,v,1,1,0,1
e02,0,v,1,1,0,0
e02,0,v,1,1,0,0
e02,0,v,1,1,0,1
e02,0,v,1,1,0,0
e02,0,v,1,1,0,1
e02,1,h,1,1,1,0
e02,1,h,1,1,1,0
e02,1,h,1,1,1,0
e02,1,h,1,1,1,0
e02,1,h,1,1,1,0
e02,1,h,1,1,1,0
e02,1,h,1,1,1,0
e02,1,h,1,1,1,0
e02,1,h,1,1,1,0
e02,1,h,1,1,1,0
e02,1,h,1,1,1,0
e02,1,h,1,1,1,0
e02,1,h,1,1,1,0
e02,1,h,1,1,1,0
e02,1,h,1,1,1,0
e02,1,h,1,1,1,0
e02,2,f,1,1,1,0
e02,2,f,1,1,1,0
e02,2,f,1,1,1,0
e02,2,f,1,1,1,1
e02,2,f,1,1,1,0
e02,2,f,1,1,1,1
e02,2,f,1,1,1,1
e02,2,f,1,1,1,0
e02,2,f,1,1,1,0
e02,2,f,1,1,1,1
e02,2,f,1,1,1,1
e02,2,f,1,1,1,0
e02,2,f,1,1,1,0
e02,2,f,1,1,1,1
e02,2,f,1,1,1,0
e02,2,f,1,1,1,1
e02,3,l,1,1,1,0
e02,3,l,1,1,1,0
e02,3,l,1,1,1,0
e02,3,l,1,1,1,0
e02,3,l,1,1,1,0
e02,3,l,1,1,1,0
e02,3,l,1,1,1,0
e02,3,l,1,1,1,0
e02,3,l,1,1,1,1
e02,3,l,1,1,1,0
e02,3,l,1,1,1,0
e02,3,l,1,1,1,0
e02,3,l,1,1,1,0
e02,3,l,1,1,1,0
e02,3,l,1,1,1,0
e02,3,l,1,1,1,0
e02,4,j,1,1,1,1
e02,4,j,1,1,1,0
e02,4,j,1,1,1,1
e02,4,j,1,1,1,0
e02,4,j,1,1,1,1
e02,4,j,1,1,1,0
e02,4,j,1,1,1,1
e02,4,j,1,1,1,0
e02,4,j,1,1,1,0
e02,4,j,1,1,1,1
e02,4,j,1,1,1,0
e02,4,j,1,1,1,1
e02,4,j,1,1,1,1
e02,4,j,1,1,1,0
e02,4,j,1,1,1,0
e02,4,j,1,1,1,0
e02,5,r,1,1,1,0
e02,5,r,1,1,1,1
e02,5,r,1,1,1,0
e02,5,r,1,1,1,1
e02,5,r,1,1,1,0
e02,5,r,1,1,1,1
e02,5,r,1,1,1,0
e02,5,r,1,1,1,0
e02,5,r,1,1,1,0
e02,5,r,1,1,1,0
e02,5,r,1,1,1,0
e02,5,r,1,1,1,0
e02,5,r,1,1,1,0
e02,5,r,1,1,1,0
e02,5,r,1,1,1,1
e02,5,r,1,1,1,0
e02,6,z,1,1,0,0
e02,6,z,1,1,0,0
e02,6,z,1,1,0,0
e02,6,z,1,1,0,0
e02,6,z,1,1,0,1
e02,6,z,1,1,0,0
e02,6,z,1,1,0,0
e02,6,z,1,1,0,0
e02,6,z,1,1,0,0
e02,6,z,1,1,0,1
e02,6,z,1,1,0,1
e02,6,z,1,1,0,0
e02,6,z,1,1,0,0
e02,6,z,1,1,0,0
e02,6,z,1,1,0,0
e02,6,z,1,1,0,1
e02,7,r,1,1,0,1
e02,7,r,1,1,0,0
e02,7,r,1,1,0,1
e02,7,r,1,1,0,0
e02,7,r,1,1,0,0
e02,7,r,1,1,0,1
e02,7,r,1,1,0,0
e02,7,r,1,1,0,0
e02,7,r,1,1,0,1
e02,7,r,1,1,0,0
e02,7,r,1,1,0,0
e02,7,r,1,1,0,1
e02,7,r,1,1,0,0
e02,7,r,1,1,0,0
e02,7,r,1,1,0,0
e02,7,r,1,1,0,0
e02,8,d,1,1,1,1
e02,8,d,1,1,1,1
e02,8,d,1,1,1,0
e02,8,d,1,1,1,1
e02,8,d,1,1,1,1
e02,8,d,1,1,1,1
e02,8,d,1,1,1,0
e02,8,d,1,1,1,1
e02,8,d,1,1,1,1
e02,8,d,1,1,1,0
e02,8,d,1,1,1,1
e02,8,d,1,1,1,0
e02,8,d,1,1,1,0
e02,8,d,1,1,1,1
e02,8,d,1,1,1,0
e02,8,d,1,1,1,1
e02,9,f,1,1,1,0
e02,9,f,1,1,1,0
e02,9,f,1,1,1,0
e02,9,f,1,1,1,1
e02,9,f,1,1,1,1
e02,9,f,1,1,1,0
e02,9,f,1,1,1,0
e02,9,f,1,1,1,0
e02,9,f,1,1,1,0
e02,9,f,1,1,1,0
e02,9,f,1,1,1,0
e02,9,f,1,1,1,1
e02,9,f,1,1,1,0
e02,9,f,1,1,1,0
e02,9,f,1,1,1,0
e02,9,f,1,1,1,0
e02,10,i,1,1,0,0
e02,10,i,1,1,0,1
e02,10,i,1,1,0,0
e02,10,i,1,1,0,0
e02,10,i,1,1,0,0
e02,10,i,1,1,0,1
e02,10,i,1,1,0,1
e02,10,i,1,1,0,0
e02,10,i,1,1,0,0
e02,10,i,1,1,0,0
e02,10,i,1,1,0,0
e02,10,i,1,1,0,0
e02,10,i,1,1,0,0
e02,10,i,1,1,0,1
e02,10,i,1,1,0,1
e02,10,i,1,1,0,0
e02,11,o,1,1,0,1
e02,11,o,1,1,0,0
e02,11,o,1,1,0,1
e02,11,o,1,1,0,0
e02,11,o,1,1,0,0
e02,11,o,1,1,0,0
e02,11,o,1,1,0,0
e02,11,o,1,1,0,0
e02,11,o,1,1,0,0
e02,11,o,1,1,0,0
e02,11,o,1,1,0,0
e02,11,o,1,1,0,0
e02,11,o,1,1,0,0
e02,11,o,1,1,0,0
e02,11,o,1,1,0,1
e02,11,o,1,1,0,0
e02,12,v,1,1,0,1
e02,12,v,1,1,0,1
e02,12,v,1,1,0,0
e02,12,v,1,1,0,1
e02,12,v,1,1,0,1
e02,12,v,1,1,0,1
e02,12,v,1,1,0,0
e02,12,v,1,1,0,1
e02,12,v,1,1,0,0
e02,12,v,1,1,0,1
e02,12,v,1,1,0,1
e02,12,v,1,1,0,1
e02,12,v,1,1,0,0
e02,12,v,1,1,0,0
e02,12,v,1,1,0,0
e02,12,v,1,1,0,1
e02,13,h,1,1,1,0
e02,13,h,1,1,1,0
e02,13,h,1,1,1,0
e02,13,h,1,1,1,0
e02,13,h,1,1,1,0
e02,13,h,1,1,1,0
e02,13,h,1,1,1,0
e02,13,h,1,1,1,0
e02,13,h,1,1,1,0
e02,13,h,1,1,1,0
e02,13,h,1,1,1,0
e02,13,h,1,1,1,1
e02,13,h,1,1,1,0
e02,13,h,1,1,1,0
e02,13,h,1,1,1,0
e02,13,h,1,1,1,0
e02,14,d,1,1,1,1
e02,14,d,1,1,1,1
e02,14,d,1,1,1,0
e02,14,d,1,1,1,0
e02,14,d,1,1,1,0
e02,14,d,1,1,1,0
e02,14,d,1,1,1,0
e02,14,d,1,1,1,0
e02,14,d,1,1,1,0
e02,14,d,1,1,1,1
e02,14,d,1,1,1,1
e02,14,d,1,1,1,0
e02,14,d,1,1,1,0
e02,14,d,1,1,1,0
e02,14,d,1,1,1,1
e02,14,d,1,1,1,0
e02,15,l,1,1,1,0
e02,15,l,1,1,1,0
e02,15,l,1,1,1,0
e02,15,l,1,1,1,0
e02,15,l,1,1,1,0
e02,15,l,1,1,1,0
e02,15,l,1,1,1,0
e02,15,l,1,1,1,0
e02,15,l,1,1,1,0
e02,15,l,1,1,1,0
e02,15,l,1,1,1,0
e02,15,l,1,1,1,0
e02,15,l,1,1,1,0
e02,15,l,1,1,1,0
e02,15,l,1,1,1,0
e02,15,l,1,1,1,0
e02,16,t,1,1,0,0
e02,16,t,1,1,0,0
e02,16,t,1,1,0,1
e02,16,t,1,1,0,1
e02,16,t,1,1,0,0
e02,16,t,1,1,0,1
e02,16,t,1,1,0,0
e02,16,t,1,1,0,1
e02,16,t,1,1,0,0
e02,16,t,1,1,0,1
e02,16,t,1,1,0,0
e02,16,t,1,1,0,1
e02,16,t,1,1,0,0
e02,16,t,1,1,0,1
e02,16,t,1,1,0,1
e02,16,t,1,1,0,1
e02,17,d,1,1,1,0
e02,17,d,1,1,1,0
e02,17,d,1,1,1,0
e02,17,d,1,1,1,0
e02,17,d,1,1,1,0
e02,17,d,1,1,1,0
e02,17,d,1,1,1,0
e02,17,d,1,1,1,1
e02,17,d,1,1,1,1
e02,17,d,1,1,1,0
e02,17,d,1,1,1,1
e02,17,d,1,1,1,0
e02,17,d,1,1,1,0
e02,17,d,1,1,1,1
e02,17,d,1,1,1,0
e02,17,d,1,1,1,0
e02,18,r,1,1,1,0
e02,18,r,1,1,1,0
e02,18,r,1,1,1,0
e02,18,r,1,1,1,0
e02,18,r,1,1,1,0
e02,18,r,1,1,1,0
e02,18,r,1,1,1,0
e02,18,r,1,1,1,0
e02,18,r,1,1,1,0
e02,18,r,1,1,1,0
e02,18,r,1,1,1,0
e02,18,r,1,1,1,1
e02,18,r,1,1,1,0
e02,18,r,1,1,1,0
e02,18,r,1,1,1,0
e02,18,r,1,1,1,0
e02,19,u,1,1,0,0
e02,19,u,1,1,0,0
e02,19,u,1,1,0,0
e02,19,u,1,1,0,0
e02,19,u,1,1,0,0
e02,19,u,1,1,0,0
e02,19,u,1,1,0,0
e02,19,u,1,1,0,0
e02,19,u,1,1,0,0
e02,19,u,1,1,0,0
e02,19,u,1,1,0,0
e02,19,u,1,1,0,0
e02,19,u,1,1,0,0
e02,19,u,1,1,0,0
e02,19,u,1,1,0,0
e02,19,u,1,1,0,0
e02,20,q,1,1,0,0
e02,20,q,1,1,0,0
e02,20,q,1,1,0,0
e02,20,q,1,1,0,0
e02,20,q,1,1,0,0
e02,20,q,1,1,0,0
e02,20,q,1,1,0,0
e02,20,q,1,1,0,1
e02,20,q,1,1,0,1
e02,20,q,1,1,0,0
e02,20,q,1,1,0,0
e02,20,q,1,1,0,0
e02,20,q,1,1,0,1
e02,20,q,1,1,0,0
e02,20,q,1,1,0,1
e02,20,q,1,1,0,0
e02,21,u,1,1,0,0
e02,21,u,1,1,0,0
e02,21,u,1,1,0,0
e02,21,u,1,1,0,0
e02,21,u,1,1,0,0
e02,21,u,1,1,0,1
e02,21,u,1,1,0,0
e02,21,u,1,1,0,1
e02,21,u,1,1,0,0
e02,21,u,1,1,0,0
e02,21,u,1,1,0,0
e02,21,u,1,1,0,0
e02,21,u,1,1,0,0
e02,21,u,1,1,0,1
e02,21,u,1,1,0,0
e02,21,u,1,1,0,0
e02,22,l,1,1,0,0
e02,22,l,1,1,0,1
e02,22,l,1,1,0,0
e02,22,l,1,1,0,0
e02,22,l,1,1,0,0
e02,22,l,1,1,0,0
e02,22,l,1,1,0,0
e02,22,l,1,1,0,0
e02,22,l,1,1,0,1
e02,22,l,1,1,0,0
e02,22,l,1,1,0,0
e02,22,l,1,1,0,0
e02,22,l,1,1,0,0
e02,22,l,1,1,0,1
e02,22,l,1,1,0,0
e02,22,l,1,1,0,0
e02,23,u,1,1,0,0
e02,23,u,1,1,0,1
e02,23,u,1,1,0,0
e02,23,u,1,1,0,0
e02,23,u,1,1,0,0
e02,23,u,1,1,0,1
e02,23,u,1,1,0,0
e02,23,u,1,1,0,1
e02,23,u,1,1,0,0
e02,23,u,1,1,0,1
e02,23,u,1,1,0,0
e02,23,u,1,1,0,0
e02,23,u,1,1,0,0
e02,23,u,1,1,0,1
e02,23,u,1,1,0,1
e02,23,u,1,1,0,0
e02,24,y,1,1,0,1
e02,24,y,1,1,0,0
e02,24,y,1,1,0,0
e02,24,y,1,1,0,1
e02,24,y,1,1,0,1
e02,24,y,1,1,0,0
e02,24,y,1,1,0,0
e02,24,y,1,1,0,0
e02,24,y,1,1,0,0
e02,24,y,1,1,0,0
e02,24,y,1,1,0,0
e02,24,y,1,1,0,1
e02,24,y,1,1,0,0
e02,24,y,1,1,0,0
e02,24,y,1,1,0,0
e02,24,y,1,1,0,0
e02,25,g,1,1,1,1
e02,25,g,1,1,1,1
e02,25,g,1,1,1,1
e02,25,g,1,1,1,1
e02,25,g,1,1,1,1
e02,25,g,1,1,1,0
e02,25,g,1,1,1,0
e02,25,g,1,1,1,1
e02,25,g,1,1,1,0
e02,25,g,1,1,1,1
e02,25,g,1,1,1,0
e02,25,g,1,1,1,1
e02,25,g,1,1,1,0
e02,25,g,1,1,1,0
e02,25,g,1,1,1,0
e02,25,g,1,1,1,0
e02,26,a,1,1,1,0
e02,26,a,1,1,1,0
e02,26,a,1,1,1,0
e02,26,a,1,1,1,0
e02,26,a,1,1,1,0
e02,26,a,1,1,1,1
e02,26,a,1,1,1,0
e02,26,a,1,1,1,0
e02,26,a,1,1,1,0
e02,26,a,1,1,1,1
e02,26,a,1,1,1,0
e02,26,a,1,1,1,0
e02,26,a,1,1,1,0
e02,26,a,1,1,1,0
e02,26,a,1,1,1,0
e02,26,a,1,1,1,1
e02,27,f,1,1,1,0
e02,27,f,1,1,1,0
e02,27,f,1,1,1,0
e02,27,f,1,1,1,0
e02,27,f,1,1,1,0
e02,27,f,1,1,1,0
e02,27,f,1,1,1,0
e02,27,f,1,1,1,0
e02,27,f,1,1,1,1
e02,27,f,1,1,1,0
e02,27,f,1,1,1,0
e02,27,f,1,1,1,0
e02,27,f,1,1,1,0
e02,27,f,1,1,1,0
e02,27,f,1,1,1,0
e02,27,f,1,1,1,0
e02,28,f,1,1,1,1
e02,28,f,1,1,1,0
e02,28,f,1,1,1,1
e02,28,f,1,1,1,0
e02,28,f,1,1,1,0
e02,28,f,1,1,1,0
e02,28,f,1,1,1,1
e02,28,f,1,1,1,0
e02,28,f,1,1,1,0
e02,28,f,1,1,1,1
e02,28,f,1,1,1,0
e02,28,f,1,1,1,1
e02,28,f,1,1,1,0
e02,28,f,1,1,1,0
e02,28,f,1,1,1,0
e02,28,f,1,1,1,0
e02,29,r,1,1,0,0
e02,29,r,1,1,0,0
e02,29,r,1,1,0,1
e02,29,r,1,1,0,0
e02,29,r,1,1,0,0
e02,29,r,1,1,0,1
e02,29,r,1,1,0,0
e02,29,r,1,1,0,1
e02,29,r,1,1,0,0
e02,29,r,1,1,0,1
e02,29,r,1,1,0,0
e02,29,r,1,1,0,0
e02,29,r,1,1,0,0
e02,29,r,1,1,0,0
e02,29,r,1,1,0,1
e02,29,r,1,1,0,0
e02,30,x,1,1,0,0
e02,30,x,1,1,0,1
e02,30,x,1,1,0,0
e02,30,x,1,1,0,0
e02,30,x,1,1,0,0
e02,30,x,1,1,0,0
e02,30,x,1,1,0,0
e02,30,x,1,1,0,0
e02,30,x,1,1,0,0
e02,30,x,1,1,0,0
e02,30,x,1,1,0,0
e02,30,x,1,1,0,1
e02,30,x,1,1,0,0
e02,30,x,1,1,0,0
e02,30,x,1,1,0,0
e02,30,x,1,1,0,1
e02,31,i,1,1,1,1
e02,31,i,1,1,1,0
e02,31,i,1,1,1,0
e02,31,i,1,1,1,0
e02,31,i,1,1,1,0
e02,31,i,1,1,1,1
e02,31,i,1,1,1,0
e02,31,i,1,1,1,0
e02,31,i,1,1,1,1
e02,31,i,1,1,1,1
e02,31,i,1,1,1,1
e02,31,i,1,1,1,1
e02,31,i,1,1,1,0
e02,31,i,1,1,1,1
e02,31,i,1,1,1,0
e02,31,i,1,1,1,0
e02,32,n,1,1,0,0
e02,32,n,1,1,0,0
e02,32,n,1,1,0,0
e02,32,n,1,1,0,0
e02,32,n,1,1,0,0
e02,32,n,1,1,0,1
e02,32,n,1,1,0,0
e02,32,n,1,1,0,0
e02,32,n,1,1,0,0
e02,32,n,1,1,0,0
e02,32,n,1,1,0,0
e02,32,n,1,1,0,0
e02,32,n,1,1,0,0
e02,32,n,1,1,0,0
e02,32,n,1,1,0,0
e02,32,n,1,1,0,0
e02,33,u,1,1,0,0
e02,33,u,1,1,0,0
e02,33,u,1,1,0,0
e02,33,u,1,1,0,0
e02,33,u,1,1,0,0
e02,33,u,1,1,0,0
e02,33,u,1,1,0,0
e02,33,u,1,1,0,0
e02,33,u,1,1,0,0
e02,33,u,1,1,0,0
e02,33,u,1,1,0,0
e02,33,u,1,1,0,1
e02,33,u,1,1,0,0
e02,33,u,1,1,0,0
e02,33,u,1,1,0,0
e02,33,u,1,1,0,0
e02,34,p,1,1,0,0
e02,34,p,1,1,0,0
e02,34,p,1,1,0,0
e02,34,p,1,1,0,0
e02,34,p,1,1,0,0
e02,34,p,1,1,0,0
e02,34,p,1,1,0,1
e02,34,p,1,1,0,0
e02,34,p,1,1,0,0
e02,34,p,1,1,0,0
e02,34,p,1,1,0,1
e02,34,p,1,1,0,0
e02,34,p,1,1,0,1
e02,34,p,1,1,0,1
e02,34,p,1,1,0,0
e02,34,p,1,1,0,0
e02,35,e,1,1,1,0
e02,35,e,1,1,1,1
e02,35,e,1,1,1,0
e02,35,e,1,1,1,1
e02,35,e,1,1,1,1
e02,35,e,1,1,1,0
e02,35,e,1,1,1,1
e02,35,e,1,1,1,1
e02,35,e,1,1,1,0
e02,35,e,1,1,1,0
e02,35,e,1,1,1,0
e02,35,e,1,1,1,0
e02,35,e,1,1,1,0
e02,35,e,1,1,1,0
e02,35,e,1,1,1,0
e02,35,e,1,1,1,0
e02,36,i,1,1,1,0
e02,36,i,1,1,1,0
e02,36,i,1,1,1,0
e02,36,i,1,1,1,0
e02,36,i,1,1,1,0
e02,36,i,1,1,1,0
e02,36,i,1,1,1,0
e02,36,i,1,1,1,0
e02,36,i,1,1,1,0
e02,36,i,1,1,1,0
e02,36,i,1,1,1,0
e02,36,i,1,1,1,0
e02,36,i,1,1,1,0
e02,36,i,1,1,1,0
e02,36,i,1,1,1,0
e02,36,i,1,1,1,0
e02,37,v,1,1,0,0
e02,37,v,1,1,0,0
e02,37,v,1,1,0,0
e02,37,v,1,1,0,1
e02,37,v,1,1,0,0
e02,37,v,1,1,0,0
e02,37,v,1,1,0,0
e02,37,v,1,1,0,1
e02,37,v,1,1,0,0
e02,37,v,1,1,0,0
e02,37,v,1,1,0,0
e02,37,v,1,1,0,0
e02,37,v,1,1,0,0
e02,37,v,1,1,0,1
e02,37,v,1,1,0,0
e02,37,v,1,1,0,0
e02,38,o,1,1,0,0
e02,38,o,1,1,0,0
e02,38,o,1,1,0,0
e02,38,o,1,1,0,0
e02,38,o,1,1,0,0
e02,38,o,1,1,0,0
e02,38,o,1,1,0,0
e02,38,o,1,1,0,0
e02,38,o,1,1,0,0
e02,38,o,1,1,0,0
e02,38,o,1,1,0,0
e02,38,o,1,1,0,0
e02,38,o,1,1,0,0
e02,38,o,1,1,0,0
e02,38,o,1,1,0,0
e02,38,o,1,1,0,0
e02,39,x,1,1,1,1
e02,39,x,1,1,1,0
e02,39,x,1,1,1,1
e02,39,x,1,1,1,0
e02,39,x,1,1,1,1
e02,39,x,1,1,1,0
e02,39,x,1,1,1,0
e02,39,x,1,1,1,1
e02,39,x,1,1,1,0
e02,39,x,1,1,1,0
e02,39,x,1,1,1,0
e02,39,x,1,1,1,0
e02,39,x,1,1,1,1
e02,39,x,1,1,1,0
e02,39,x,1,1,1,1
e02,39,x,1,1,1,0
e02,40,s,1,1,0,1
e02,40,s,1,1,0,0
e02,40,s,1,1,0,0
e02,40,s,1,1,0,0
e02,40,s,1,1,0,0
e02,40,s,1,1,0,0
e02,40,s,1,1,0,0
e02,40,s,1,1,0,0
e02,40,s,1,1,0,0
e02,40,s,1,1,0,0
e02,40,s,1,1,0,1
e02,40,s,1,1,0,1
e02,40,s,1,1,0,1
e02,40,s,1,1,0,0
e02,40,s,1,1,0,0
e02,40,s,1,1,0,0
e02,41,i,1,1,1,0
e02,41,i,1,1,1,0
e02,41,i,1,1,1,0
e02,41,i,1,1,1,0
e02,41,i,1,1,1,0
e02,41,i,1,1,1,0
e02,41,i,1,1,1,0
e02,41,i,1,1,1,0
e02,41,i,1,1,1,0
e02,41,i,1,1,1,0
e02,41,i,1,1,1,0
e02,41,i,1,1,1,0
e02,41,i,1,1,1,1
e02,41,i,1,1,1,0
e02,41,i,1,1,1,0
e02,41,i,1,1,1,0
e02,42,t,1,1,0,0
e02,42,t,1,1,0,0
e02,42,t,1,1,0,0
e02,42,t,1,1,0,0
e02,42,t,1,1,0,0
e02,42,t,1,1,0,0
e02,42,t,1,1,0,0
e02,42,t,1,1,0,0
e02,42,t,1,1,0,0
e02,42,t,1,1,0,1
e02,42,t,1,1,0,0
e02,42,t,1,1,0,0
e02,42,t,1,1,0,0
e02,42,t,1,1,0,0
e02,42,t,1,1,0,0
e02,42,t,1,1,0,0
e02,43,t,1,1,0,0
e02,43,t,1,1,0,0
e02,43,t,1,1,0,0
e02,43,t,1,1,0,1
e02,43,t,1,1,0,0
e02,43,t,1,1,0,0
e02,43,t,1,1,0,0
e02,43,t,1,1,0,0
e02,43,t,1,1,0,1
e02,43,t,1,1,0,0
e02,43,t,1,1,0,0
e02,43,t,1,1,0,0
e02,43,t,1,1,0,0
e02,43,t,1,1,0,1
e02,43,t,1,1,0,0
e02,43,t,1,1,0,0
e02,44,s,1,1,0,1
e02,44,s,1,1,0,0
e02,44,s,1,1,0,0
e02,44,s,1,1,0,0
e02,44,s,1,1,0,1
e02,44,s,1,1,0,1
e02,44,s,1,1,0,0
e02,44,s,1,1,0,0
e02,44,s,1,1,0,0
e02,44,s,1,1,0,0
e02,44,s,1,1,0,0
e02,44,s,1,1,0,0
e02,44,s,1,1,0,0
e02,44,s,1,1,0,0
e02,44,s,1,1,0,1
e02,44,s,1,1,0,0
e02,45,l,1,1,0,1
e02,45,l,1,1,0,0
e02,45,l,1,1,0,0
e02,45,l,1,1,0,1
e02,45,l,1,1,0,1
e02,45,l,1,1,0,1
e02,45,l,1,1,0,0
e02,45,l,1,1,0,0
e02,45,l,1,1,0,0
e02,45,l,1,1,0,0
e02,45,l,1,1,0,0
e02,45,l,1,1,0,1
e02,45,l,1,1,0,0
e02,45,l,1,1,0,0
e02,45,l,1,1,0,0
e02,45,l,1,1,0,0
e02,46,p,1,1,0,0
e02,46,p,1,1,0,1
e02,46,p,1,1,0,0
e02,46,p,1,1,0,0
e02,46,p,1,1,0,0
e02,46,p,1,1,0,0
e02,46,p,1,1,0,1
e02,46,p,1,1,0,0
e02,46,p,1,1,0,0
e02,46,p,1,1,0,1
e02,46,p,1,1,0,1
e02,46,p,1,1,0,0
e02,46,p,1,1,0,1
e02,46,p,1,1,0,0
e02,46,p,1,1,0,1
e02,46,p,1,1,0,0
e02,47,o,1,1,0,1
e02,47,o,1,1,0,0
e02,47,o,1,1,0,0
e02,47,o,1,1,0,0
e02,47,o,1,1,0,1
e02,47,o,1,1,0,1
e02,47,o,1,1,0,0
e02,47,o,1,1,0,0
e02,47,o,1,1,0,1
e02,47,o,1,1,0,0
e02,47,o,1,1,0,1
e02,47,o,1,1,0,0
e02,47,o,1,1,0,1
e02,47,o,1,1,0,0
e02,47,o,1,1,0,1
e02,47,o,1,1,0,1
e02,48,r,1,1,1,0
e02,48,r,1,1,1,0
e02,48,r,1,1,1,1
e02,48,r,1,1,1,0
e02,48,r,1,1,1,1
e02,48,r,1,1,1,0
e02,48,r,1,1,1,1
e02,48,r,1,1,1,1
e02,48,r,1,1,1,1
e02,48,r,1,1,1,1
e02,48,r,1,1,1,0
e02,48,r,1,1,1,1
e02,48,r,1,1,1,0
e02,48,r,1,1,1,0
e02,48,r,1,1,1,1
e02,48,r,1,1,1,0
e02,49,l,1,1,0,0
e02,49,l,1,1,0,0
e02,49,l,1,1,0,0
e02,49,l,1,1,0,0
e02,49,l,1,1,0,0
e02,49,l,1,1,0,1
e02,49,l,1,1,0,0
e02,49,l,1,1,0,0
e02,49,l,1,1,0,0
e02,49,l,1,1,0,0
e02,49,l,1,1,0,1
e02,49,l,1,1,0,1
e02,49,l,1,1,0,0
e02,49,l,1,1,0,0
e02,49,l,1,1,0,0
e02,49,l,1,1,0,0
e02,50,y,1,1,1,0
e02,50,y,1,1,1,1
e02,50,y,1,1,1,0
e02,50,y,1,1,1,0
e02,50,y,1,1,1,0
e02,50,y,1,1,1,0
e02,50,y,1,1,1,0
e02,50,y,1,1,1,0
e02,50,y,1,1,1,1
e02,50,y,1,1,1,0
e02,50,y,1,1,1,0
e02,50,y,1,1,1,0
e02,50,y,1,1,1,0
e02,50,y,1,1,1,0
e02,50,y,1,1,1,0
e02,50,y,1,1,1,0
e02,51,m,1,1,0,0
e02,51,m,1,1,0,0
e02,51,m,1,1,0,0
e02,51,m,1,1,0,0
e02,51,m,1,1,0,0
e02,51,m,1,1,0,0
e02,51,m,1,1,0,0
e02,51,m,1,1,0,0
e02,51,m,1,1,0,0
e02,51,m,1,1,0,0
e02,51,m,1,1,0,0
e02,51,m,1,1,0,0
e02,51,m,1,1,0,0
e02,51,m,1,1,0,0
e02,51,m,1,1,0,0
e02,51,m,1,1,0,0
e02,52,r,1,1,0,0
e02,52,r,1,1,0,0
e02,52,r,1,1,0,0
e02,52,r,1,1,0,0
e02,52,r,1,1,0,0
e02,52,r,1,1,0,0
e02,52,r,1,1,0,0
e02,52,r,1,1,0,0
e02,52,r,1,1,0,1
e02,52,r,1,1,0,1
e02,52,r,1,1,0,0
e02,52,r,1,1,0,1
e02,52,r,1,1,0,0
e02,52,r,1,1,0,0
e02,52,r,1,1,0,0
e02,52,r,1,1,0,0
e02,53,u,1,1,0,0
e02,53,u,1,1,0,0
e02,53,u,1,1,0,0
e02,53,u,1,1,0,0
e02,53,u,1,1,0,0
e02,53,u,1,1,0,0
e02,53,u,1,1,0,0
e02,53,u,1,1,0,0
e02,53,u,1,1,0,0
e02,53,u,1,1,0,0
e02,53,u,1,1,0,0
e02,53,u,1,1,0,0
e02,53,u,1,1,0,0
e02,53,u,1,1,0,0
e02,53,u,1,1,0,0
e02,53,u,1,1,0,1
e02,54,p,1,1,1,0
e02,54,p,1,1,1,0
e02,54,p,1,1,1,0
e02,54,p,1,1,1,0
e02,54,p,1,1,1,1
e02,54,p,1,1,1,1
e02,54,p,1,1,1,0
e02,54,p,1,1,1,0
e02,54,p,1,1,1,0
e02,54,p,1,1,1,0
e02,54,p,1,1,1,0
e02,54,p,1,1,1,0
e02,54,p,1,1,1,0
e02,54,p,1,1,1,0
e02,54,p,1,1,1,0
e02,54,p,1,1,1,0
e02,55,o,1,1,0,0
e02,55,o,1,1,0,0
e02,55,o,1,1,0,0
e02,55,o,1,1,0,0
e02,55,o,1,1,0,0
e02,55,o,1,1,0,0
e02,55,o,1,1,0,0
e02,55,o,1,1,0,0
e02,55,o,1,1,0,1
e02,55,o,1,1,0,1
e02,55,o,1,1,0,0
e02,55,o,1,1,0,1
e02,55,o,1,1,0,0
e02,55,o,1,1,0,0
e02,55,o,1,1,0,0
e02,55,o,1,1,0,0
e02,56,m,1,1,1,0
e02,56,m,1,1,1,1
e02,56,m,1,1,1,1
e02,56,m,1,1,1,0
e02,56,m,1,1,1,0
e02,56,m,1,1,1,0
e02,56,m,1,1,1,0
e02,56,m,1,1,1,1
e02,56,m,1,1,1,0
e02,56,m,1,1,1,0
e02,56,m,1,1,1,0
e02,56,m,1,1,1,0
e02,56,m,1,1,1,1
e02,56,m,1,1,1,1
e02,56,m,1,1,1,0
e02,56,m,1,1,1,1
e02,57,f,1,1,1,0
e02,57,f,1,1,1,0
e02,57,f,1,1,1,0
e02,57,f,1,1,1,0
e02,57,f,1,1,1,0
e02,57,f,1,1,1,1
e02,57,f,1,1,1,1
e02,57,f,1,1,1,1
e02,57,f,1,1,1,0
e02,57,f,1,1,1,1
e02,57,f,1,1,1,0
e02,57,f,1,1,1,1
e02,57,f,1,1,1,0
e02,57,f,1,1,1,1
e02,57,f,1,1,1,0
e02,57,f,1,1,1,1
e02,58,l,1,1,1,0
e02,58,l,1,1,1,0
e02,58,l,1,1,1,0
e02,58,l,1,1,1,0
e02,58,l,1,1,1,0
e02,58,l,1,1,1,1
e02,58,l,1,1,1,0
e02,58,l,1,1,1,0
e02,58,l,1,1,1,0
e02,58,l,1,1,1,0
e02,58,l,1,1,1,0
e02,58,l,1,1,1,0
e02,58,l,1,1,1,0
e02,58,l,1,1,1,0
e02,58,l,1,1,1,0
e02,58,l,1,1,1,0
e02,59,q,1,1,1,0
e02,59,q,1,1,1,0
e02,59,q,1,1,1,0
e02,59,q,1,1,1,0
e02,59,q,1,1,1,0
e02,59,q,1,1,1,1
e02,59,q,1,1,1,0
e02,59,q,1,1,1,0
e02,59,q,1,1,1,0
e02,59,q,1,1,1,0
e02,59,q,1,1,1,0
e02,59,q,1,1,1,0
e02,59,q,1,1,1,0
e02,59,q,1,1,1,0
e02,59,q,1,1,1,0
e02,59,q,1,1,1,0
e02,60,m,1,1,0,0
e02,60,m,1,1,0,0
e02,60,m,1,1,0,0
e02,60,m,1,1,0,0
e02,60,m,1,1,0,0
e02,60,m,1,1,0,0
e02,60,m,1,1,0,0
e02,60,m,1,1,0,0
e02,60,m,1,1,0,0
e02,60,m,1,1,0,0
e02,60,m,1,1,0,0
e02,60,m,1,1,0,1
e02,60,m,1,1,0,0
e02,60,m,1,1,0,0
e02,60,m,1,1,0,0
e02,60,m,1,1,0,0
e02,61,o,1,1,0,0
e02,61,o,1,1,0,0
e02,61,o,1,1,0,0
e02,61,o,1,1,0,0
e02,61,o,1,1,0,0
e02,61,o,1,1,0,0
e02,61,o,1,1,0,0
e02,61,o,1,1,0,0
e02,61,o,1,1,0,0
e02,61,o,1,1,0,0
e02,61,o,1,1,0,0
e02,61,o,1,1,0,0
e02,61,o,1,1,0,1
e02,61,o,1,1,0,0
e02,61,o,1,1,0,0
e02,61,o,1,1,0,0
e02,62,p,1,1,1,0
e02,62,p,1,1,1,0
e02,62,p,1,1,1,0
e02,62,p,1,1,1,0
e02,62,p,1,1,1,1
e02,62,p,1,1,1,1
e02,62,p,1,1,1,1
e02,62,p,1,1,1,0
e02,62,p,1,1,1,0
e02,62,p,1,1,1,1
e02,62,p,1,1,1,1
e02,62,p,1,1,1,0
e02,62,p,1,1,1,0
e02,62,p,1,1,1,1
e02,62,p,1,1,1,1
e02,62,p,1,1,1,0
e02,63,c,1,1,0,0
e02,63,c,1,1,0,0
e02,63,c,1,1,0,0
e02,63,c,1,1,0,0
e02,63,c,1,1,0,0
e02,63,c,1,1,0,0
e02,63,c,1,1,0,0
e02,63,c,1,1,0,0
e02,63,c,1,1,0,0
e02,63,c,1,1,0,0
e02,63,c,1,1,0,0
e02,63,c,1,1,0,0
e02,63,c,1,1,0,0
e02,63,c,1,1,0,0
e02,63,c,1,1,0,0
e02,63,c,1,1,0,0
e02,64,m,1,1,1,0
e02,64,m,1,1,1,0
e02,64,m,1,1,1,1
e02,64,m,1,1,1,1
e02,64,m,1,1,1,0
e02,64,m,1,1,1,0
e02,64,m,1,1,1,0
e02,64,m,1,1,1,0
e02,64,m,1,1,1,0
e02,64,m,1,1,1,0
e02,64,m,1,1,1,1
e02,64,m,1,1,1,1
e02,64,m,1,1,1,0
e02,64,m,1,1,1,1
e02,64,m,1,1,1,0
e02,64,m,1,1,1,0
e02,65,l,1,1,0,0
e02,65,l,1,1,0,1
e02,65,l,1,1,0,0
e02,65,l,1,1,0,0
e02,65,l,1,1,0,0
e02,65,l,1,1,0,0
e02,65,l,1,1,0,0
e02,65,l,1,1,0,0
e02,65,l,1,1,0,0
e02,65,l,1,1,0,0
e02,65,l,1,1,0,0
e02,65,l,1,1,0,0
e02,65,l,1,1,0,0
e02,65,l,1,1,0,0
e02,65,l,1,1,0,0
e02,65,l,1,1,0,1
e02,66,i,1,1,1,0
e02,66,i,1,1,1,0
e02,66,i,1,1,1,0
e02,66,i,1,1,1,0
e02,66,i,1,1,1,0
e02,66,i,1,1,1,0
e02,66,i,1,1,1,0
e02,66,i,1,1,1,0
e02,66,i,1,1,1,0
e02,66,i,1,1,1,0
e02,66,i,1,1,1,0
e02,66,i,1,1,1,0
e02,66,i,1,1,1,0
e02,66,i,1,1,1,1
e02,66,i,1,1,1,1
e02,66,i,1,1,1,0
e02,67,e,1,1,1,0
e02,67,e,1,1,1,0
e02,67,e,1,1,1,0
e02,67,e,1,1,1,0
e02,67,e,1,1,1,0
e02,67,e,1,1,1,0
e02,67,e,1,1,1,0
e02,67,e,1,1,1,0
e02,67,e,1,1,1,0
e02,67,e,1,1,1,0
e02,67,e,1,1,1,0
e02,67,e,1,1,1,0
e02,67,e,1,1,1,0
e02,67,e,1,1,1,0
e02,67,e,1,1,1,0
e02,67,e,1,1,1,0
e02,68,l,1,1,1,0
e02,68,l,1,1,1,0
e02,68,l,1,1,1,0
e02,68,l,1,1,1,1
e02,68,l,1,1,1,0
e02,68,l,1,1,1,1
e02,68,l,1,1,1,0
e02,68,l,1,1,1,0
e02,68,l,1,1,1,1
e02,68,l,1,1,1,1
e02,68,l,1,1,1,0
e02,68,l,1,1,1,0
e02,68,l,1,1,1,1
e02,68,l,1,1,1,1
e02,68,l,1,1,1,1
e02,68,l,1,1,1,0
e02,69,j,1,1,0,0
e02,69,j,1,1,0,0
e02,69,j,1,1,0,0
e02,69,j,1,1,0,0
e02,69,j,1,1,0,0
e02,69,j,1,1,0,0
e02,69,j,1,1,0,0
e02,69,j,1,1,0,0
e02,69,j,1,1,0,0
e02,69,j,1,1,0,0
e02,69,j,1,1,0,0
e02,69,j,1,1,0,0
e02,69,j,1,1,0,0
e02,69,j,1,1,0,1
e02,69,j,1,1,0,0
e02,69,j,1,1,0,0
e02,70,v,1,1,0,1
e02,70,v,1,1,0,0
e02,70,v,1,1,0,0
e02,70,v,1,1,0,0
e02,70,v,1,1,0,0
e02,70,v,1,1,0,0
e02,70,v,1,1,0,0
e02,70,v,1,1,0,0
e02,70,v,1,1,0,0
e02,70,v,1,1,0,0
e02,70,v,1,1,0,0
e02,70,v,1,1,0,0
e02,70,v,1,1,0,0
e02,70,v,1,1,0,0
e02,70,v,1,1,0,1
e02,70,v,1,1,0,0
e02,71,q,1,1,0,0
e02,71,q,1,1,0,0
e02,71,q,1,1,0,0
e02,71,q,1,1,0,0
e02,71,q,1,1,0,0
e02,71,q,1,1,0,0
e02,71,q,1,1,0,1
e02,71,q,1,1,0,0
e02,71,q,1,1,0,0
e02,71,q,1,1,0,0
e02,71,q,1,1,0,0
e02,71,q,1,1,0,0
e02,71,q,1,1,0,0
e02,71,q,1,1,0,0
e02,71,q,1,1,0,0
e02,71,q,1,1,0,0
e02,72,w,1,1,1,0
e02,72,w,1,1,1,0
e02,72,w,1,1,1,0
e02,72,w,1,1,1,0
e02,72,w,1,1,1,0
e02,72,w,1,1,1,0
e02,72,w,1,1,1,0
e02,72,w,1,1,1,0
e02,72,w,1,1,1,0
e02,72,w,1,1,1,0
e02,72,w,1,1,1,0
e02,72,w,1,1,1,0
e02,72,w,1,1,1,0
e02,72,w,1,1,1,0
e02,72,w,1,1,1,0
e02,72,w,1,1,1,1
e02,73,n,1,1,1,0
e02,73,n,1,1,1,1
e02,73,n,1,1,1,0
e02,73,n,1,1,1,1
e02,73,n,1,1,1,0
e02,73,n,1,1,1,0
e02,73,n,1,1,1,0
e02,73,n,1,1,1,1
e02,73,n,1,1,1,1
e02,73,n,1,1,1,0
e02,73,n,1,1,1,0
e02,73,n,1,1,1,0
e02,73,n,1,1,1,0
e02,73,n,1,1,1,1
e02,73,n,1,1,1,0
e02,73,n,1,1,1,0
e02,74,v,1,1,0,0
e02,74,v,1,1,0,0
e02,74,v,1,1,0,0
e02,74,v,1,1,0,1
e02,74,v,1,1,0,0
e02,74,v,1,1,0,0
e02,74,v,1,1,0,1
e02,74,v,1,1,0,1
e02,74,v,1,1,0,0
e02,74,v,1,1,0,0
e02,74,v,1,1,0,0
e02,74,v,1,1,0,1
e02,74,v,1,1,0,0
e02,74,v,1,1,0,1
e02,74,v,1,1,0,0
e02,74,v,1,1,0,0
e02,75,a,1,1,1,1
e02,75,a,1,1,1,1
e02,75,a,1,1,1,0
e02,75,a,1,1,1,0
e02,75,a,1,1,1,0
e02,75,a,1,1,1,0
e02,75,a,1,1,1,0
e02,75,a,1,1,1,1
e02,75,a,1,1,1,0
e02,75,a,1,1,1,0
e02,75,a,1,1,1,0
e02,75,a,1,1,1,0
e02,75,a,1,1,1,0
e02,75,a,1,1,1,1
e02,75,a,1,1,1,0
e02,75,a,1,1,1,1
e02,76,x,1,1,0,1
e02,76,x,1,1,0,1
e02,76,x,1,1,0,1
e02,76,x,1,1,0,0
e02,76,x,1,1,0,0
e02,76,x,1,1,0,1
e02,76,x,1,1,0,0
e02,76,x,1,1,0,0
e02,76,x,1,1,0,1
e02,76,x,1,1,0,0
e02,76,x,1,1,0,0
e02,76,x,1,1,0,0
e02,76,x,1,1,0,0
e02,76,x,1,1,0,1
e02,76,x,1,1,0,0
e02,76,x,1,1,0,0
e02,77,r,1,1,0,0
e02,77,r,1,1,0,0
e02,77,r,1,1,0,0
e02,77,r,1,1,0,1
e02,77,r,1,1,0,1
e02,77,r,1,1,0,0
e02,77,r,1,1,0,0
e02,77,r,1,1,0,1
e02,77,r,1,1,0,1
e02,77,r,1,1,0,0
e02,77,r,1,1,0,1
e02,77,r,1,1,0,1
e02,77,r,1,1,0,0
e02,77,r,1,1,0,0
e02,77,r,1,1,0,0
e02,77,r,1,1,0,1
e02,78,y,1,1,0,0
e02,78,y,1,1,0,1
e02,78,y,1,1,0,0
e02,78,y,1,1,0,0
e02,78,y,1,1,0,0
e02,78,y,1,1,0,1
e02,78,y,1,1,0,0
e02,78,y,1,1,0,0
e02,78,y,1,1,0,0
e02,78,y,1,1,0,0
e02,78,y,1,1,0,1
e02,78,y,1,1,0,1
e02,78,y,1,1,0,1
e02,78,y,1,1,0,0
e02,78,y,1,1,0,0
e02,78,y,1,1,0,1
e02,79,d,1,1,1,1
e02,79,d,1,1,1,0
e02,79,d,1,1,1,0
e02,79,d,1,1,1,0
e02,79,d,1,1,1,0
e02,79,d,1,1,1,1
e02,79,d,1,1,1,1
e02,79,d,1,1,1,1
e02,79,d,1,1,1,1
e02,79,d,1,1,1,1
e02,79,d,1,1,1,0
e02,79,d,1,1,1,1
e02,79,d,1,1,1,1
e02,79,d,1,1,1,1
e02,79,d,1,1,1,0
e02,79,d,1,1,1,1
e02,80,i,1,1,1,0
e02,80,i,1,1,1,0
e02,80,i,1,1,1,0
e02,80,i,1,1,1,0
e02,80,i,1,1,1,1
e02,80,i,1,1,1,0
e02,80,i,1,1,1,0
e02,80,i,1,1,1,0
e02,80,i,1,1,1,0
e02,80,i,1,1,1,0
e02,80,i,1,1,1,0
e02,80,i,1,1,1,0
e02,80,i,1,1,1,0
e02,80,i,1,1,1,0
e02,80,i,1,1,1,0
e02,80,i,1,1,1,0
e02,81,e,1,1,1,0
e02,81,e,1,1,1,1
e02,81,e,1,1,1,0
e02,81,e,1,1,1,0
e02,81,e,1,1,1,1
e02,81,e,1,1,1,0
e02,81,e,1,1,1,1
e02,81,e,1,1,1,1
e02,81,e,1,1,1,1
e02,81,e,1,1,1,1
e02,81,e,1,1,1,1
e02,81,e,1,1,1,1
e02,81,e,1,1,1,1
e02,81,e,1,1,1,1
e02,81,e,1,1,1,0
e02,81,e,1,1,1,0
e02,82,m,1,1,1,1
e02,82,m,1,1,1,1
e02,82,m,1,1,1,0
e02,82,m,1,1,1,0
e02,82,m,1,1,1,0
e02,82,m,1,1,1,0
e02,82,m,1,1,1,0
e02,82,m,1,1,1,1
e02,82,m,1,1,1,0
e02,82,m,1,1,1,0
e02,82,m,1,1,1,0
e02,82,m,1,1,1,1
e02,82,m,1,1,1,0
e02,82,m,1,1,1,0
e02,82,m,1,1,1,0
e02,82,m,1,1,1,0
e02,83,d,1,1,1,0
e02,83,d,1,1,1,0
e02,83,d,1,1,1,0
e02,83,d,1,1,1,0
e02,83,d,1,1,1,0
e02,83,d,1,1,1,0
e02,83,d,1,1,1,0
e02,83,d,1,1,1,0
e02,83,d,1,1,1,0
e02,83,d,1,1,1,0
e02,83,d,1,1,1,0
e02,83,d,1,1,1,0
e02,83,d,1,1,1,0
e02,83,d,1,1,1,0
e02,83,d,1,1,1,0
e02,83,d,1,1,1,0
e02,84,u,1,1,0,0
e02,84,u,1,1,0,0
e02,84,u,1,1,0,0
e02,84,u,1,1,0,1
e02,84,u,1,1,0,1
e02,84,u,1,1,0,0
e02,84,u,1,1,0,0
e02,84,u,1,1,0,0
e02,84,u,1,1,0,0
e02,84,u,1,1,0,0
e02,84,u,1,1,0,0
e02,84,u,1,1,0,1
e02,84,u,1,1,0,0
e02,84,u,1,1,0,1
e02,84,u,1,1,0,1
e02,84,u,1,1,0,1
e02,85,y,1,1,0,0
e02,85,y,1,1,0,0
e02,85,y,1,1,0,0
e02,85,y,1,1,0,0
e02,85,y,1,1,0,0
e02,85,y,1,1,0,0
e02,85,y,1,1,0,0
e02,85,y,1,1,0,0
e02,85,y,1,1,0,0
e02,85,y,1,1,0,1
e02,85,y,1,1,0,0
e02,85,y,1,1,0,1
e02,85,y,1,1,0,0
e02,85,y,1,1,0,1
e02,85,y,1,1,0,0
e02,85,y,1,1,0,0
e02,86,n,1,1,0,0
e02,86,n,1,1,0,1
e02,86,n,1,1,0,0
e02,86,n,1,1,0,1
e02,86,n,1,1,0,0
e02,86,n,1,1,0,0
e02,86,n,1,1,0,0
e02,86,n,1,1,0,0
e02,86,n,1,1,0,0
e02,86,n,1,1,0,0
e02,86,n,1,1,0,0
e02,86,n,1,1,0,0
e02,86,n,1,1,0,0
e02,86,n,1,1,0,0
e02,86,n,1,1,0,0
e02,86,n,1,1,0,0
e02,87,t,1,1,0,1
e02,87,t,1,1,0,0
e02,87,t,1,1,0,0
e02,87,t,1,1,0,1
e02,87,t,1,1,0,0
e02,87,t,1,1,0,0
e02,87,t,1,1,0,0
e02,87,t,1,1,0,0
e02,87,t,1,1,0,1
e02,87,t,1,1,0,0
e02,87,t,1,1,0,1
e02,87,t,1,1,0,0
e02,87,t,1,1,0,0
e02,87,t,1,1,0,0
e02,87,t,1,1,0,1
e02,87,t,1,1,0,0
e02,88,k,1,1,1,0
e02,88,k,1,1,1,0
e02,88,k,1,1,1,0
e02,88,k,1,1,1,0
e02,88,k,1,1,1,0
e02,88,k,1,1,1,0
e02,88,k,1,1,1,0
e02,88,k,1,1,1,0
e02,88,k,1,1,1,0
e02,88,k,1,1,1,0
e02,88,k,1,1,1,1
e02,88,k,1,1,1,0
e02,88,k,1,1,1,0
e02,88,k,1,1,1,0
e02,88,k,1,1,1,0
e02,88,k,1,1,1,0
e02,89,s,1,1,1,0
e02,89,s,1,1,1,0
e02,89,s,1,1,1,0
e02,89,s,1,1,1,0
e02,89,s,1,1,1,0
e02,89,s,1,1,1,0
e02,89,s,1,1,1,0
e02,89,s,1,1,1,0
e02,89,s,1,1,1,0
e02,89,s,1,1,1,0
e02,89,s,1,1,1,1
e02,89,s,1,1,1,0
e02,89,s,1,1,1,0
e02,89,s,1,1,1,0
e02,89,s,1,1,1,0
e02,89,s,1,1,1,0
e02,90,v,1,1,0,1
e02,90,v,1,1,0,0
e02,90,v,1,1,0,0
e02,90,v,1,1,0,0
e02,90,v,1,1,0,1
e02,90,v,1,1,0,0
e02,90,v,1,1,0,1
e02,90,v,1,1,0,0
e02,90,v,1,1,0,0
e02,90,v,1,1,0,0
e02,90,v,1,1,0,0
e02,90,v,1,1,0,0
e02,90,v,1,1,0,0
e02,90,v,1,1,0,0
e02,90,v,1,1,0,0
e02,90,v,1,1,0,0
e02,91,u,1,1,0,0
e02,91,u,1,1,0,0
e02,91,u,1,1,0,1
e02,91,u,1,1,0,0
e02,91,u,1,1,0,0
e02,91,u,1,1,0,0
e02,91,u,1,1,0,0
e02,91,u,1,1,0,0
e02,91,u,1,1,0,0
e02,91,u,1,1,0,0
e02,91,u,1,1,0,0
e02,91,u,1,1,0,0
e02,91,u,1,1,0,0
e02,91,u,1,1,0,0
e02,91,u,1,1,0,0
e02,91,u,1,1,0,0
e02,92,p,1,1,0,0
e02,92,p,1,1,0,0
e02,92,p,1,1,0,0
e02,92,p,1,1,0,0
e02,92,p,1,1,0,0
e02,92,p,1,1,0,0
e02,92,p,1,1,0,1
e02,92,p,1,1,0,0
e02,92,p,1,1,0,0
e02,92,p,1,1,0,0
e02,92,p,1,1,0,0
e02,92,p,1,1,0,0
e02,92,p,1,1,0,0
e02,92,p,1,1,0,0
e02,92,p,1,1,0,0
e02,92,p,1,1,0,0
e02,93,j,1,1,0,0
e02,93,j,1,1,0,1
e02,93,j,1,1,0,0
e02,93,j,1,1,0,1
e02,93,j,1,1,0,1
e02,93,j,1,1,0,0
e02,93,j,1,1,0,0
e02,93,j,1,1,0,1
e02,93,j,1,1,0,0
e02,93,j,1,1,0,0
e02,93,j,1,1,0,1
e02,93,j,1,1,0,1
e02,93,j,1,1,0,0
e02,93,j,1,1,0,0
e02,93,j,1,1,0,0
e02,93,j,1,1,0,0
e02,94,w,1,1,1,1
e02,94,w,1,1,1,0
e02,94,w,1,1,1,0
e02,94,w,1,1,1,1
e02,94,w,1,1,1,0
e02,94,w,1,1,1,0
e02,94,w,1,1,1,0
e02,94,w,1,1,1,1
e02,94,w,1,1,1,1
e02,94,w,1,1,1,0
e02,94,w,1,1,1,0
e02,94,w,1,1,1,1
e02,94,w,1,1,1,1
e02,94,w,1,1,1,0
e02,94,w,1,1,1,0
e02,94,w,1,1,1,0
e02,95,v,1,1,1,0
e02,95,v,1,1,1,0
e02,95,v,1,1,1,1
e02,95,v,1,1,1,0
e02,95,v,1,1,1,0
e02,95,v,1,1,1,0
e02,95,v,1,1,1,0
e02,95,v,1,1,1,1
e02,95,v,1,1,1,0
e02,95,v,1,1,1,0
e02,95,v,1,1,1,0
e02,95,v,1,1,1,0
e02,95,v,1,1,1,0
e02,95,v,1,1,1,0
e02,95,v,1,1,1,0
e02,95,v,1,1,1,0
e02,96,n,1,1,0,0
e02,96,n,1,1,0,0
e02,96,n,1,1,0,0
e02,96,n,1,1,0,0
e02,96,n,1,1,0,0
e02,96,n,1,1,0,1
e02,96,n,1,1,0,0
e02,96,n,1,1,0,0
e02,96,n,1,1,0,0
e02,96,n,1,1,0,0
e02,96,n,1,1,0,0
e02,96,n,1,1,0,0
e02,96,n,1,1,0,0
e02,96,n,1,1,0,0
e02,96,n,1,1,0,0
e02,96,n,1,1,0,0
e02,97,p,1,1,1,1
e02,97,p,1,1,1,0
e02,97,p,1,1,1,0
e02,97,p,1,1,1,1
e02,97,p,1,1,1,0
e02,97,p,1,1,1,0
e02,97,p,1,1,1,1
e02,97,p,1,1,1,0
e02,97,p,1,1,1,0
e02,97,p,1,1,1,0
e02,97,p,1,1,1,0
e02,97,p,1,1,1,0
e02,97,p,1,1,1,1
e02,97,p,1,1,1,0
e02,97,p,1,1,1,1
e02,97,p,1,1,1,0
e02,98,l,1,1,0,1
e02,98,l,1,1,0,0
e02,98,l,1,1,0,1
e02,98,l,1,1,0,0
e02,98,l,1,1,0,0
e02,98,l,1,1,0,0
e02,98,l,1,1,0,0
e02,98,l,1,1,0,0
e02,98,l,1,1,0,1
e02,98,l,1,1,0,0
e02,98,l,1,1,0,0
e02,98,l,1,1,0,0
e02,98,l,1,1,0,0
e02,98,l,1,1,0,0
e02,98,l,1,1,0,0
e02,98,l,1,1,0,0
e02,99,m,1,1,1,0
e02,99,m,1,1,1,1
e02,99,m,1,1,1,0
e02,99,m,1,1,1,1
e02,99,m,1,1,1,1
e02,99,m,1,1,1,1
e02,99,m,1,1,1,0
e02,99,m,1,1,1,0
e02,99,m,1,1,1,0
e02,99,m,1,1,1,1
e02,99,m,1,1,1,1
e02,99,m,1,1,1,1
e02,99,m,1,1,1,1
e02,99,m,1,1,1,0
e02,99,m,1,1,1,0
e02,99,m,1,1,1,1
e02,100,c,1,1,1,0
e02,100,c,1,1,1,0
e02,100,c,1,1,1,0
e02,100,c,1,1,1,0
e02,100,c,1,1,1,1
e02,100,c,1,1,1,0
e02,100,c,1,1,1,0
e02,100,c,1,1,1,0
e02,100,c,1,1,1,0
e02,100,c,1,1,1,1
e02,100,c,1,1,1,1
e02,100,c,1,1,1,0
e02,100,c,1,1,1,1
e02,100,c,1,1,1,1
e02,100,c,1,1,1,1
e02,100,c,1,1,1,0
e02,101,v,1,1,1,0
e02,101,v,1,1,1,0
e02,101,v,1,1,1,0
e02,101,v,1,1,1,1
e02,101,v,1,1,1,0
e02,101,v,1,1,1,1
e02,101,v,1,1,1,0
e02,101,v,1,1,1,0
e02,101,v,1,1,1,0
e02,101,v,1,1,1,0
e02,101,v,1,1,1,0
e02,101,v,1,1,1,0
e02,101,v,1,1,1,1
e02,101,v,1,1,1,0
e02,101,v,1,1,1,0
e02,101,v,1,1,1,0
e02,102,q,1,1,1,1
e02,102,q,1,1,1,1
e02,102,q,1,1,1,0
e02,102,q,1,1,1,0
e02,102,q,1,1,1,1
e02,102,q,1,1,1,0
e02,102,q,1,1,1,0
e02,102,q,1,1,1,1
e02,102,q,1,1,1,1
e02,102,q,1,1,1,0
e02,102,q,1,1,1,0
e02,102,q,1,1,1,1
e02,102,q,1,1,1,0
e02,102,q,1,1,1,1
e02,102,q,1,1,1,0
e02,102,q,1,1,1,0
e02,103,k,1,1,1,0
e02,103,k,1,1,1,0
e02,103,k,1,1,1,0
e02,103,k,1,1,1,0
e02,103,k,1,1,1,0
e02,103,k,1,1,1,0
e02,103,k,1,1,1,0
e02,103,k,1,1,1,0
e02,103,k,1,1,1,1
e02,103,k,1,1,1,1
e02,103,k,1,1,1,0
e02,103,k,1,1,1,0
e02,103,k,1,1,1,0
e02,103,k,1,1,1,0
e02,103,k,1,1,1,0
e02,103,k,1,1,1,0
e02,104,y,1,1,0,0
e02,104,y,1,1,0,0
e02,104,y,1,1,0,0
e02,104,y,1,1,0,1
e02,104,y,1,1,0,1
e02,104,y,1,1,0,1
e02,104,y,1,1,0,0
e02,104,y,1,1,0,0
e02,104,y,1,1,0,0
e02,104,y,1,1,0,1
e02,104,y,1,1,0,0
e02,104,y,1,1,0,0
e02,104,y,1,1,0,0
e02,104,y,1,1,0,0
e02,104,y,1,1,0,0
e02,104,y,1,1,0,0
e02,105,t,1,1,1,0
e02,105,t,1,1,1,1
e02,105,t,1,1,1,1
e02,105,t,1,1,1,0
e02,105,t,1,1,1,0
e02,105,t,1,1,1,0
e02,105,t,1,1,1,0
e02,105,t,1,1,1,0
e02,105,t,1,1,1,0
e02,105,t,1,1,1,0
e02,105,t,1,1,1,1
e02,105,t,1,1,1,0
e02,105,t,1,1,1,0
e02,105,t,1,1,1,0
e02,105,t,1,1,1,0
e02,105,t,1,1,1,1
e02,106,b,1,1,0,0
e02,106,b,1,1,0,0
e02,106,b,1,1,0,1
e02,106,b,1,1,0,0
e02,106,b,1,1,0,0
e02,106,b,1,1,0,0
e02,106,b,1,1,0,0
e02,106,b,1,1,0,0
e02,106,b,1,1,0,0
e02,106,b,1,1,0,0
e02,106,b,1,1,0,0
e02,106,b,1,1,0,1
e02,106,b,1,1,0,0
e02,106,b,1,1,0,0
e02,106,b,1,1,0,0
e02,106,b,1,1,0,0
e02,107,u,1,1,0,0
e02,107,u,1,1,0,0
e02,107,u,1,1,0,0
e02,107,u,1,1,0,1
e02,107,u,1,1,0,0
e02,107,u,1,1,0,0
e02,107,u,1,1,0,0
e02,107,u,1,1,0,0
e02,107,u,1,1,0,0
e02,107,u,1,1,0,0
e02,107,u,1,1,0,0
e02,107,u,1,1,0,0
e02,107,u,1,1,0,0
e02,107,u,1,1,0,0
e02,107,u,1,1,0,0
e02,107,u,1,1,0,0
e02,108,p,1,1,0,1
e02,108,p,1,1,0,0
e02,108,p,1,1,0,0
e02,108,p,1,1,0,1
e02,108,p,1,1,0,0
e02,108,p,1,1,0,0
e02,108,p,1,1,0,1
e02,108,p,1,1,0,0
e02,108,p,1,1,0,0
e02,108,p,1,1,0,0
e02,108,p,1,1,0,0
e02,108,p,1,1,0,1
e02,108,p,1,1,0,0
e02,108,p,1,1,0,0
e02,108,p,1,1,0,1
e02,108,p,1,1,0,0
e02,109,s,1,1,0,0
e02,109,s,1,1,0,1
e02,109,s,1,1,0,0
e02,109,s,1,1,0,0
e02,109,s,1,1,0,0
e02,109,s,1,1,0,0
e02,109,s,1,1,0,0
e02,109,s,1,1,0,0
e02,109,s,1,1,0,0
e02,109,s,1,1,0,0
e02,109,s,1,1,0,0
e02,109,s,1,1,0,0
e02,109,s,1,1,0,1
e02,109,s,1,1,0,0
e02,109,s,1,1,0,0
e02,109,s,1,1,0,0
e02,110,f,1,1,1,0
e02,110,f,1,1,1,0
e02,110,f,1,1,1,0
e02,110,f,1,1,1,0
e02,110,f,1,1,1,1
e02,110,f,1,1,1,0
e02,110,f,1,1,1,0
e02,110,f,1,1,1,0
e02,110,f,1,1,1,0
e02,110,f,1,1,1,0
e02,110,f,1,1,1,0
e02,110,f,1,1,1,0
e02,110,f,1,1,1,0
e02,110,f,1,1,1,0
e02,110,f,1,1,1,0
e02,110,f,1,1,1,1
e02,111,x,1,1,0,0
e02,111,x,1,1,0,0
e02,111,x,1,1,0,1
e02,111,x,1,1,0,0
e02,111,x,1,1,0,0
e02,111,x,1,1,0,0
e02,111,x,1,1,0,1
e02,111,x,1,1,0,0
e02,111,x,1,1,0,0
e02,111,x,1,1,0,0
e02,111,x,1,1,0,0
e02,111,x,1,1,0,0
e02,111,x,1,1,0,0
e02,111,x,1,1,0,0
e02,111,x,1,1,0,1
e02,111,x,1,1,0,1
e02,112,n,1,1,0,0
e02,112,n,1,1,0,0
e02,112,n,1,1,0,0
e02,112,n,1,1,0,0
e02,112,n,1,1,0,0
e02,112,n,1,1,0,0
e02,112,n,1,1,0,0
e02,112,n,1,1,0,0
e02,112,n,1,1,0,0
e02,112,n,1,1,0,1
e02,112,n,1,1,0,0
e02,112,n,1,1,0,0
e02,112,n,1,1,0,0
e02,112,n,1,1,0,0
e02,112,n,1,1,0,0
e02,112,n,1,1,0,0
e02,113,q,1,1,0,0
e02,113,q,1,1,0,0
e02,113,q,1,1,0,0
e02,113,q,1,1,0,0
e02,113,q,1,1,0,0
e02,113,q,1,1,0,0
e02,113,q,1,1,0,0
e02,113,q,1,1,0,0
e02,113,q,1,1,0,0
e02,113,q,1,1,0,0
e02,113,q,1,1,0,0
e02,113,q,1,1,0,0
e02,113,q,1,1,0,0
e02,113,q,1,1,0,0
e02,113,q,1,1,0,0
e02,113,q,1,1,0,1
e02,114,u,1,1,1,0
e02,114,u,1,1,1,0
e02,114,u,1,1,1,0
e02,114,u,1,1,1,1
e02,114,u,1,1,1,0
e02,114,u,1,1,1,0
e02,114,u,1,1,1,0
e02,114,u,1,1,1,0
e02,114,u,1,1,1,0
e02,114,u,1,1,1,0
e02,114,u,1,1,1,0
e02,114,u,1,1,1,0
e02,114,u,1,1,1,0
e02,114,u,1,1,1,0
e02,114,u,1,1,1,0
e02,114,u,1,1,1,0
e02,115,k,1,1,0,0
e02,115,k,1,1,0,1
e02,115,k,1,1,0,0
e02,115,k,1,1,0,0
e02,115,k,1,1,0,1
e02,115,k,1,1,0,1
e02,115,k,1,1,0,0
e02,115,k,1,1,0,1
e02,115,k,1,1,0,0
e02,115,k,1,1,0,0
e02,115,k,1,1,0,0
e02,115,k,1,1,0,0
e02,115,k,1,1,0,0
e02,115,k,1,1,0,1
e02,115,k,1,1,0,0
e02,115,k,1,1,0,0
e02,116,i,1,1,0,1
e02,116,i,1,1,0,0
e02,116,i,1,1,0,0
e02,116,i,1,1,0,0
e02,116,i,1,1,0,0
e02,116,i,1,1,0,0
e02,116,i,1,1,0,1
e02,116,i,1,1,0,0
e02,116,i,1,1,0,0
e02,116,i,1,1,0,0
e02,116,i,1,1,0,1
e02,116,i,1,1,0,0
e02,116,i,1,1,0,0
e02,116,i,1,1,0,0
e02,116,i,1,1,0,1
e02,116,i,1,1,0,1
e02,117,h,1,1,0,0
e02,117,h,1,1,0,1
e02,117,h,1,1,0,0
e02,117,h,1,1,0,0
e02,117,h,1,1,0,0
e02,117,h,1,1,0,1
e02,117,h,1,1,0,0
e02,117,h,1,1,0,1
e02,117,h,1,1,0,1
e02,117,h,1,1,0,0
e02,117,h,1,1,0,0
e02,117,h,1,1,0,1
e02,117,h,1,1,0,1
e02,117,h,1,1,0,0
e02,117,h,1,1,0,0
e02,117,h,1,1,0,0
e02,118,n,1,1,0,0
e02,118,n,1,1,0,1
e02,118,n,1,1,0,0
e02,118,n,1,1,0,1
e02,118,n,1,1,0,0
e02,118,n,1,1,0,1
e02,118,n,1,1,0,1
e02,118,n,1,1,0,0
e02,118,n,1,1,0,0
e02,118,n,1,1,0,0
e02,118,n,1,1,0,0
e02,118,n,1,1,0,1
e02,118,n,1,1,0,0
e02,118,n,1,1,0,1
e02,118,n,1,1,0,0
e02,118,n,1,1,0,1
e02,119,t,1,1,0,0
e02,119,t,1,1,0,0
e02,119,t,1,1,0,0
e02,119,t,1,1,0,0
e02,119,t,1,1,0,0
e02,119,t,1,1,0,0
e02,119,t,1,1,0,0
e02,119,t,1,1,0,0
e02,119,t,1,1,0,0
e02,119,t,1,1,0,0
e02,119,t,1,1,0,0
e02,119,t,1,1,0,0
e02,119,t,1,1,0,0
e02,119,t,1,1,0,0
e02,119,t,1,1,0,0
e02,119,t,1,1,0,0
e02,120,k,1,1,0,0
e02,120,k,1,1,0,1
e02,120,k,1,1,0,1
e02,120,k,1,1,0,1
e02,120,k,1,1,0,1
e02,120,k,1,1,0,1
e02,120,k,1,1,0,0
e02,120,k,1,1,0,1
e02,120,k,1,1,0,1
e02,120,k,1,1,0,1
e02,120,k,1,1,0,0
e02,120,k,1,1,0,1
e02,120,k,1,1,0,1
e02,120,k,1,1,0,0
e02,120,k,1,1,0,1
e02,120,k,1,1,0,1
e02,121,b,1,1,1,0
e02,121,b,1,1,1,0
e02,121,b,1,1,1,1
e02,121,b,1,1,1,0
e02,121,b,1,1,1,1
e02,121,b,1,1,1,0
e02,121,b,1,1,1,0
e02,121,b,1,1,1,0
e02,121,b,1,1,1,0
e02,121,b,1,1,1,0
e02,121,b,1,1,1,1
e02,121,b,1,1,1,0
e02,121,b,1,1,1,0
e02,121,b,1,1,1,0
e02,121,b,1,1,1,0
e02,121,b,1,1,1,1
e02,122,j,1,1,0,1
e02,122,j,1,1,0,0
e02,122,j,1,1,0,0
e02,122,j,1,1,0,0
e02,122,j,1,1,0,0
e02,122,j,1,1,0,0
e02,122,j,1,1,0,0
e02,122,j,1,1,0,0
e02,122,j,1,1,0,0
e02,122,j,1,1,0,0
e02,122,j,1,1,0,0
e02,122,j,1,1,0,0
e02,122,j,1,1,0,0
e02,122,j,1,1,0,1
e02,122,j,1,1,0,0
e02,122,j,1,1,0,0
e02,123,l,1,1,0,0
e02,123,l,1,1,0,1
e02,123,l,1,1,0,0
e02,123,l,1,1,0,0
e02,123,l,1,1,0,0
e02,123,l,1,1,0,0
e02,123,l,1,1,0,0
e02,123,l,1,1,0,0
e02,123,l,1,1,0,0
e02,123,l,1,1,0,0
e02,123,l,1,1,0,0
e02,123,l,1,1,0,0
e02,123,l,1,1,0,0
e02,123,l,1,1,0,0
e02,123,l,1,1,0,0
e02,123,l,1,1,0,0
e02,124,f,1,1,0,0
e02,124,f,1,1,0,1
e02,124,f,1,1,0,1
e02,124,f,1,1,0,0
e02,124,f,1,1,0,1
e02,124,f,1,1,0,0
e02,124,f,1,1,0,0
e02,124,f,1,1,0,0
e02,124,f,1,1,0,1
e02,124,f,1,1,0,1
e02,124,f,1,1,0,0
e02,124,f,1,1,0,0
e02,124,f,1,1,0,1
e02,124,f,1,1,0,0
e02,124,f,1,1,0,0
e02,124,f,1,1,0,0
e02,125,i,1,1,1,1
e02,125,i,1,1,1,1
e02,125,i,1,1,1,0
e02,125,i,1,1,1,0
e02,125,i,1,1,1,0
e02,125,i,1,1,1,0
e02,125,i,1,1,1,1
e02,125,i,1,1,1,1
e02,125,i,1,1,1,0
e02,125,i,1,1,1,0
e02,125,i,1,1,1,1
e02,125,i,1,1,1,0
e02,125,i,1,1,1,0
e02,125,i,1,1,1,1
e02,125,i,1,1,1,0
e02,125,i,1,1,1,0
e02,126,b,1,1,1,0
e02,126,b,1,1,1,0
e02,126,b,1,1,1,0
e02,126,b,1,1,1,1
e02,126,b,1,1,1,0
e02,126,b,1,1,1,1
e02,126,b,1,1,1,0
e02,126,b,1,1,1,0
e02,126,b,1,1,1,0
e02,126,b,1,1,1,0
e02,126,b,1,1,1,0
e02,126,b,1,1,1,0
e02,126,b,1,1,1,0
e02,126,b,1,1,1,0
e02,126,b,1,1,1,1
e02,126,b,1,1,1,0
e02,127,y,1,1,0,1
e02,127,y,1,1,0,0
e02,127,y,1,1,0,1
e02,127,y,1,1,0,0
e02,127,y,1,1,0,0
e02,127,y,1,1,0,1
e02,127,y,1,1,0,1
e02,127,y,1,1,0,0
e02,127,y,1,1,0,0
e02,127,y,1,1,0,0
e02,127,y,1,1,0,0
e02,127,y,1,1,0,1
e02,127,y,1,1,0,0
e02,127,y,1,1,0,0
e02,127,y,1,1,0,0
e02,127,y,1,1,0,0
e02,128,k,1,1,0,1
e02,128,k,1,1,0,1
e02,128,k,1,1,0,0
e02,128,k,1,1,0,0
e02,128,k,1,1,0,0
e02,128,k,1,1,0,0
e02,128,k,1,1,0,0
e02,128,k,1,1,0,1
e02,128,k,1,1,0,0
e02,128,k,1,1,0,1
e02,128,k,1,1,0,0
e02,128,k,1,1,0,1
e02,128,k,1,1,0,0
e02,128,k,1,1,0,0
e02,128,k,1,1,0,0
e02,128,k,1,1,0,0
e02,129,k,1,1,1,0
e02,129,k,1,1,1,0
e02,129,k,1,1,1,0
e02,129,k,1,1,1,1
e02,129,k,1,1,1,0
e02,129,k,1,1,1,0
e02,129,k,1,1,1,0
e02,129,k,1,1,1,0
e02,129,k,1,1,1,0
e02,129,k,1,1,1,0
e02,129,k,1,1,1,0
e02,129,k,1,1,1,0
e02,129,k,1,1,1,1
e02,129,k,1,1,1,0
e02,129,k,1,1,1,0
e02,129,k,1,1,1,0
e02,130,b,1,1,1,0
e02,130,b,1,1,1,0
e02,130,b,1,1,1,0
e02,130,b,1,1,1,0
e02,130,b,1,1,1,1
e02,130,b,1,1,1,0
e02,130,b,1,1,1,1
e02,130,b,1,1,1,1
e02,130,b,1,1,1,0
e02,130,b,1,1,1,0
e02,130,b,1,1,1,0
e02,130,b,1,1,1,1
e02,130,b,1,1,1,0
e02,130,b,1,1,1,0
e02,130,b,1,1,1,0
e02,130,b,1,1,1,0
e02,131,n,1,1,1,0
e02,131,n,1,1,1,0
e02,131,n,1,1,1,0
e02,131,n,1,1,1,0
e02,131,n,1,1,1,0
e02,131,n,1,1,1,0
e02,131,n,1,1,1,0
e02,131,n,1,1,1,0
e02,131,n,1,1,1,0
e02,131,n,1,1,1,0
e02,131,n,1,1,1,0
e02,131,n,1,1,1,0
e02,131,n,1,1,1,0
e02,131,n,1,1,1,1
e02,131,n,1,1,1,0
e02,131,n,1,1,1,0
e02,132,u,1,1,0,0
e02,132,u,1,1,0,0
e02,132,u,1,1,0,0
e02,132,u,1,1,0,0
e02,132,u,1,1,0,0
e02,132,u,1,1,0,0
e02,132,u,1,1,0,0
e02,132,u,1,1,0,1
e02,132,u,1,1,0,1
e02,132,u,1,1,0,0
e02,132,u,1,1,0,0
e02,132,u,1,1,0,0
e02,132,u,1,1,0,0
e02,132,u,1,1,0,1
e02,132,u,1,1,0,0
e02,132,u,1,1,0,0
e02,133,l,1,1,1,0
e02,133,l,1,1,1,0
e02,133,l,1,1,1,1
e02,133,l,1,1,1,0
e02,133,l,1,1,1,0
e02,133,l,1,1,1,0
e02,133,l,1,1,1,1
e02,133,l,1,1,1,0
e02,133,l,1,1,1,0
e02,133,l,1,1,1,0
e02,133,l,1,1,1,0
e02,133,l,1,1,1,0
e02,133,l,1,1,1,0
e02,133,l,1,1,1,0
e02,133,l,1,1,1,0
e02,133,l,1,1,1,0
e02,134,w,1,1,0,0
e02,134,w,1,1,0,1
e02,134,w,1,1,0,0
e02,134,w,1,1,0,0
e02,134,w,1,1,0,0
e02,134,w,1,1,0,1
e02,134,w,1,1,0,1
e02,134,w,1,1,0,0
e02,134,w,1,1,0,0
e02,134,w,1,1,0,0
e02,134,w,1,1,0,0
e02,134,w,1,1,0,0
e02,134,w,1,1,0,0
e02,134,w,1,1,0,0
e02,134,w,1,1,0,0
e02,134,w,1,1,0,0
e02,135,p,1,1,0,0
e02,135,p,1,1,0,0
e02,135,p,1,1,0,1
e02,135,p,1,1,0,0
e02,135,p,1,1,0,0
e02,135,p,1,1,0,1
e02,135,p,1,1,0,0
e02,135,p,1,1,0,0
e02,135,p,1,1,0,0
e02,135,p,1,1,0,1
e02,135,p,1,1,0,1
e02,135,p,1,1,0,1
e02,135,p,1,1,0,0
e02,135,p,1,1,0,0
e02,135,p,1,1,0,1
e02,135,p,1,1,0,1
e02,136,c,1,1,1,0
e02,136,c,1,1,1,0
e02,136,c,1,1,1,1
e02,136,c,1,1,1,0
e02,136,c,1,1,1,0
e02,136,c,1,1,1,0
e02,136,c,1,1,1,0
e02,136,c,1,1,1,1
e02,136,c,1,1,1,0
e02,136,c,1,1,1,0
e02,136,c,1,1,1,0
e02,136,c,1,1,1,1
e02,136,c,1,1,1,0
e02,136,c,1,1,1,0
e02,136,c,1,1,1,1
e02,136,c,1,1,1,1
e02,137,d,1,1,1,1
e02,137,d,1,1,1,0
e02,137,d,1,1,1,0
e02,137,d,1,1,1,0
e02,137,d,1,1,1,1
e02,137,d,1,1,1,0
e02,137,d,1,1,1,1
e02,137,d,1,1,1,0
e02,137,d,1,1,1,1
e02,137,d,1,1,1,0
e02,137,d,1,1,1,0
e02,137,d,1,1,1,0
e02,137,d,1,1,1,0
e02,137,d,1,1,1,1
e02,137,d,1,1,1,1
e02,137,d,1,1,1,0
e02,138,b,1,1,0,0
e02,138,b,1,1,0,0
e02,138,b,1,1,0,0
e02,138,b,1,1,0,0
e02,138,b,1,1,0,0
e02,138,b,1,1,0,0
e02,138,b,1,1,0,0
e02,138,b,1,1,0,0
e02,138,b,1,1,0,0
e02,138,b,1,1,0,0
e02,138,b,1,1,0,0
e02,138,b,1,1,0,0
e02,138,b,1,1,0,0
e02,138,b,1,1,0,0
e02,138,b,1,1,0,0
e02,138,b,1,1,0,0
e02,139,b,1,1,1,0
e02,139,b,1,1,1,0
e02,139,b,1,1,1,0
e02,139,b,1,1,1,0
e02,139,b,1,1,1,0
e02,139,b,1,1,1,0
e02,139,b,1,1,1,0
e02,139,b,1,1,1,0
e02,139,b,1,1,1,0
e02,139,b,1,1,1,0
e02,139,b,1,1,1,0
e02,139,b,1,1,1,1
e02,139,b,1,1,1,0
e02,139,b,1,1,1,0
e02,139,b,1,1,1,1
e02,139,b,1,1,1,1
e02,140,p,1,1,0,1
e02,140,p,1,1,0,0
e02,140,p,1,1,0,1
e02,140,p,1,1,0,1
e02,140,p,1,1,0,1
e02,140,p,1,1,0,1
e02,140,p,1,1,0,1
e02,140,p,1,1,0,1
e02,140,p,1,1,0,1
e02,140,p,1,1,0,1
e02,140,p,1,1,0,1
e02,140,p,1,1,0,1
e02,140,p,1,1,0,1
e02,140,p,1,1,0,1
e02,140,p,1,1,0,1
e02,140,p,1,1,0,1
e02,141,s,1,1,0,0
e02,141,s,1,1,0,1
e02,141,s,1,1,0,1
e02,141,s,1,1,0,1
e02,141,s,1,1,0,0
e02,141,s,1,1,0,1
e02,141,s,1,1,0,1
e02,141,s,1,1,0,0
e02,141,s,1,1,0,0
e02,141,s,1,1,0,1
e02,141,s,1,1,0,0
e02,141,s,1,1,0,0
e02,141,s,1,1,0,1
e02,141,s,1,1,0,1
e02,141,s,1,1,0,1
e02,141,s,1,1,0,0
e02,142,j,1,1,1,1
e02,142,j,1,1,1,1
e02,142,j,1,1,1,1
e02,142,j,1,1,1,0
e02,142,j,1,1,1,0
e02,142,j,1,1,1,1
e02,142,j,1,1,1,0
e02,142,j,1,1,1,0
e02,142,j,1,1,1,0
e02,142,j,1,1,1,0
e02,142,j,1,1,1,1
e02,142,j,1,1,1,1
e02,142,j,1,1,1,1
e02,142,j,1,1,1,0
e02,142,j,1,1,1,0
e02,142,j,1,1,1,0
e02,143,k,1,1,0,1
e02,143,k,1,1,0,0
e02,143,k,1,1,0,1
e02,143,k,1,1,0,1
e02,143,k,1,1,0,0
e02,143,k,1,1,0,0
e02,143,k,1,1,0,0
e02,143,k,1,1,0,1
e02,143,k,1,1,0,1
e02,143,k,1,1,0,1
e02,143,k,1,1,0,1
e02,143,k,1,1,0,0
e02,143,k,1,1,0,0
e02,143,k,1,1,0,1
e02,143,k,1,1,0,0
e02,143,k,1,1,0,0
e02,144,j,1,1,1,0
e02,144,j,1,1,1,0
e02,144,j,1,1,1,0
e02,144,j,1,1,1,0
e02,144,j,1,1,1,0
e02,144,j,1,1,1,0
e02,144,j,1,1,1,0
e02,144,j,1,1,1,1
e02,144,j,1,1,1,0
e02,144,j,1,1,1,0
e02,144,j,1,1,1,0
e02,144,j,1,1,1,0
e02,144,j,1,1,1,0
e02,144,j,1,1,1,0
e02,144,j,1,1,1,0
e02,144,j,1,1,1,0
e02,145,y,1,1,0,1
e02,145,y,1,1,0,0
e02,145,y,1,1,0,0
e02,145,y,1,1,0,0
e02,145,y,1,1,0,1
e02,145,y,1,1,0,0
e02,145,y,1,1,0,1
e02,145,y,1,1,0,0
e02,145,y,1,1,0,0
e02,145,y,1,1,0,1
e02,145,y,1,1,0,1
e02,145,y,1,1,0,0
e02,145,y,1,1,0,1
e02,145,y,1,1,0,0
e02,145,y,1,1,0,1
e02,145,y,1,1,0,0
e02,146,n,1,1,0,0
e02,146,n,1,1,0,0
e02,146,n,1,1,0,0
e02,146,n,1,1,0,0
e02,146,n,1,1,0,0
e02,146,n,1,1,0,0
e02,146,n,1,1,0,0
e02,146,n,1,1,0,0
e02,146,n,1,1,0,0
e02,146,n,1,1,0,0
e02,146,n,1,1,0,0
e02,146,n,1,1,0,0
e02,146,n,1,1,0,0
e02,146,n,1,1,0,0
e02,146,n,1,1,0,0
e02,146,n,1,1,0,0
e02,147,a,1,1,1,0
e02,147,a,1,1,1,0
e02,147,a,1,1,1,0
e02,147,a,1,1,1,0
e02,147,a,1,1,1,0
e02,147,a,1,1,1,0
e02,147,a,1,1,1,0
e02,147,a,1,1,1,0
e02,147,a,1,1,1,1
e02,147,a,1,1,1,0
e02,147,a,1,1,1,0
e02,147,a,1,1,1,0
e02,147,a,1,1,1,0
e02,147,a,1,1,1,0
e02,147,a,1,1,1,0
e02,147,a,1,1,1,0
e02,148,t,1,1,0,0
e02,148,t,1,1,0,0
e02,148,t,1,1,0,0
e02,148,t,1,1,0,0
e02,148,t,1,1,0,0
e02,148,t,1,1,0,0
e02,148,t,1,1,0,0
e02,148,t,1,1,0,0
e02,148,t,1,1,0,0
e02,148,t,1,1,0,0
e02,148,t,1,1,0,0
e02,148,t,1,1,0,0
e02,148,t,1,1,0,0
e02,148,t,1,1,0,0
e02,148,t,1,1,0,0
e02,148,t,1,1,0,0
e02,149,q,1,1,1,1
e02,149,q,1,1,1,1
e02,149,q,1,1,1,1
e02,149,q,1,1,1,0
e02,149,q,1,1,1,0
e02,149,q,1,1,1,0
e02,149,q,1,1,1,0
e02,149,q,1,1,1,0
e02,149,q,1,1,1,0
e02,149,q,1,1,1,0
e02,149,q,1,1,1,1
e02,149,q,1,1,1,0
e02,149,q,1,1,1,0
e02,149,q,1,1,1,1
e02,149,q,1,1,1,0
e02,149,q,1,1,1,0
e02,150,o,1,1,1,0
e02,150,o,1,1,1,0
e02,150,o,1,1,1,0
e02,150,o,1,1,1,0
e02,150,o,1,1,1,0
e02,150,o,1,1,1,0
e02,150,o,1,1,1,0
e02,150,o,1,1,1,0
e02,150,o,1,1,1,0
e02,150,o,1,1,1,0
e02,150,o,1,1,1,1
e02,150,o,1,1,1,0
e02,150,o,1,1,1,0
e02,150,o,1,1,1,1
e02,150,o,1,1,1,0
e02,150,o,1,1,1,0
e02,151,j,1,1,0,1
e02,151,j,1,1,0,1
e02,151,j,1,1,0,0
e02,151,j,1,1,0,0
e02,151,j,1,1,0,1
e02,151,j,1,1,0,0
e02,151,j,1,1,0,0
e02,151,j,1,1,0,0
e02,151,j,1,1,0,0
e02,151,j,1,1,0,0
e02,151,j,1,1,0,0
e02,151,j,1,1,0,1
e02,151,j,1,1,0,0
e02,151,j,1,1,0,1
e02,151,j,1,1,0,1
e02,151,j,1,1,0,0
e02,152,l,1,1,0,0
e02,152,l,1,1,0,0
e02,152,l,1,1,0,1
e02,152,l,1,1,0,0
e02,152,l,1,1,0,0
e02,152,l,1,1,0,0
e02,152,l,1,1,0,1
e02,152,l,1,1,0,0
e02,152,l,1,1,0,1
e02,152,l,1,1,0,1
e02,152,l,1,1,0,1
e02,152,l,1,1,0,0
e02,152,l,1,1,0,0
e02,152,l,1,1,0,0
e02,152,l,1,1,0,1
e02,152,l,1,1,0,1
e02,153,v,1,1,0,0
e02,153,v,1,1,0,1
e02,153,v,1,1,0,0
e02,153,v,1,1,0,0
e02,153,v,1,1,0,0
e02,153,v,1,1,0,0
e02,153,v,1,1,0,0
e02,153,v,1,1,0,1
e02,153,v,1,1,0,0
e02,153,v,1,1,0,0
e02,153,v,1,1,0,0
e02,153,v,1,1,0,0
e02,153,v,1,1,0,0
e02,153,v,1,1,0,0
e02,153,v,1,1,0,0
e02,153,v,1,1,0,1
e02,154,v,1,1,0,1
e02,154,v,1,1,0,1
e02,154,v,1,1,0,1
e02,154,v,1,1,0,1
e02,154,v,1,1,0,1
e02,154,v,1,1,0,1
e02,154,v,1,1,0,0
e02,154,v,1,1,0,1
e02,154,v,1,1,0,1
e02,154,v,1,1,0,1
e02,154,v,1,1,0,0
e02,154,v,1,1,0,1
e02,154,v,1,1,0,1
e02,154,v,1,1,0,1
e02,154,v,1,1,0,0
e02,154,v,1,1,0,1
e02,155,b,1,1,1,1
e02,155,b,1,1,1,0
e02,155,b,1,1,1,0
e02,155,b,1,1,1,0
e02,155,b,1,1,1,1
e02,155,b,1,1,1,0
e02,155,b,1,1,1,0
e02,155,b,1,1,1,0
e02,155,b,1,1,1,0
e02,155,b,1,1,1,0
e02,155,b,1,1,1,1
e02,155,b,1,1,1,0
e02,155,b,1,1,1,0
e02,155,b,1,1,1,0
e02,155,b,1,1,1,1
e02,155,b,1,1,1,0
e02,156,u,1,1,0,0
e02,156,u,1,1,0,0
e02,156,u,1,1,0,0
e02,156,u,1,1,0,0
e02,156,u,1,1,0,0
e02,156,u,1,1,0,0
e02,156,u,1,1,0,0
e02,156,u,1,1,0,0
e02,156,u,1,1,0,0
e02,156,u,1,1,0,0
e02,156,u,1,1,0,0
e02,156,u,1,1,0,0
e02,156,u,1,1,0,0
e02,156,u,1,1,0,0
e02,156,u,1,1,0,0
e02,156,u,1,1,0,0
e02,157,f,1,1,1,0
e02,157,f,1,1,1,0
e02,157,f,1,1,1,0
e02,157,f,1,1,1,0
e02,157,f,1,1,1,0
e02,157,f,1,1,1,0
e02,157,f,1,1,1,0
e02,157,f,1,1,1,0
e02,157,f,1,1,1,0
e02,157,f,1,1,1,1
e02,157,f,1,1,1,0
e02,157,f,1,1,1,0
e02,157,f,1,1,1,1
e02,157,f,1,1,1,0
e02,157,f,1,1,1,0
e02,157,f,1,1,1,0
e02,158,g,1,1,0,0
e02,158,g,1,1,0,0
e02,158,g,1,1,0,0
e02,158,g,1,1,0,0
e02,158,g,1,1,0,1
e02,158,g,1,1,0,0
e02,158,g,1,1,0,0
e02,158,g,1,1,0,0
e02,158,g,1,1,0,0
e02,158,g,1,1,0,0
e02,158,g,1,1,0,0
e02,158,g,1,1,0,0
e02,158,g,1,1,0,0
e02,158,g,1,1,0,1
e02,158,g,1,1,0,0
e02,158,g,1,1,0,0
e02,159,s,1,1,1,0
e02,159,s,1,1,1,1
e02,159,s,1,1,1,0
e02,159,s,1,1,1,0
e02,159,s,1,1,1,0
e02,159,s,1,1,1,0
e02,159,s,1,1,1,0
e02,159,s,1,1,1,1
e02,159,s,1,1,1,0
e02,159,s,1,1,1,0
e02,159,s,1,1,1,0
e02,159,s,1,1,1,0
e02,159,s,1,1,1,0
e02,159,s,1,1,1,0
e02,159,s,1,1,1,0
e02,159,s,1,1,1,1
e02,160,b,1,1,1,0
e02,160,b,1,1,1,1
e02,160,b,1,1,1,0
e02,160,b,1,1,1,0
e02,160,b,1,1,1,1
e02,160,b,1,1,1,0
e02,160,b,1,1,1,1
e02,160,b,1,1,1,0
e02,160,b,1,1,1,0
e02,160,b,1,1,1,0
e02,160,b,1,1,1,0
e02,160,b,1,1,1,1
e02,160,b,1,1,1,0
e02,160,b,1,1,1,1
e02,160,b,1,1,1,0
e02,160,b,1,1,1,1
e02,161,z,1,1,0,1
e02,161,z,1,1,0,0
e02,161,z,1,1,0,0
e02,161,z,1,1,0,0
e02,161,z,1,1,0,1
e02,161,z,1,1,0,0
e02,161,z,1,1,0,0
e02,161,z,1,1,0,0
e02,161,z,1,1,0,0
e02,161,z,1,1,0,0
e02,161,z,1,1,0,0
e02,161,z,1,1,0,0
e02,161,z,1,1,0,0
e02,161,z,1,1,0,0
e02,161,z,1,1,0,0
e02,161,z,1,1,0,0
e02,162,f,1,1,1,0
e02,162,f,1,1,1,1
e02,162,f,1,1,1,1
e02,162,f,1,1,1,1
e02,162,f,1,1,1,0
e02,162,f,1,1,1,0
e02,162,f,1,1,1,0
e02,162,f,1,1,1,0
e02,162,f,1,1,1,0
e02,162,f,1,1,1,1
e02,162,f,1,1,1,1
e02,162,f,1,1,1,1
e02,162,f,1,1,1,1
e02,162,f,1,1,1,1
e02,162,f,1,1,1,0
e02,162,f,1,1,1,0
e02,163,t,1,1,0,1
e02,163,t,1,1,0,0
e02,163,t,1,1,0,0
e02,163,t,1,1,0,0
e02,163,t,1,1,0,0
e02,163,t,1,1,0,1
e02,163,t,1,1,0,0
e02,163,t,1,1,0,0
e02,163,t,1,1,0,1
e02,163,t,1,1,0,1
e02,163,t,1,1,0,0
e02,163,t,1,1,0,0
e02,163,t,1,1,0,0
e02,163,t,1,1,0,1
e02,163,t,1,1,0,1
e02,163,t,1,1,0,1
e02,164,t,1,1,0,1
e02,164,t,1,1,0,0
e02,164,t,1,1,0,0
e02,164,t,1,1,0,0
e02,164,t,1,1,0,0
e02,164,t,1,1,0,0
e02,164,t,1,1,0,1
e02,164,t,1,1,0,0
e02,164,t,1,1,0,0
e02,164,t,1,1,0,0
e02,164,t,1,1,0,0
e02,164,t,1,1,0,0
e02,164,t,1,1,0,0
e02,164,t,1,1,0,0
e02,164,t,1,1,0,0
e02,164,t,1,1,0,0
e02,165,e,1,1,1,0
e02,165,e,1,1,1,0
e02,165,e,1,1,1,0
e02,165,e,1,1,1,0
e02,165,e,1,1,1,0
e02,165,e,1,1,1,1
e02,165,e,1,1,1,0
e02,165,e,1,1,1,0
e02,165,e,1,1,1,1
e02,165,e,1,1,1,0
e02,165,e,1,1,1,0
e02,165,e,1,1,1,0
e02,165,e,1,1,1,1
e02,165,e,1,1,1,0
e02,165,e,1,1,1,1
e02,165,e,1,1,1,0
e02,166,t,1,1,0,1
e02,166,t,1,1,0,0
e02,166,t,1,1,0,0
e02,166,t,1,1,0,0
e02,166,t,1,1,0,0
e02,166,t,1,1,0,0
e02,166,t,1,1,0,0
e02,166,t,1,1,0,0
e02,166,t,1,1,0,0
e02,166,t,1,1,0,0
e02,166,t,1,1,0,0
e02,166,t,1,1,0,1
e02,166,t,1,1,0,0
e02,166,t,1,1,0,1
e02,166,t,1,1,0,0
e02,166,t,1,1,0,0
e02,167,l,1,1,0,1
e02,167,l,1,1,0,0
e02,167,l,1,1,0,0
e02,167,l,1,1,0,0
e02,167,l,1,1,0,0
e02,167,l,1,1,0,0
e02,167,l,1,1,0,0
e02,167,l,1,1,0,1
e02,167,l,1,1,0,0
e02,167,l,1,1,0,0
e02,167,l,1,1,0,1
e02,167,l,1,1,0,1
e02,167,l,1,1,0,0
e02,167,l,1,1,0,0
e02,167,l,1,1,0,1
e02,167,l,1,1,0,0
e02,168,m,1,1,0,0
e02,168,m,1,1,0,0
e02,168,m,1,1,0,0
e02,168,m,1,1,0,1
e02,168,m,1,1,0,0
e02,168,m,1,1,0,0
e02,168,m,1,1,0,0
e02,168,m,1,1,0,0
e02,168,m,1,1,0,1
e02,168,m,1,1,0,1
e02,168,m,1,1,0,0
e02,168,m,1,1,0,0
e02,168,m,1,1,0,0
e02,168,m,1,1,0,1
e02,168,m,1,1,0,0
e02,168,m,1,1,0,1
e02,169,u,1,1,1,0
e02,169,u,1,1,1,0
e02,169,u,1,1,1,1
e02,169,u,1,1,1,0
e02,169,u,1,1,1,0
e02,169,u,1,1,1,0
e02,169,u,1,1,1,0
e02,169,u,1,1,1,0
e02,169,u,1,1,1,0
e02,169,u,1,1,1,0
e02,169,u,1,1,1,1
e02,169,u,1,1,1,0
e02,169,u,1,1,1,0
e02,169,u,1,1,1,1
e02,169,u,1,1,1,0
e02,169,u,1,1,1,0
e02,170,u,1,1,0,1
e02,170,u,1,1,0,0
e02,170,u,1,1,0,0
e02,170,u,1,1,0,0
e02,170,u,1,1,0,0
e02,170,u,1,1,0,0
e02,170,u,1,1,0,0
e02,170,u,1,1,0,0
e02,170,u,1,1,0,0
e02,170,u,1,1,0,0
e02,170,u,1,1,0,0
e02,170,u,1,1,0,1
e02,170,u,1,1,0,0
e02,170,u,1,1,0,0
e02,170,u,1,1,0,1
e02,170,u,1,1,0,0
e02,171,n,1,1,1,0
e02,171,n,1,1,1,0
e02,171,n,1,1,1,0
e02,171,n,1,1,1,1
e02,171,n,1,1,1,0
e02,171,n,1,1,1,1
e02,171,n,1,1,1,0
e02,171,n,1,1,1,0
e02,171,n,1,1,1,0
e02,171,n,1,1,1,0
e02,171,n,1,1,1,0
e02,171,n,1,1,1,1
e02,171,n,1,1,1,1
e02,171,n,1,1,1,0
e02,171,n,1,1,1,1
e02,171,n,1,1,1,1
e02,172,x,1,1,0,0
e02,172,x,1,1,0,0
e02,172,x,1,1,0,0
e02,172,x,1,1,0,0
e02,172,x,1,1,0,1
e02,172,x,1,1,0,0
e02,172,x,1,1,0,1
e02,172,x,1,1,0,0
e02,172,x,1,1,0,0
e02,172,x,1,1,0,0
e02,172,x,1,1,0,0
e02,172,x,1,1,0,0
e02,172,x,1,1,0,0
e02,172,x,1,1,0,1
e02,172,x,1,1,0,0
e02,172,x,1,1,0,0
e02,173,o,1,1,0,0
e02,173,o,1,1,0,0
e02,173,o,1,1,0,0
e02,173,o,1,1,0,0
e02,173,o,1,1,0,0
e02,173,o,1,1,0,0
e02,173,o,1,1,0,0
e02,173,o,1,1,0,0
e02,173,o,1,1,0,0
e02,173,o,1,1,0,0
e02,173,o,1,1,0,0
e02,173,o,1,1,0,1
e02,173,o,1,1,0,0
e02,173,o,1,1,0,0
e02,173,o,1,1,0,0
e02,173,o,1,1,0,0
e02,174,p,1,1,0,0
e02,174,p,1,1,0,0
e02,174,p,1,1,0,0
e02,174,p,1,1,0,0
e02,174,p,1,1,0,0
e02,174,p,1,1,0,0
e02,174,p,1,1,0,0
e02,174,p,1,1,0,0
e02,174,p,1,1,0,0
e02,174,p,1,1,0,0
e02,174,p,1,1,0,1
e02,174,p,1,1,0,0
e02,174,p,1,1,0,0
e02,174,p,1,1,0,0
e02,174,p,1,1,0,0
e02,174,p,1,1,0,0
e02,175,t,1,1,1,1
e02,175,t,1,1,1,0
e02,175,t,1,1,1,0
e02,175,t,1,1,1,1
e02,175,t,1,1,1,0
e02,175,t,1,1,1,1
e02,175,t,1,1,1,0
e02,175,t,1,1,1,0
e02,175,t,1,1,1,0
e02,175,t,1,1,1,0
e02,175,t,1,1,1,0
e02,175,t,1,1,1,0
e02,175,t,1,1,1,1
e02,175,t,1,1,1,0
e02,175,t,1,1,1,0
e02,175,t,1,1,1,0
e02,176,x,1,1,0,0
e02,176,x,1,1,0,0
e02,176,x,1,1,0,0
e02,176,x,1,1,0,0
e02,176,x,1,1,0,0
e02,176,x,1,1,0,0
e02,176,x,1,1,0,0
e02,176,x,1,1,0,0
e02,176,x,1,1,0,0
e02,176,x,1,1,0,0
e02,176,x,1,1,0,0
e02,176,x,1,1,0,0
e02,176,x,1,1,0,0
e02,176,x,1,1,0,1
e02,176,x,1,1,0,0
e02,176,x,1,1,0,0
e02,177,c,1,1,1,0
e02,177,c,1,1,1,1
e02,177,c,1,1,1,0
e02,177,c,1,1,1,0
e02,177,c,1,1,1,1
e02,177,c,1,1,1,1
e02,177,c,1,1,1,0
e02,177,c,1,1,1,1
e02,177,c,1,1,1,0
e02,177,c,1,1,1,1
e02,177,c,1,1,1,0
e02,177,c,1,1,1,0
e02,177,c,1,1,1,0
e02,177,c,1,1,1,1
e02,177,c,1,1,1,0
e02,177,c,1,1,1,1
e02,178,y,1,1,0,0
e02,178,y,1,1,0,1
e02,178,y,1,1,0,0
e02,178,y,1,1,0,0
e02,178,y,1,1,0,0
e02,178,y,1,1,0,0
e02,178,y,1,1,0,0
e02,178,y,1,1,0,0
e02,178,y,1,1,0,0
e02,178,y,1,1,0,0
e02,178,y,1,1,0,1
e02,178,y,1,1,0,0
e02,178,y,1,1,0,0
e02,178,y,1,1,0,0
e02,178,y,1,1,0,0
e02,178,y,1,1,0,0
e02,179,k,1,1,1,0
e02,179,k,1,1,1,0
e02,179,k,1,1,1,0
e02,179,k,1,1,1,0
e02,179,k,1,1,1,0
e02,179,k,1,1,1,0
e02,179,k,1,1,1,0
e02,179,k,1,1,1,0
e02,179,k,1,1,1,0
e02,179,k,1,1,1,0
e02,179,k,1,1,1,0
e02,179,k,1,1,1,0
e02,179,k,1,1,1,1
e02,179,k,1,1,1,0
e02,179,k,1,1,1,0
e02,179,k,1,1,1,0
e02,180,v,1,1,1,0
e02,180,v,1,1,1,0
e02,180,v,1,1,1,0
e02,180,v,1,1,1,0
e02,180,v,1,1,1,0
e02,180,v,1,1,1,0
e02,180,v,1,1,1,0
e02,180,v,1,1,1,0
e02,180,v,1,1,1,0
e02,180,v,1,1,1,1
e02,180,v,1,1,1,0
e02,180,v,1,1,1,0
e02,180,v,1,1,1,0
e02,180,v,1,1,1,0
e02,180,v,1,1,1,0
e02,180,v,1,1,1,0
e02,181,b,1,1,1,0
e02,181,b,1,1,1,0
e02,181,b,1,1,1,1
e02,181,b,1,1,1,0
e02,181,b,1,1,1,0
e02,181,b,1,1,1,0
e02,181,b,1,1,1,0
e02,181,b,1,1,1,1
e02,181,b,1,1,1,1
e02,181,b,1,1,1,0
e02,181,b,1,1,1,0
e02,181,b,1,1,1,0
e02,181,b,1,1,1,0
e02,181,b,1,1,1,0
e02,181,b,1,1,1,1
e02,181,b,1,1,1,0
e02,182,y,1,1,0,0
e02,182,y,1,1,0,0
e02,182,y,1,1,0,0
e02,182,y,1,1,0,0
e02,182,y,1,1,0,0
e02,182,y,1,1,0,0
e02,182,y,1,1,0,0
e02,182,y,1,1,0,0
e02,182,y,1,1,0,0
e02,182,y,1,1,0,0
e02,182,y,1,1,0,0
e02,182,y,1,1,0,0
e02,182,y,1,1,0,0
e02,182,y,1,1,0,0
e02,182,y,1,1,0,0
e02,182,y,1,1,0,0
e02,183,q,1,1,0,0
e02,183,q,1,1,0,0
e02,183,q,1,1,0,1
e02,183,q,1,1,0,0
e02,183,q,1,1,0,0
e02,183,q,1,1,0,1
e02,183,q,1,1,0,0
e02,183,q,1,1,0,1
e02,183,q,1,1,0,0
e02,183,q,1,1,0,0
e02,183,q,1,1,0,0
e02,183,q,1,1,0,0
e02,183,q,1,1,0,0
e02,183,q,1,1,0,1
e02,183,q,1,1,0,0
e02,183,q,1,1,0,0
e02,184,z,1,1,0,0
e02,184,z,1,1,0,1
e02,184,z,1,1,0,0
e02,184,z,1,1,0,0
e02,184,z,1,1,0,1
e02,184,z,1,1,0,0
e02,184,z,1,1,0,0
e02,184,z,1,1,0,0
e02,184,z,1,1,0,1
e02,184,z,1,1,0,0
e02,184,z,1,1,0,1
e02,184,z,1,1,0,0
e02,184,z,1,1,0,0
e02,184,z,1,1,0,0
e02,184,z,1,1,0,0
e02,184,z,1,1,0,0
e02,185,f,1,1,1,1
e02,185,f,1,1,1,1
e02,185,f,1,1,1,0
e02,185,f,1,1,1,0
e02,185,f,1,1,1,0
e02,185,f,1,1,1,0
e02,185,f,1,1,1,0
e02,185,f,1,1,1,0
e02,185,f,1,1,1,0
e02,185,f,1,1,1,0
e02,185,f,1,1,1,0
e02,185,f,1,1,1,0
e02,185,f,1,1,1,0
e02,185,f,1,1,1,1
e02,185,f,1,1,1,0
e02,185,f,1,1,1,0
e02,186,y,1,1,0,0
e02,186,y,1,1,0,0
e02,186,y,1,1,0,0
e02,186,y,1,1,0,0
e02,186,y,1,1,0,0
e02,186,y,1,1,0,0
e02,186,y,1,1,0,1
e02,186,y,1,1,0,1
e02,186,y,1,1,0,0
e02,186,y,1,1,0,0
e02,186,y,1,1,0,0
e02,186,y,1,1,0,0
e02,186,y,1,1,0,0
e02,186,y,1,1,0,0
e02,186,y,1,1,0,0
e02,186,y,1,1,0,0
e02,187,z,1,1,0,0
e02,187,z,1,1,0,0
e02,187,z,1,1,0,1
e02,187,z,1,1,0,0
e02,187,z,1,1,0,1
e02,187,z,1,1,0,1
e02,187,z,1,1,0,0
e02,187,z,1,1,0,0
e02,187,z,1,1,0,1
e02,187,z,1,1,0,1
e02,187,z,1,1,0,1
e02,187,z,1,1,0,0
e02,187,z,1,1,0,1
e02,187,z,1,1,0,0
e02,187,z,1,1,0,1
e02,187,z,1,1,0,1
e02,188,l,1,1,1,0
e02,188,l,1,1,1,0
e02,188,l,1,1,1,0
e02,188,l,1,1,1,0
e02,188,l,1,1,1,0
e02,188,l,1,1,1,0
e02,188,l,1,1,1,0
e02,188,l,1,1,1,0
e02,188,l,1,1,1,0
e02,188,l,1,1,1,0
e02,188,l,1,1,1,0
e02,188,l,1,1,1,0
e02,188,l,1,1,1,0
e02,188,l,1,1,1,0
e02,188,l,1,1,1,0
e02,188,l,1,1,1,0
e02,189,j,1,1,1,1
e02,189,j,1,1,1,0
e02,189,j,1,1,1,0
e02,189,j,1,1,1,1
e02,189,j,1,1,1,1
e02,189,j,1,1,1,0
e02,189,j,1,1,1,1
e02,189,j,1,1,1,0
e02,189,j,1,1,1,1
e02,189,j,1,1,1,0
e02,189,j,1,1,1,0
e02,189,j,1,1,1,0
e02,189,j,1,1,1,0
e02,189,j,1,1,1,1
e02,189,j,1,1,1,0
e02,189,j,1,1,1,0
e02,190,r,1,1,0,0
e02,190,r,1,1,0,0
e02,190,r,1,1,0,0
e02,190,r,1,1,0,0
e02,190,r,1,1,0,0
e02,190,r,1,1,0,0
e02,190,r,1,1,0,0
e02,190,r,1,1,0,1
e02,190,r,1,1,0,0
e02,190,r,1,1,0,0
e02,190,r,1,1,0,0
e02,190,r,1,1,0,0
e02,190,r,1,1,0,0
e02,190,r,1,1,0,0
e02,190,r,1,1,0,0
e02,190,r,1,1,0,0
e02,191,y,1,1,0,1
e02,191,y,1,1,0,1
e02,191,y,1,1,0,0
e02,191,y,1,1,0,0
e02,191,y,1,1,0,0
e02,191,y,1,1,0,0
e02,191,y,1,1,0,0
e02,191,y,1,1,0,0
e02,191,y,1,1,0,0
e02,191,y,1,1,0,0
e02,191,y,1,1,0,0
e02,191,y,1,1,0,1
e02,191,y,1,1,0,0
e02,191,y,1,1,0,0
e02,191,y,1,1,0,0
e02,191,y,1,1,0,0
e02,192,y,1,1,0,1
e02,192,y,1,1,0,1
e02,192,y,1,1,0,1
e02,192,y,1,1,0,0
e02,192,y,1,1,0,1
e02,192,y,1,1,0,1
e02,192,y,1,1,0,1
e02,192,y,1,1,0,1
e02,192,y,1,1,0,1
e02,192,y,1,1,0,0
e02,192,y,1,1,0,1
e02,192,y,1,1,0,0
e02,192,y,1,1,0,1
e02,192,y,1,1,0,0
e02,192,y,1,1,0,1
e02,192,y,1,1,0,1
e02,193,r,1,1,0,0
e02,193,r,1,1,0,0
e02,193,r,1,1,0,0
e02,193,r,1,1,0,0
e02,193,r,1,1,0,1
e02,193,r,1,1,0,0
e02,193,r,1,1,0,0
e02,193,r,1,1,0,1
e02,193,r,1,1,0,0
e02,193,r,1,1,0,1
e02,193,r,1,1,0,0
e02,193,r,1,1,0,0
e02,193,r,1,1,0,0
e02,193,r,1,1,0,1
e02,193,r,1,1,0,1
e02,193,r,1,1,0,0
e02,194,k,1,1,0,0
e02,194,k,1,1,0,1
e02,194,k,1,1,0,1
e02,194,k,1,1,0,0
e02,194,k,1,1,0,1
e02,194,k,1,1,0,0
e02,194,k,1,1,0,1
e02,194,k,1,1,0,0
e02,194,k,1,1,0,0
e02,194,k,1,1,0,0
e02,194,k,1,1,0,1
e02,194,k,1,1,0,0
e02,194,k,1,1,0,1
e02,194,k,1,1,0,1
e02,194,k,1,1,0,1
e02,194,k,1,1,0,0
e02,195,p,1,1,1,0
e02,195,p,1,1,1,0
e02,195,p,1,1,1,0
e02,195,p,1,1,1,0
e02,195,p,1,1,1,0
e02,195,p,1,1,1,1
e02,195,p,1,1,1,0
e02,195,p,1,1,1,0
e02,195,p,1,1,1,0
e02,195,p,1,1,1,0
e02,195,p,1,1,1,0
e02,195,p,1,1,1,0
e02,195,p,1,1,1,0
e02,195,p,1,1,1,0
e02,195,p,1,1,1,0
e02,195,p,1,1,1,0
e02,196,k,1,1,1,0
e02,196,k,1,1,1,0
e02,196,k,1,1,1,0
e02,196,k,1,1,1,0
e02,196,k,1,1,1,0
e02,196,k,1,1,1,0
e02,196,k,1,1,1,0
e02,196,k,1,1,1,0
e02,196,k,1,1,1,0
e02,196,k,1,1,1,0
e02,196,k,1,1,1,0
e02,196,k,1,1,1,0
e02,196,k,1,1,1,0
e02,196,k,1,1,1,0
e02,196,k,1,1,1,0
e02,196,k,1,1,1,0
e02,197,n,1,1,1,1
e02,197,n,1,1,1,0
e02,197,n,1,1,1,0
e02,197,n,1,1,1,0
e02,197,n,1,1,1,0
e02,197,n,1,1,1,0
e02,197,n,1,1,1,1
e02,197,n,1,1,1,1
e02,197,n,1,1,1,1
e02,197,n,1,1,1,1
e02,197,n,1,1,1,1
e02,197,n,1,1,1,1
e02,197,n,1,1,1,0
e02,197,n,1,1,1,1
e02,197,n,1,1,1,1
e02,197,n,1,1,1,0
e02,198,b,1,1,1,1
e02,198,b,1,1,1,0
e02,198,b,1,1,1,0
e02,198,b,1,1,1,0
e02,198,b,1,1,1,0
e02,198,b,1,1,1,1
e02,198,b,1,1,1,0
e02,198,b,1,1,1,1
e02,198,b,1,1,1,1
e02,198,b,1,1,1,0
e02,198,b,1,1,1,1
e02,198,b,1,1,1,0
e02,198,b,1,1,1,1
e02,198,b,1,1,1,0
e02,198,b,1,1,1,0
e02,198,b,1,1,1,1
e02,199,o,1,1,0,0
e02,199,o,1,1,0,0
e02,199,o,1,1,0,0
e02,199,o,1,1,0,0
e02,199,o,1,1,0,0
e02,199,o,1,1,0,0
e02,199,o,1,1,0,0
e02,199,o,1,1,0,0
e02,199,o,1,1,0,0
e02,199,o,1,1,0,0
e02,199,o,1,1,0,0
e02,199,o,1,1,0,0
e02,199,o,1,1,0,0
e02,199,o,1,1,0,0
e02,199,o,1,1,0,0
e02,199,o,1,1,0,1
e04,0,v,1,1,0,1
e04,0,v,1,1,0,0
e04,0,v,1,1,0,0
e04,0,v,1,1,0,0
e04,0,v,1,1,0,0
e04,0,v,1,1,0,0
e04,0,v,1,1,0,0
e04,0,v,1,1,0,0
e04,0,v,1,1,0,0
e04,0,v,1,1,0,0
e04,0,v,1,1,0,0
e04,0,v,1,1,0,0
e04,0,v,1,1,0,1
e04,0,v,1,1,0,0
e04,0,v,1,1,0,0
e04,0,v,1,1,0,1
e04,1,h,1,1,1,0
e04,1,h,1,1,1,0
e04,1,h,1,1,1,0
e04,1,h,1,1,1,0
e04,1,h,1,1,1,0
e04,1,h,1,1,1,0
e04,1,h,1,1,1,0
e04,1,h,1,1,1,0
e04,1,h,1,1,1,0
e04,1,h,1,1,1,0
e04,1,h,1,1,1,0
e04,1,h,1,1,1,0
e04,1,h,1,1,1,0
e04,1,h,1,1,1,0
e04,1,h,1,1,1,0
e04,1,h,1,1,1,0
e04,2,f,1,1,1,0
e04,2,f,1,1,1,0
e04,2,f,1,1,1,0
e04,2,f,1,1,1,1
e04,2,f,1,1,1,1
e04,2,f,1,1,1,0
e04,2,f,1,1,1,1
e04,2,f,1,1,1,0
e04,2,f,1,1,1,0
e04,2,f,1,1,1,0
e04,2,f,1,1,1,1
e04,2,f,1,1,1,0
e04,2,f,1,1,1,0
e04,2,f,1,1,1,0
e04,2,f,1,1,1,1
e04,2,f,1,1,1,1
e04,3,l,1,1,1,0
e04,3,l,1,1,1,0
e04,3,l,1,1,1,0
e04,3,l,1,1,1,0
e04,3,l,1,1,1,1
e04,3,l,1,1,1,1
e04,3,l,1,1,1,0
e04,3,l,1,1,1,0
e04,3,l,1,1,1,0
e04,3,l,1,1,1,0
e04,3,l,1,1,1,0
e04,3,l,1,1,1,1
e04,3,l,1,1,1,1
e04,3,l,1,1,1,0
e04,3,l,1,1,1,0
e04,3,l,1,1,1,0
e04,4,j,1,1,1,0
e04,4,j,1,1,1,0
e04,4,j,1,1,1,1
e04,4,j,1,1,1,0
e04,4,j,1,1,1,0
e04,4,j,1,1,1,1
e04,4,j,1,1,1,0
e04,4,j,1,1,1,0
e04,4,j,1,1,1,0
e04,4,j,1,1,1,1
e04,4,j,1,1,1,0
e04,4,j,1,1,1,0
e04,4,j,1,1,1,0
e04,4,j,1,1,1,0
e04,4,j,1,1,1,0
e04,4,j,1,1,1,0
e04,5,r,1,1,1,0
e04,5,r,1,1,1,0
e04,5,r,1,1,1,0
e04,5,r,1,1,1,1
e04,5,r,1,1,1,0
e04,5,r,1,1,1,1
e04,5,r,1,1,1,0
e04,5,r,1,1,1,0
e04,5,r,1,1,1,0
e04,5,r,1,1,1,1
e04,5,r,1,1,1,0
e04,5,r,1,1,1,1
e04,5,r,1,1,1,1
e04,5,r,1,1,1,1
e04,5,r,1,1,1,0
e04,5,r,1,1,1,1
e04,6,z,1,1,0,0
e04,6,z,1,1,0,0
e04,6,z,1,1,0,0
e04,6,z,1,1,0,0
e04,6,z,1,1,0,1
e04,6,z,1,1,0,1
e04,6,z,1,1,0,0
e04,6,z,1,1,0,0
e04,6,z,1,1,0,0
e04,6,z,1,1,0,0
e04,6,z,1,1,0,0
e04,6,z,1,1,0,0
e04,6,z,1,1,0,0
e04,6,z,1,1,0,1
e04,6,z,1,1,0,1
e04,6,z,1,1,0,1
e04,7,r,1,1,0,1
e04,7,r,1,1,0,1
e04,7,r,1,1,0,1
e04,7,r,1,1,0,0
e04,7,r,1,1,0,1
e04,7,r,1,1,0,1
e04,7,r,1,1,0,1
e04,7,r,1,1,0,0
e04,7,r,1,1,0,0
e04,7,r,1,1,0,0
e04,7,r,1,1,0,1
e04,7,r,1,1,0,1
e04,7,r,1,1,0,0
e04,7,r,1,1,0,0
e04,7,r,1,1,0,0
e04,7,r,1,1,0,0
e04,8,d,1,1,1,0
e04,8,d,1,1,1,0
e04,8,d,1,1,1,0
e04,8,d,1,1,1,1
e04,8,d,1,1,1,1
e04,8,d,1,1,1,0
e04,8,d,1,1,1,0
e04,8,d,1,1,1,0
e04,8,d,1,1,1,0
e04,8,d,1,1,1,0
e04,8,d,1,1,1,1
e04,8,d,1,1,1,0
e04,8,d,1,1,1,0
e04,8,d,1,1,1,0
e04,8,d,1,1,1,1
e04,8,d,1,1,1,0
e04,9,f,1,1,1,1
e04,9,f,1,1,1,0
e04,9,f,1,1,1,0
e04,9,f,1,1,1,0
e04,9,f,1,1,1,0
e04,9,f,1,1,1,0
e04,9,f,1,1,1,1
e04,9,f,1,1,1,1
e04,9,f,1,1,1,0
e04,9,f,1,1,1,0
e04,9,f,1,1,1,0
e04,9,f,1,1,1,0
e04,9,f,1,1,1,0
e04,9,f,1,1,1,0
e04,9,f,1,1,1,0
e04,9,f,1,1,1,0
e04,10,i,1,1,0,0
e04,10,i,1,1,0,1
e04,10,i,1,1,0,0
e04,10,i,1,1,0,0
e04,10,i,1,1,0,1
e04,10,i,1,1,0,0
e04,10,i,1,1,0,0
e04,10,i,1,1,0,0
e04,10,i,1,1,0,0
e04,10,i,1,1,0,1
e04,10,i,1,1,0,0
e04,10,i,1,1,0,1
e04,10,i,1,1,0,1
e04,10,i,1,1,0,1
e04,10,i,1,1,0,1
e04,10,i,1,1,0,0
e04,11,o,1,1,0,1
e04,11,o,1,1,0,0
e04,11,o,1,1,0,0
e04,11,o,1,1,0,0
e04,11,o,1,1,0,1
e04,11,o,1,1,0,0
e04,11,o,1,1,0,0
e04,11,o,1,1,0,1
e04,11,o,1,1,0,1
e04,11,o,1,1,0,0
e04,11,o,1,1,0,0
e04,11,o,1,1,0,1
e04,11,o,1,1,0,1
e04,11,o,1,1,0,0
e04,11,o,1,1,0,0
e04,11,o,1,1,0,0
e04,12,v,1,1,0,1
e04,12,v,1,1,0,0
e04,12,v,1,1,0,1
e04,12,v,1,1,0,1
e04,12,v,1,1,0,0
e04,12,v,1,1,0,1
e04,12,v,1,1,0,0
e04,12,v,1,1,0,0
e04,12,v,1,1,0,0
e04,12,v,1,1,0,1
e04,12,v,1,1,0,1
e04,12,v,1,1,0,1
e04,12,v,1,1,0,0
e04,12,v,1,1,0,1
e04,12,v,1,1,0,0
e04,12,v,1,1,0,0
e04,13,h,1,1,1,0
e04,13,h,1,1,1,0
e04,13,h,1,1,1,0
e04,13,h,1,1,1,0
e04,13,h,1,1,1,0
e04,13,h,1,1,1,0
e04,13,h,1,1,1,0
e04,13,h,1,1,1,0
e04,13,h,1,1,1,1
e04,13,h,1,1,1,0
e04,13,h,1,1,1,0
e04,13,h,1,1,1,0
e04,13,h,1,1,1,0
e04,13,h,1,1,1,0
e04,13,h,1,1,1,0
e04,13,h,1,1,1,0
e04,14,d,1,1,1,1
e04,14,d,1,1,1,1
e04,14,d,1,1,1,0
e04,14,d,1,1,1,0
e04,14,d,1,1,1,0
e04,14,d,1,1,1,0
e04,14,d,1,1,1,0
e04,14,d,1,1,1,1
e04,14,d,1,1,1,0
e04,14,d,1,1,1,0
e04,14,d,1,1,1,1
e04,14,d,1,1,1,0
e04,14,d,1,1,1,0
e04,14,d,1,1,1,1
e04,14,d,1,1,1,1
e04,14,d,1,1,1,0
e04,15,l,1,1,1,0
e04,15,l,1,1,1,0
e04,15,l,1,1,1,0
e04,15,l,1,1,1,0
e04,15,l,1,1,1,0
e04,15,l,1,1,1,0
e04,15,l,1,1,1,0
e04,15,l,1,1,1,0
e04,15,l,1,1,1,0
e04,15,l,1,1,1,0
e04,15,l,1,1,1,0
e04,15,l,1,1,1,0
e04,15,l,1,1,1,0
e04,15,l,1,1,1,0
e04,15,l,1,1,1,0
e04,15,l,1,1,1,0
e04,16,t,1,1,0,0
e04,16,t,1,1,0,1
e04,16,t,1,1,0,0
e04,16,t,1,1,0,1
e04,16,t,1,1,0,0
e04,16,t,1,1,0,0
e04,16,t,1,1,0,1
e04,16,t,1,1,0,0
e04,16,t,1,1,0,1
e04,16,t,1,1,0,1
e04,16,t,1,1,0,0
e04,16,t,1,1,0,1
e04,16,t,1,1,0,1
e04,16,t,1,1,0,1
e04,16,t,1,1,0,0
e04,16,t,1,1,0,1
e04,17,d,1,1,1,1
e04,17,d,1,1,1,0
e04,17,d,1,1,1,1
e04,17,d,1,1,1,1
e04,17,d,1,1,1,0
e04,17,d,1,1,1,0
e04,17,d,1,1,1,0
e04,17,d,1,1,1,0
e04,17,d,1,1,1,0
e04,17,d,1,1,1,0
e04,17,d,1,1,1,0
e04,17,d,1,1,1,0
e04,17,d,1,1,1,0
e04,17,d,1,1,1,0
e04,17,d,1,1,1,0
e04,17,d,1,1,1,1
e04,18,r,1,1,1,0
e04,18,r,1,1,1,1
e04,18,r,1,1,1,0
e04,18,r,1,1,1,0
e04,18,r,1,1,1,0
e04,18,r,1,1,1,0
e04,18,r,1,1,1,0
e04,18,r,1,1,1,0
e04,18,r,1,1,1,0
e04,18,r,1,1,1,0
e04,18,r,1,1,1,0
e04,18,r,1,1,1,0
e04,18,r,1,1,1,0
e04,18,r,1,1,1,0
e04,18,r,1,1,1,0
e04,18,r,1,1,1,0
e04,19,u,1,1,0,0
e04,19,u,1,1,0,0
e04,19,u,1,1,0,0
e04,19,u,1,1,0,0
e04,19,u,1,1,0,0
e04,19,u,1,1,0,0
e04,19,u,1,1,0,0
e04,19,u,1,1,0,0
e04,19,u,1,1,0,0
e04,19,u,1,1,0,0
e04,19,u,1,1,0,0
e04,19,u,1,1,0,0
e04,19,u,1,1,0,0
e04,19,u,1,1,0,0
e04,19,u,1,1,0,1
e04,19,u,1,1,0,0
e04,20,q,1,1,0,1
e04,20,q,1,1,0,1
e04,20,q,1,1,0,0
e04,20,q,1,1,0,1
e04,20,q,1,1,0,0
e04,20,q,1,1,0,0
e04,20,q,1,1,0,0
e04,20,q,1,1,0,0
e04,20,q,1,1,0,0
e04,20,q,1,1,0,0
e04,20,q,1,1,0,0
e04,20,q,1,1,0,0
e04,20,q,1,1,0,0
e04,20,q,1,1,0,0
e04,20,q,1,1,0,0
e04,20,q,1,1,0,0
e04,21,u,1,1,0,0
e04,21,u,1,1,0,0
e04,21,u,1,1,0,0
e04,21,u,1,1,0,0
e04,21,u,1,1,0,0
e04,21,u,1,1,0,0
e04,21,u,1,1,0,0
e04,21,u,1,1,0,0
e04,21,u,1,1,0,1
e04,21,u,1,1,0,0
e04,21,u,1,1,0,0
e04,21,u,1,1,0,1
e04,21,u,1,1,0,1
e04,21,u,1,1,0,0
e04,21,u,1,1,0,1
e04,21,u,1,1,0,0
e04,22,l,1,1,0,1
e04,22,l,1,1,0,0
e04,22,l,1,1,0,0
e04,22,l,1,1,0,0
e04,22,l,1,1,0,1
e04,22,l,1,1,0,0
e04,22,l,1,1,0,0
e04,22,l,1,1,0,0
e04,22,l,1,1,0,0
e04,22,l,1,1,0,0
e04,22,l,1,1,0,0
e04,22,l,1,1,0,0
e04,22,l,1,1,0,0
e04,22,l,1,1,0,0
e04,22,l,1,1,0,0
e04,22,l,1,1,0,0
e04,23,u,1,1,0,1
e04,23,u,1,1,0,1
e04,23,u,1,1,0,1
e04,23,u,1,1,0,1
e04,23,u,1,1,0,0
e04,23,u,1,1,0,0
e04,23,u,1,1,0,1
e04,23,u,1,1,0,1
e04,23,u,1,1,0,1
e04,23,u,1,1,0,0
e04,23,u,1,1,0,1
e04,23,u,1,1,0,0
e04,23,u,1,1,0,0
e04,23,u,1,1,0,1
e04,23,u,1,1,0,0
e04,23,u,1,1,0,0
e04,24,y,1,1,0,0
e04,24,y,1,1,0,0
e04,24,y,1,1,0,0
e04,24,y,1,1,0,0
e04,24,y,1,1,0,0
e04,24,y,1,1,0,0
e04,24,y,1,1,0,0
e04,24,y,1,1,0,0
e04,24,y,1,1,0,0
e04,24,y,1,1,0,1
e04,24,y,1,1,0,0
e04,24,y,1,1,0,0
e04,24,y,1,1,0,0
e04,24,y,1,1,0,0
e04,24,y,1,1,0,0
e04,24,y,1,1,0,0
e04,25,g,1,1,1,0
e04,25,g,1,1,1,1
e04,25,g,1,1,1,0
e04,25,g,1,1,1,0
e04,25,g,1,1,1,0
e04,25,g,1,1,1,0
e04,25,g,1,1,1,0
e04,25,g,1,1,1,1
e04,25,g,1,1,1,1
e04,25,g,1,1,1,0
e04,25,g,1,1,1,0
e04,25,g,1,1,1,1
e04,25,g,1,1,1,1
e04,25,g,1,1,1,0
e04,25,g,1,1,1,1
e04,25,g,1,1,1,1
e04,26,a,1,1,1,0
e04,26,a,1,1,1,0
e04,26,a,1,1,1,0
e04,26,a,1,1,1,1
e04,26,a,1,1,1,1
e04,26,a,1,1,1,0
e04,26,a,1,1,1,0
e04,26,a,1,1,1,0
e04,26,a,1,1,1,0
e04,26,a,1,1,1,0
e04,26,a,1,1,1,0
e04,26,a,1,1,1,0
e04,26,a,1,1,1,1
e04,26,a,1,1,1,0
e04,26,a,1,1,1,0
e04,26,a,1,1,1,0
e04,27,f,1,1,1,1
e04,27,f,1,1,1,0
e04,27,f,1,1,1,0
e04,27,f,1,1,1,0
e04,27,f,1,1,1,0
e04,27,f,1,1,1,1
e04,27,f,1,1,1,0
e04,27,f,1,1,1,1
e04,27,f,1,1,1,0
e04,27,f,1,1,1,1
e04,27,f,1,1,1,0
e04,27,f,1,1,1,1
e04,27,f,1,1,1,0
e04,27,f,1,1,1,1
e04,27,f,1,1,1,1
e04,27,f,1,1,1,0
e04,28,f,1,1,1,1
e04,28,f,1,1,1,1
e04,28,f,1,1,1,0
e04,28,f,1,1,1,1
e04,28,f,1,1,1,1
e04,28,f,1,1,1,1
e04,28,f,1,1,1,1
e04,28,f,1,1,1,0
e04,28,f,1,1,1,1
e04,28,f,1,1,1,1
e04,28,f,1,1,1,0
e04,28,f,1,1,1,0
e04,28,f,1,1,1,0
e04,28,f,1,1,1,1
e04,28,f,1,1,1,0
e04,28,f,1,1,1,1
e04,29,r,1,1,0,0
e04,29,r,1,1,0,0
e04,29,r,1,1,0,0
e04,29,r,1,1,0,1
e04,29,r,1,1,0,0
e04,29,r,1,1,0,1
e04,29,r,1,1,0,1
e04,29,r,1,1,0,1
e04,29,r,1,1,0,0
e04,29,r,1,1,0,0
e04,29,r,1,1,0,1
e04,29,r,1,1,0,1
e04,29,r,1,1,0,1
e04,29,r,1,1,0,0
e04,29,r,1,1,0,0
e04,29,r,1,1,0,0
e04,30,x,1,1,0,1
e04,30,x,1,1,0,1
e04,30,x,1,1,0,0
e04,30,x,1,1,0,0
e04,30,x,1,1,0,0
e04,30,x,1,1,0,1
e04,30,x,1,1,0,1
e04,30,x,1,1,0,0
e04,30,x,1,1,0,0
e04,30,x,1,1,0,1
e04,30,x,1,1,0,0
e04,30,x,1,1,0,1
e04,30,x,1,1,0,0
e04,30,x,1,1,0,0
e04,30,x,1,1,0,0
e04,30,x,1,1,0,1
e04,31,i,1,1,1,1
e04,31,i,1,1,1,0
e04,31,i,1,1,1,0
e04,31,i,1,1,1,1
e04,31,i,1,1,1,1
e04,31,i,1,1,1,0
e04,31,i,1,1,1,0
e04,31,i,1,1,1,1
e04,31,i,1,1,1,0
e04,31,i,1,1,1,0
e04,31,i,1,1,1,0
e04,31,i,1,1,1,0
e04,31,i,1,1,1,1
e04,31,i,1,1,1,0
e04,31,i,1,1,1,1
e04,31,i,1,1,1,0
e04,32,n,1,1,0,0
e04,32,n,1,1,0,0
e04,32,n,1,1,0,1
e04,32,n,1,1,0,0
e04,32,n,1,1,0,0
e04,32,n,1,1,0,0
e04,32,n,1,1,0,0
e04,32,n,1,1,0,0
e04,32,n,1,1,0,0
e04,32,n,1,1,0,0
e04,32,n,1,1,0,0
e04,32,n,1,1,0,0
e04,32,n,1,1,0,0
e04,32,n,1,1,0,0
e04,32,n,1,1,0,0
e04,32,n,1,1,0,0
e04,33,u,1,1,0,0
e04,33,u,1,1,0,0
e04,33,u,1,1,0,0
e04,33,u,1,1,0,0
e04,33,u,1,1,0,0
e04,33,u,1,1,0,0
e04,33,u,1,1,0,0
e04,33,u,1,1,0,0
e04,33,u,1,1,0,0
e04,33,u,1,1,0,0
e04,33,u,1,1,0,0
e04,33,u,1,1,0,0
e04,33,u,1,1,0,0
e04,33,u,1,1,0,0
e04,33,u,1,1,0,1
e04,33,u,1,1,0,0
e04,34,p,1,1,0,1
e04,34,p,1,1,0,1
e04,34,p,1,1,0,1
e04,34,p,1,1,0,0
e04,34,p,1,1,0,0
e04,34,p,1,1,0,0
e04,34,p,1,1,0,0
e04,34,p,1,1,0,0
e04,34,p,1,1,0,0
e04,34,p,1,1,0,0
e04,34,p,1,1,0,0
e04,34,p,1,1,0,0
e04,34,p,1,1,0,1
e04,34,p,1,1,0,1
e04,34,p,1,1,0,1
e04,34,p,1,1,0,0
e04,35,e,1,1,1,1
e04,35,e,1,1,1,0
e04,35,e,1,1,1,0
e04,35,e,1,1,1,1
e04,35,e,1,1,1,0
e04,35,e,1,1,1,0
e04,35,e,1,1,1,1
e04,35,e,1,1,1,1
e04,35,e,1,1,1,0
e04,35,e,1,1,1,1
e04,35,e,1,1,1,1
e04,35,e,1,1,1,1
e04,35,e,1,1,1,1
e04,35,e,1,1,1,0
e04,35,e,1,1,1,0
e04,35,e,1,1,1,0
e04,36,i,1,1,1,1
e04,36,i,1,1,1,0
e04,36,i,1,1,1,0
e04,36,i,1,1,1,0
e04,36,i,1,1,1,0
e04,36,i,1,1,1,0
e04,36,i,1,1,1,0
e04,36,i,1,1,1,0
e04,36,i,1,1,1,0
e04,36,i,1,1,1,0
e04,36,i,1,1,1,0
e04,36,i,1,1,1,0
e04,36,i,1,1,1,0
e04,36,i,1,1,1,0
e04,36,i,1,1,1,0
e04,36,i,1,1,1,0
e04,37,v,1,1,0,0
e04,37,v,1,1,0,1
e04,37,v,1,1,0,1
e04,37,v,1,1,0,1
e04,37,v,1,1,0,1
e04,37,v,1,1,0,0
e04,37,v,1,1,0,0
e04,37,v,1,1,0,0
e04,37,v,1,1,0,0
e04,37,v,1,1,0,1
e04,37,v,1,1,0,0
e04,37,v,1,1,0,1
e04,37,v,1,1,0,1
e04,37,v,1,1,0,1
e04,37,v,1,1,0,0
e04,37,v,1,1,0,1
e04,38,o,1,1,0,0
e04,38,o,1,1,0,0
e04,38,o,1,1,0,0
e04,38,o,1,1,0,0
e04,38,o,1,1,0,0
e04,38,o,1,1,0,0
e04,38,o,1,1,0,0
e04,38,o,1,1,0,0
e04,38,o,1,1,0,0
e04,38,o,1,1,0,0
e04,38,o,1,1,0,1
e04,38,o,1,1,0,0
e04,38,o,1,1,0,0
e04,38,o,1,1,0,0
e04,38,o,1,1,0,0
e04,38,o,1,1,0,0
e04,39,x,1,1,1,1
e04,39,x,1,1,1,0
e04,39,x,1,1,1,0
e04,39,x,1,1,1,0
e04,39,x,1,1,1,0
e04,39,x,1,1,1,0
e04,39,x,1,1,1,1
e04,39,x,1,1,1,0
e04,39,x,1,1,1,1
e04,39,x,1,1,1,1
e04,39,x,1,1,1,0
e04,39,x,1,1,1,1
e04,39,x,1,1,1,0
e04,39,x,1,1,1,1
e04,39,x,1,1,1,0
e04,39,x,1,1,1,1
e04,40,s,1,1,0,0
e04,40,s,1,1,0,1
e04,40,s,1,1,0,1
e04,40,s,1,1,0,1
e04,40,s,1,1,0,1
e04,40,s,1,1,0,0
e04,40,s,1,1,0,0
e04,40,s,1,1,0,0
e04,40,s,1,1,0,1
e04,40,s,1,1,0,0
e04,40,s,1,1,0,1
e04,40,s,1,1,0,0
e04,40,s,1,1,0,0
e04,40,s,1,1,0,0
e04,40,s,1,1,0,1
e04,40,s,1,1,0,1
e04,41,i,1,1,1,0
e04,41,i,1,1,1,1
e04,41,i,1,1,1,0
e04,41,i,1,1,1,0
e04,41,i,1,1,1,0
e04,41,i,1,1,1,1
e04,41,i,1,1,1,0
e04,41,i,1,1,1,1
e04,41,i,1,1,1,0
e04,41,i,1,1,1,1
e04,41,i,1,1,1,0
e04,41,i,1,1,1,1
e04,41,i,1,1,1,0
e04,41,i,1,1,1,1
e04,41,i,1,1,1,0
e04,41,i,1,1,1,0
e04,42,t,1,1,0,0
e04,42,t,1,1,0,0
e04,42,t,1,1,0,0
e04,42,t,1,1,0,0
e04,42,t,1,1,0,1
e04,42,t,1,1,0,0
e04,42,t,1,1,0,0
e04,42,t,1,1,0,0
e04,42,t,1,1,0,0
e04,42,t,1,1,0,0
e04,42,t,1,1,0,0
e04,42,t,1,1,0,0
e04,42,t,1,1,0,0
e04,42,t,1,1,0,0
e04,42,t,1,1,0,0
e04,42,t,1,1,0,1
e04,43,t,1,1,0,0
e04,43,t,1,1,0,1
e04,43,t,1,1,0,1
e04,43,t,1,1,0,1
e04,43,t,1,1,0,0
e04,43,t,1,1,0,0
e04,43,t,1,1,0,0
e04,43,t,1,1,0,0
e04,43,t,1,1,0,0
e04,43,t,1,1,0,0
e04,43,t,1,1,0,0
e04,43,t,1,1,0,0
e04,43,t,1,1,0,0
e04,43,t,1,1,0,1
e04,43,t,1,1,0,1
e04,43,t,1,1,0,0
e04,44,s,1,1,0,0
e04,44,s,1,1,0,0
e04,44,s,1,1,0,0
e04,44,s,1,1,0,1
e04,44,s,1,1,0,0
e04,44,s,1,1,0,1
e04,44,s,1,1,0,0
e04,44,s,1,1,0,0
e04,44,s,1,1,0,0
e04,44,s,1,1,0,0
e04,44,s,1,1,0,0
e04,44,s,1,1,0,0
e04,44,s,1,1,0,0
e04,44,s,1,1,0,0
e04,44,s,1,1,0,0
e04,44,s,1,1,0,0
e04,45,l,1,1,0,1
e04,45,l,1,1,0,0
e04,45,l,1,1,0,0
e04,45,l,1,1,0,1
e04,45,l,1,1,0,0
e04,45,l,1,1,0,0
e04,45,l,1,1,0,0
e04,45,l,1,1,0,0
e04,45,l,1,1,0,0
e04,45,l,1,1,0,0
e04,45,l,1,1,0,1
e04,45,l,1,1,0,0
e04,45,l,1,1,0,0
e04,45,l,1,1,0,0
e04,45,l,1,1,0,1
e04,45,l,1,1,0,0
e04,46,p,1,1,0,0
e04,46,p,1,1,0,0
e04,46,p,1,1,0,0
e04,46,p,1,1,0,1
e04,46,p,1,1,0,0
e04,46,p,1,1,0,0
e04,46,p,1,1,0,0
e04,46,p,1,1,0,0
e04,46,p,1,1,0,1
e04,46,p,1,1,0,1
e04,46,p,1,1,0,0
e04,46,p,1,1,0,0
e04,46,p,1,1,0,1
e04,46,p,1,1,0,0
e04,46,p,1,1,0,1
e04,46,p,1,1,0,0
e04,47,o,1,1,0,1
e04,47,o,1,1,0,1
e04,47,o,1,1,0,1
e04,47,o,1,1,0,0
e04,47,o,1,1,0,0
e04,47,o,1,1,0,1
e04,47,o,1,1,0,1
e04,47,o,1,1,0,1
e04,47,o,1,1,0,0
e04,47,o,1,1,0,0
e04,47,o,1,1,0,1
e04,47,o,1,1,0,0
e04,47,o,1,1,0,1
e04,47,o,1,1,0,1
e04,47,o,1,1,0,1
e04,47,o,1,1,0,0
e04,48,r,1,1,1,0
e04,48,r,1,1,1,1
e04,48,r,1,1,1,0
e04,48,r,1,1,1,0
e04,48,r,1,1,1,0
e04,48,r,1,1,1,1
e04,48,r,1,1,1,1
e04,48,r,1,1,1,1
e04,48,r,1,1,1,0
e04,48,r,1,1,1,0
e04,48,r,1,1,1,0
e04,48,r,1,1,1,1
e04,48,r,1,1,1,0
e04,48,r,1,1,1,1
e04,48,r,1,1,1,0
e04,48,r,1,1,1,1
e04,49,l,1,1,0,0
e04,49,l,1,1,0,0
e04,49,l,1,1,0,0
e04,49,l,1,1,0,0
e04,49,l,1,1,0,0
e04,49,l,1,1,0,1
e04,49,l,1,1,0,0
e04,49,l,1,1,0,0
e04,49,l,1,1,0,0
e04,49,l,1,1,0,0
e04,49,l,1,1,0,0
e04,49,l,1,1,0,0
e04,49,l,1,1,0,0
e04,49,l,1,1,0,0
e04,49,l,1,1,0,0
e04,49,l,1,1,0,0
e04,50,y,1,1,1,0
e04,50,y,1,1,1,0
e04,50,y,1,1,1,0
e04,50,y,1,1,1,0
e04,50,y,1,1,1,0
e04,50,y,1,1,1,0
e04,50,y,1,1,1,0
e04,50,y,1,1,1,0
e04,50,y,1,1,1,0
e04,50,y,1,1,1,0
e04,50,y,1,1,1,0
e04,50,y,1,1,1,0
e04,50,y,1,1,1,0
e04,50,y,1,1,1,1
e04,50,y,1,1,1,0
e04,50,y,1,1,1,0
e04,51,m,1,1,0,0
e04,51,m,1,1,0,1
e04,51,m,1,1,0,1
e04,51,m,1,1,0,0
e04,51,m,1,1,0,0
e04,51,m,1,1,0,0
e04,51,m,1,1,0,1
e04,51,m,1,1,0,1
e04,51,m,1,1,0,1
e04,51,m,1,1,0,0
e04,51,m,1,1,0,0
e04,51,m,1,1,0,0
e04,51,m,1,1,0,0
e04,51,m,1,1,0,1
e04,51,m,1,1,0,1
e04,51,m,1,1,0,0
e04,52,r,1,1,0,0
e04,52,r,1,1,0,0
e04,52,r,1,1,0,1
e04,52,r,1,1,0,0
e04,52,r,1,1,0,0
e04,52,r,1,1,0,0
e04,52,r,1,1,0,0
e04,52,r,1,1,0,0
e04,52,r,1,1,0,0
e04,52,r,1,1,0,0
e04,52,r,1,1,0,0
e04,52,r,1,1,0,0
e04,52,r,1,1,0,0
e04,52,r,1,1,0,0
e04,52,r,1,1,0,0
e04,52,r,1,1,0,1
e04,53,u,1,1,0,0
e04,53,u,1,1,0,0
e04,53,u,1,1,0,0
e04,53,u,1,1,0,0
e04,53,u,1,1,0,0
e04,53,u,1,1,0,1
e04,53,u,1,1,0,0
e04,53,u,1,1,0,0
e04,53,u,1,1,0,0
e04,53,u,1,1,0,0
e04,53,u,1,1,0,0
e04,53,u,1,1,0,0
e04,53,u,1,1,0,0
e04,53,u,1,1,0,0
e04,53,u,1,1,0,0
e04,53,u,1,1,0,0
e04,54,p,1,1,1,1
e04,54,p,1,1,1,0
e04,54,p,1,1,1,0
e04,54,p,1,1,1,0
e04,54,p,1,1,1,0
e04,54,p,1,1,1,0
e04,54,p,1,1,1,0
e04,54,p,1,1,1,0
e04,54,p,1,1,1,0
e04,54,p,1,1,1,0
e04,54,p,1,1,1,1
e04,54,p,1,1,1,0
e04,54,p,1,1,1,0
e04,54,p,1,1,1,1
e04,54,p,1,1,1,0
e04,54,p,1,1,1,1
e04,55,o,1,1,0,0
e04,55,o,1,1,0,0
e04,55,o,1,1,0,0
e04,55,o,1,1,0,0
e04,55,o,1,1,0,1
e04,55,o,1,1,0,1
e04,55,o,1,1,0,0
e04,55,o,1,1,0,0
e04,55,o,1,1,0,0
e04,55,o,1,1,0,1
e04,55,o,1,1,0,1
e04,55,o,1,1,0,0
e04,55,o,1,1,0,0
e04,55,o,1,1,0,1
e04,55,o,1,1,0,1
e04,55,o,1,1,0,0
e04,56,m,1,1,1,0
e04,56,m,1,1,1,0
e04,56,m,1,1,1,0
e04,56,m,1,1,1,0
e04,56,m,1,1,1,0
e04,56,m,1,1,1,1
e04,56,m,1,1,1,1
e04,56,m,1,1,1,1
e04,56,m,1,1,1,0
e04,56,m,1,1,1,0
e04,56,m,1,1,1,0
e04,56,m,1,1,1,0
e04,56,m,1,1,1,0
e04,56,m,1,1,1,0
e04,56,m,1,1,1,0
e04,56,m,1,1,1,0
e04,57,f,1,1,1,0
e04,57,f,1,1,1,1
e04,57,f,1,1,1,0
e04,57,f,1,1,1,1
e04,57,f,1,1,1,0
e04,57,f,1,1,1,1
e04,57,f,1,1,1,1
e04,57,f,1,1,1,0
e04,57,f,1,1,1,0
e04,57,f,1,1,1,1
e04,57,f,1,1,1,0
e04,57,f,1,1,1,0
e04,57,f,1,1,1,1
e04,57,f,1,1,1,0
e04,57,f,1,1,1,0
e04,57,f,1,1,1,0
e04,58,l,1,1,1,0
e04,58,l,1,1,1,1
e04,58,l,1,1,1,0
e04,58,l,1,1,1,0
e04,58,l,1,1,1,0
e04,58,l,1,1,1,0
e04,58,l,1,1,1,0
e04,58,l,1,1,1,0
e04,58,l,1,1,1,0
e04,58,l,1,1,1,0
e04,58,l,1,1,1,0
e04,58,l,1,1,1,1
e04,58,l,1,1,1,0
e04,58,l,1,1,1,0
e04,58,l,1,1,1,0
e04,58,l,1,1,1,0
e04,59,q,1,1,1,0
e04,59,q,1,1,1,0
e04,59,q,1,1,1,0
e04,59,q,1,1,1,1
e04,59,q,1,1,1,1
e04,59,q,1,1,1,0
e04,59,q,1,1,1,0
e04,59,q,1,1,1,0
e04,59,q,1,1,1,0
e04,59,q,1,1,1,1
e04,59,q,1,1,1,1
e04,59,q,1,1,1,0
e04,59,q,1,1,1,1
e04,59,q,1,1,1,0
e04,59,q,1,1,1,1
e04,59,q,1,1,1,0
e04,60,m,1,1,0,1
e04,60,m,1,1,0,0
e04,60,m,1,1,0,0
e04,60,m,1,1,0,0
e04,60,m,1,1,0,0
e04,60,m,1,1,0,0
e04,60,m,1,1,0,0
e04,60,m,1,1,0,0
e04,60,m,1,1,0,0
e04,60,m,1,1,0,0
e04,60,m,1,1,0,0
e04,60,m,1,1,0,0
e04,60,m,1,1,0,0
e04,60,m,1,1,0,0
e04,60,m,1,1,0,0
e04,60,m,1,1,0,0
e04,61,o,1,1,0,0
e04,61,o,1,1,0,0
e04,61,o,1,1,0,0
e04,61,o,1,1,0,0
e04,61,o,1,1,0,0
e04,61,o,1,1,0,0
e04,61,o,1,1,0,0
e04,61,o,1,1,0,0
e04,61,o,1,1,0,0
e04,61,o,1,1,0,1
e04,61,o,1,1,0,0
e04,61,o,1,1,0,0
e04,61,o,1,1,0,0
e04,61,o,1,1,0,0
e04,61,o,1,1,0,0
e04,61,o,1,1,0,0
e04,62,p,1,1,1,0
e04,62,p,1,1,1,0
e04,62,p,1,1,1,1
e04,62,p,1,1,1,1
e04,62,p,1,1,1,0
e04,62,p,1,1,1,1
e04,62,p,1,1,1,1
e04,62,p,1,1,1,1
e04,62,p,1,1,1,0
e04,62,p,1,1,1,1
e04,62,p,1,1,1,1
e04,62,p,1,1,1,0
e04,62,p,1,1,1,1
e04,62,p,1,1,1,1
e04,62,p,1,1,1,1
e04,62,p,1,1,1,1
e04,63,c,1,1,0,0
e04,63,c,1,1,0,0
e04,63,c,1,1,0,0
e04,63,c,1,1,0,0
e04,63,c,1,1,0,0
e04,63,c,1,1,0,0
e04,63,c,1,1,0,0
e04,63,c,1,1,0,0
e04,63,c,1,1,0,1
e04,63,c,1,1,0,0
e04,63,c,1,1,0,0
e04,63,c,1,1,0,0
e04,63,c,1,1,0,0
e04,63,c,1,1,0,0
e04,63,c,1,1,0,0
e04,63,c,1,1,0,0
e04,64,m,1,1,1,1
e04,64,m,1,1,1,1
e04,64,m,1,1,1,0
e04,64,m,1,1,1,0
e04,64,m,1,1,1,0
e04,64,m,1,1,1,1
e04,64,m,1,1,1,0
e04,64,m,1,1,1,0
e04,64,m,1,1,1,0
e04,64,m,1,1,1,0
e04,64,m,1,1,1,0
e04,64,m,1,1,1,1
e04,64,m,1,1,1,1
e04,64,m,1,1,1,0
e04,64,m,1,1,1,0
e04,64,m,1,1,1,1
e04,65,l,1,1,0,0
e04,65,l,1,1,0,0
e04,65,l,1,1,0,0
e04,65,l,1,1,0,0
e04,65,l,1,1,0,0
e04,65,l,1,1,0,0
e04,65,l,1,1,0,0
e04,65,l,1,1,0,0
e04,65,l,1,1,0,0
e04,65,l,1,1,0,0
e04,65,l,1,1,0,0
e04,65,l,1,1,0,0
e04,65,l,1,1,0,1
e04,65,l,1,1,0,0
e04,65,l,1,1,0,0
e04,65,l,1,1,0,0
e04,66,i,1,1,1,0
e04,66,i,1,1,1,1
e04,66,i,1,1,1,0
e04,66,i,1,1,1,0
e04,66,i,1,1,1,0
e04,66,i,1,1,1,0
e04,66,i,1,1,1,0
e04,66,i,1,1,1,0
e04,66,i,1,1,1,0
e04,66,i,1,1,1,0
e04,66,i,1,1,1,0
e04,66,i,1,1,1,0
e04,66,i,1,1,1,1
e04,66,i,1,1,1,1
e04,66,i,1,1,1,0
e04,66,i,1,1,1,0
e04,67,e,1,1,1,0
e04,67,e,1,1,1,0
e04,67,e,1,1,1,0
e04,67,e,1,1,1,1
e04,67,e,1,1,1,0
e04,67,e,1,1,1,0
e04,67,e,1,1,1,0
e04,67,e,1,1,1,0
e04,67,e,1,1,1,0
e04,67,e,1,1,1,0
e04,67,e,1,1,1,0
e04,67,e,1,1,1,0
e04,67,e,1,1,1,1
e04,67,e,1,1,1,0
e04,67,e,1,1,1,0
e04,67,e,1,1,1,0
e04,68,l,1,1,1,0
e04,68,l,1,1,1,1
e04,68,l,1,1,1,0
e04,68,l,1,1,1,0
e04,68,l,1,1,1,0
e04,68,l,1,1,1,0
e04,68,l,1,1,1,0
e04,68,l,1,1,1,0
e04,68,l,1,1,1,1
e04,68,l,1,1,1,1
e04,68,l,1,1,1,0
e04,68,l,1,1,1,1
e04,68,l,1,1,1,1
e04,68,l,1,1,1,0
e04,68,l,1,1,1,1
e04,68,l,1,1,1,0
e04,69,j,1,1,0,1
e04,69,j,1,1,0,0
e04,69,j,1,1,0,0
e04,69,j,1,1,0,0
e04,69,j,1,1,0,0
e04,69,j,1,1,0,0
e04,69,j,1,1,0,1
e04,69,j,1,1,0,0
e04,69,j,1,1,0,0
e04,69,j,1,1,0,0
e04,69,j,1,1,0,0
e04,69,j,1,1,0,0
e04,69,j,1,1,0,0
e04,69,j,1,1,0,0
e04,69,j,1,1,0,0
e04,69,j,1,1,0,0
e04,70,v,1,1,0,1
e04,70,v,1,1,0,0
e04,70,v,1,1,0,1
e04,70,v,1,1,0,0
e04,70,v,1,1,0,0
e04,70,v,1,1,0,0
e04,70,v,1,1,0,0
e04,70,v,1,1,0,0
e04,70,v,1,1,0,0
e04,70,v,1,1,0,0
e04,70,v,1,1,0,0
e04,70,v,1,1,0,0
e04,70,v,1,1,0,0
e04,70,v,1,1,0,0
e04,70,v,1,1,0,0
e04,70,v,1,1,0,0
e04,71,q,1,1,0,0
e04,71,q,1,1,0,0
e04,71,q,1,1,0,0
e04,71,q,1,1,0,0
e04,71,q,1,1,0,0
e04,71,q,1,1,0,1
e04,71,q,1,1,0,0
e04,71,q,1,1,0,0
e04,71,q,1,1,0,0
e04,71,q,1,1,0,0
e04,71,q,1,1,0,0
e04,71,q,1,1,0,0
e04,71,q,1,1,0,0
e04,71,q,1,1,0,0
e04,71,q,1,1,0,0
e04,71,q,1,1,0,0
e04,72,w,1,1,1,0
e04,72,w,1,1,1,1
e04,72,w,1,1,1,0
e04,72,w,1,1,1,0
e04,72,w,1,1,1,0
e04,72,w,1,1,1,0
e04,72,w,1,1,1,0
e04,72,w,1,1,1,0
e04,72,w,1,1,1,0
e04,72,w,1,1,1,0
e04,72,w,1,1,1,0
e04,72,w,1,1,1,0
e04,72,w,1,1,1,0
e04,72,w,1,1,1,0
e04,72,w,1,1,1,1
e04,72,w,1,1,1,0
e04,73,n,1,1,1,1
e04,73,n,1,1,1,0
e04,73,n,1,1,1,1
e04,73,n,1,1,1,0
e04,73,n,1,1,1,0
e04,73,n,1,1,1,0
e04,73,n,1,1,1,0
e04,73,n,1,1,1,0
e04,73,n,1,1,1,0
e04,73,n,1,1,1,0
e04,73,n,1,1,1,0
e04,73,n,1,1,1,1
e04,73,n,1,1,1,0
e04,73,n,1,1,1,0
e04,73,n,1,1,1,1
e04,73,n,1,1,1,0
e04,74,v,1,1,0,1
e04,74,v,1,1,0,0
e04,74,v,1,1,0,1
e04,74,v,1,1,0,0
e04,74,v,1,1,0,0
e04,74,v,1,1,0,1
e04,74,v,1,1,0,1
e04,74,v,1,1,0,0
e04,74,v,1,1,0,1
e04,74,v,1,1,0,1
e04,74,v,1,1,0,0
e04,74,v,1,1,0,0
e04,74,v,1,1,0,0
e04,74,v,1,1,0,1
e04,74,v,1,1,0,1
e04,74,v,1,1,0,1
e04,75,a,1,1,1,0
e04,75,a,1,1,1,0
e04,75,a,1,1,1,1
e04,75,a,1,1,1,0
e04,75,a,1,1,1,1
e04,75,a,1,1,1,0
e04,75,a,1,1,1,1
e04,75,a,1,1,1,0
e04,75,a,1,1,1,0
e04,75,a,1,1,1,0
e04,75,a,1,1,1,0
e04,75,a,1,1,1,0
e04,75,a,1,1,1,0
e04,75,a,1,1,1,1
e04,75,a,1,1,1,0
e04,75,a,1,1,1,1
e04,76,x,1,1,0,1
e04,76,x,1,1,0,0
e04,76,x,1,1,0,0
e04,76,x,1,1,0,0
e04,76,x,1,1,0,0
e04,76,x,1,1,0,0
e04,76,x,1,1,0,1
e04,76,x,1,1,0,0
e04,76,x,1,1,0,0
e04,76,x,1,1,0,1
e04,76,x,1,1,0,1
e04,76,x,1,1,0,0
e04,76,x,1,1,0,0
e04,76,x,1,1,0,0
e04,76,x,1,1,0,1
e04,76,x,1,1,0,0
e04,77,r,1,1,0,0
e04,77,r,1,1,0,0
e04,77,r,1,1,0,0
e04,77,r,1,1,0,0
e04,77,r,1,1,0,1
e04,77,r,1,1,0,0
e04,77,r,1,1,0,0
e04,77,r,1,1,0,1
e04,77,r,1,1,0,0
e04,77,r,1,1,0,0
e04,77,r,1,1,0,0
e04,77,r,1,1,0,0
e04,77,r,1,1,0,0
e04,77,r,1,1,0,1
e04,77,r,1,1,0,0
e04,77,r,1,1,0,0
e04,78,y,1,1,0,0
e04,78,y,1,1,0,0
e04,78,y,1,1,0,0
e04,78,y,1,1,0,0
e04,78,y,1,1,0,0
e04,78,y,1,1,0,0
e04,78,y,1,1,0,0
e04,78,y,1,1,0,0
e04,78,y,1,1,0,0
e04,78,y,1,1,0,0
e04,78,y,1,1,0,0
e04,78,y,1,1,0,0
e04,78,y,1,1,0,0
e04,78,y,1,1,0,0
e04,78,y,1,1,0,0
e04,78,y,1,1,0,0
e04,79,d,1,1,1,1
e04,79,d,1,1,1,1
e04,79,d,1,1,1,0
e04,79,d,1,1,1,0
e04,79,d,1,1,1,1
e04,79,d,1,1,1,1
e04,79,d,1,1,1,1
e04,79,d,1,1,1,1
e04,79,d,1,1,1,1
e04,79,d,1,1,1,1
e04,79,d,1,1,1,0
e04,79,d,1,1,1,1
e04,79,d,1,1,1,0
e04,79,d,1,1,1,1
e04,79,d,1,1,1,0
e04,79,d,1,1,1,1
e04,80,i,1,1,1,1
e04,80,i,1,1,1,0
e04,80,i,1,1,1,1
e04,80,i,1,1,1,0
e04,80,i,1,1,1,0
e04,80,i,1,1,1,0
e04,80,i,1,1,1,0
e04,80,i,1,1,1,0
e04,80,i,1,1,1,0
e04,80,i,1,1,1,0
e04,80,i,1,1,1,0
e04,80,i,1,1,1,0
e04,80,i,1,1,1,0
e04,80,i,1,1,1,0
e04,80,i,1,1,1,0
e04,80,i,1,1,1,1
e04,81,e,1,1,1,1
e04,81,e,1,1,1,1
e04,81,e,1,1,1,1
e04,81,e,1,1,1,0
e04,81,e,1,1,1,1
e04,81,e,1,1,1,1
e04,81,e,1,1,1,1
e04,81,e,1,1,1,0
e04,81,e,1,1,1,1
e04,81,e,1,1,1,0
e04,81,e,1,1,1,1
e04,81,e,1,1,1,0
e04,81,e,1,1,1,1
e04,81,e,1,1,1,0
e04,81,e,1,1,1,0
e04,81,e,1,1,1,0
e04,82,m,1,1,1,0
e04,82,m,1,1,1,0
e04,82,m,1,1,1,0
e04,82,m,1,1,1,1
e04,82,m,1,1,1,0
e04,82,m,1,1,1,0
e04,82,m,1,1,1,1
e04,82,m,1,1,1,0
e04,82,m,1,1,1,0
e04,82,m,1,1,1,0
e04,82,m,1,1,1,0
e04,82,m,1,1,1,1
e04,82,m,1,1,1,1
e04,82,m,1,1,1,1
e04,82,m,1,1,1,1
e04,82,m,1,1,1,0
e04,83,d,1,1,1,0
e04,83,d,1,1,1,0
e04,83,d,1,1,1,0
e04,83,d,1,1,1,0
e04,83,d,1,1,1,0
e04,83,d,1,1,1,0
e04,83,d,1,1,1,0
e04,83,d,1,1,1,0
e04,83,d,1,1,1,0
e04,83,d,1,1,1,0
e04,83,d,1,1,1,0
e04,83,d,1,1,1,0
e04,83,d,1,1,1,0
e04,83,d,1,1,1,1
e04,83,d,1,1,1,0
e04,83,d,1,1,1,0
e04,84,u,1,1,0,1
e04,84,u,1,1,0,1
e04,84,u,1,1,0,0
e04,84,u,1,1,0,0
e04,84,u,1,1,0,0
e04,84,u,1,1,0,0
e04,84,u,1,1,0,0
e04,84,u,1,1,0,1
e04,84,u,1,1,0,1
e04,84,u,1,1,0,1
e04,84,u,1,1,0,1
e04,84,u,1,1,0,0
e04,84,u,1,1,0,1
e04,84,u,1,1,0,0
e04,84,u,1,1,0,1
e04,84,u,1,1,0,1
e04,85,y,1,1,0,0
e04,85,y,1,1,0,0
e04,85,y,1,1,0,1
e04,85,y,1,1,0,0
e04,85,y,1,1,0,0
e04,85,y,1,1,0,0
e04,85,y,1,1,0,0
e04,85,y,1,1,0,0
e04,85,y,1,1,0,0
e04,85,y,1,1,0,1
e04,85,y,1,1,0,0
e04,85,y,1,1,0,0
e04,85,y,1,1,0,1
e04,85,y,1,1,0,0
e04,85,y,1,1,0,0
e04,85,y,1,1,0,0
e04,86,n,1,1,0,1
e04,86,n,1,1,0,1
e04,86,n,1,1,0,0
e04,86,n,1,1,0,0
e04,86,n,1,1,0,0
e04,86,n,1,1,0,0
e04,86,n,1,1,0,0
e04,86,n,1,1,0,0
e04,86,n,1,1,0,0
e04,86,n,1,1,0,1
e04,86,n,1,1,0,0
e04,86,n,1,1,0,0
e04,86,n,1,1,0,0
e04,86,n,1,1,0,0
e04,86,n,1,1,0,0
e04,86,n,1,1,0,0
e04,87,t,1,1,0,0
e04,87,t,1,1,0,0
e04,87,t,1,1,0,0
e04,87,t,1,1,0,0
e04,87,t,1,1,0,0
e04,87,t,1,1,0,0
e04,87,t,1,1,0,0
e04,87,t,1,1,0,0
e04,87,t,1,1,0,0
e04,87,t,1,1,0,0
e04,87,t,1,1,0,0
e04,87,t,1,1,0,0
e04,87,t,1,1,0,0
e04,87,t,1,1,0,0
e04,87,t,1,1,0,1
e04,87,t,1,1,0,0
e04,88,k,1,1,1,0
e04,88,k,1,1,1,0
e04,88,k,1,1,1,0
e04,88,k,1,1,1,0
e04,88,k,1,1,1,0
e04,88,k,1,1,1,1
e04,88,k,1,1,1,0
e04,88,k,1,1,1,0
e04,88,k,1,1,1,0
e04,88,k,1,1,1,0
e04,88,k,1,1,1,0
e04,88,k,1,1,1,0
e04,88,k,1,1,1,0
e04,88,k,1,1,1,0
e04,88,k,1,1,1,0
e04,88,k,1,1,1,1
e04,89,s,1,1,1,1
e04,89,s,1,1,1,0
e04,89,s,1,1,1,0
e04,89,s,1,1,1,0
e04,89,s,1,1,1,0
e04,89,s,1,1,1,0
e04,89,s,1,1,1,1
e04,89,s,1,1,1,0
e04,89,s,1,1,1,0
e04,89,s,1,1,1,0
e04,89,s,1,1,1,0
e04,89,s,1,1,1,0
e04,89,s,1,1,1,0
e04,89,s,1,1,1,1
e04,89,s,1,1,1,1
e04,89,s,1,1,1,1
e04,90,v,1,1,0,1
e04,90,v,1,1,0,0
e04,90,v,1,1,0,0
e04,90,v,1,1,0,1
e04,90,v,1,1,0,1
e04,90,v,1,1,0,1
e04,90,v,1,1,0,0
e04,90,v,1,1,0,1
e04,90,v,1,1,0,0
e04,90,v,1,1,0,0
e04,90,v,1,1,0,0
e04,90,v,1,1,0,0
e04,90,v,1,1,0,0
e04,90,v,1,1,0,1
e04,90,v,1,1,0,0
e04,90,v,1,1,0,0
e04,91,u,1,1,0,1
e04,91,u,1,1,0,0
e04,91,u,1,1,0,1
e04,91,u,1,1,0,0
e04,91,u,1,1,0,0
e04,91,u,1,1,0,0
e04,91,u,1,1,0,0
e04,91,u,1,1,0,0
e04,91,u,1,1,0,0
e04,91,u,1,1,0,0
e04,91,u,1,1,0,0
e04,91,u,1,1,0,0
e04,91,u,1,1,0,0
e04,91,u,1,1,0,0
e04,91,u,1,1,0,0
e04,91,u,1,1,0,0
e04,92,p,1,1,0,0
e04,92,p,1,1,0,0
e04,92,p,1,1,0,0
e04,92,p,1,1,0,0
e04,92,p,1,1,0,0
e04,92,p,1,1,0,0
e04,92,p,1,1,0,0
e04,92,p,1,1,0,0
e04,92,p,1,1,0,0
e04,92,p,1,1,0,0
e04,92,p,1,1,0,0
e04,92,p,1,1,0,0
e04,92,p,1,1,0,0
e04,92,p,1,1,0,0
e04,92,p,1,1,0,0
e04,92,p,1,1,0,0
e04,93,j,1,1,0,1
e04,93,j,1,1,0,0
e04,93,j,1,1,0,0
e04,93,j,1,1,0,1
e04,93,j,1,1,0,0
e04,93,j,1,1,0,1
e04,93,j,1,1,0,0
e04,93,j,1,1,0,0
e04,93,j,1,1,0,0
e04,93,j,1,1,0,0
e04,93,j,1,1,0,1
e04,93,j,1,1,0,0
e04,93,j,1,1,0,1
e04,93,j,1,1,0,0
e04,93,j,1,1,0,0
e04,93,j,1,1,0,1
e04,94,w,1,1,1,1
e04,94,w,1,1,1,0
e04,94,w,1,1,1,0
e04,94,w,1,1,1,1
e04,94,w,1,1,1,1
e04,94,w,1,1,1,1
e04,94,w,1,1,1,1
e04,94,w,1,1,1,0
e04,94,w,1,1,1,0
e04,94,w,1,1,1,1
e04,94,w,1,1,1,1
e04,94,w,1,1,1,1
e04,94,w,1,1,1,1
e04,94,w,1,1,1,1
e04,94,w,1,1,1,1
e04,94,w,1,1,1,0
e04,95,v,1,1,1,0
e04,95,v,1,1,1,1
e04,95,v,1,1,1,0
e04,95,v,1,1,1,0
e04,95,v,1,1,1,0
e04,95,v,1,1,1,0
e04,95,v,1,1,1,0
e04,95,v,1,1,1,0
e04,95,v,1,1,1,0
e04,95,v,1,1,1,1
e04,95,v,1,1,1,0
e04,95,v,1,1,1,0
e04,95,v,1,1,1,0
e04,95,v,1,1,1,1
e04,95,v,1,1,1,0
e04,95,v,1,1,1,0
e04,96,n,1,1,0,1
e04,96,n,1,1,0,0
e04,96,n,1,1,0,1
e04,96,n,1,1,0,0
e04,96,n,1,1,0,0
e04,96,n,1,1,0,0
e04,96,n,1,1,0,1
e04,96,n,1,1,0,0
e04,96,n,1,1,0,0
e04,96,n,1,1,0,0
e04,96,n,1,1,0,0
e04,96,n,1,1,0,0
e04,96,n,1,1,0,1
e04,96,n,1,1,0,0
e04,96,n,1,1,0,0
e04,96,n,1,1,0,0
e04,97,p,1,1,1,0
e04,97,p,1,1,1,0
e04,97,p,1,1,1,1
e04,97,p,1,1,1,0
e04,97,p,1,1,1,0
e04,97,p,1,1,1,0
e04,97,p,1,1,1,0
e04,97,p,1,1,1,0
e04,97,p,1,1,1,0
e04,97,p,1,1,1,1
e04,97,p,1,1,1,0
e04,97,p,1,1,1,0
e04,97,p,1,1,1,0
e04,97,p,1,1,1,0
e04,97,p,1,1,1,0
e04,97,p,1,1,1,0
e04,98,l,1,1,0,0
e04,98,l,1,1,0,0
e04,98,l,1,1,0,0
e04,98,l,1,1,0,0
e04,98,l,1,1,0,1
e04,98,l,1,1,0,0
e04,98,l,1,1,0,0
e04,98,l,1,1,0,1
e04,98,l,1,1,0,1
e04,98,l,1,1,0,0
e04,98,l,1,1,0,1
e04,98,l,1,1,0,0
e04,98,l,1,1,0,0
e04,98,l,1,1,0,0
e04,98,l,1,1,0,0
e04,98,l,1,1,0,0
e04,99,m,1,1,1,1
e04,99,m,1,1,1,0
e04,99,m,1,1,1,1
e04,99,m,1,1,1,0
e04,99,m,1,1,1,0
e04,99,m,1,1,1,0
e04,99,m,1,1,1,0
e04,99,m,1,1,1,1
e04,99,m,1,1,1,0
e04,99,m,1,1,1,0
e04,99,m,1,1,1,0
e04,99,m,1,1,1,0
e04,99,m,1,1,1,0
e04,99,m,1,1,1,0
e04,99,m,1,1,1,0
e04,99,m,1,1,1,0
e04,100,c,1,1,1,0
e04,100,c,1,1,1,1
e04,100,c,1,1,1,0
e04,100,c,1,1,1,0
e04,100,c,1,1,1,0
e04,100,c,1,1,1,0
e04,100,c,1,1,1,0
e04,100,c,1,1,1,0
e04,100,c,1,1,1,0
e04,100,c,1,1,1,0
e04,100,c,1,1,1,0
e04,100,c,1,1,1,1
e04,100,c,1,1,1,0
e04,100,c,1,1,1,0
e04,100,c,1,1,1,0
e04,100,c,1,1,1,0
e04,101,v,1,1,1,1
e04,101,v,1,1,1,0
e04,101,v,1,1,1,1
e04,101,v,1,1,1,1
e04,101,v,1,1,1,1
e04,101,v,1,1,1,1
e04,101,v,1,1,1,0
e04,101,v,1,1,1,0
e04,101,v,1,1,1,0
e04,101,v,1,1,1,0
e04,101,v,1,1,1,0
e04,101,v,1,1,1,0
e04,101,v,1,1,1,1
e04,101,v,1,1,1,0
e04,101,v,1,1,1,1
e04,101,v,1,1,1,1
e04,102,q,1,1,1,1
e04,102,q,1,1,1,1
e04,102,q,1,1,1,1
e04,102,q,1,1,1,0
e04,102,q,1,1,1,0
e04,102,q,1,1,1,0
e04,102,q,1,1,1,1
e04,102,q,1,1,1,0
e04,102,q,1,1,1,1
e04,102,q,1,1,1,0
e04,102,q,1,1,1,0
e04,102,q,1,1,1,1
e04,102,q,1,1,1,1
e04,102,q,1,1,1,1
e04,102,q,1,1,1,0
e04,102,q,1,1,1,1
e04,103,k,1,1,1,1
e04,103,k,1,1,1,0
e04,103,k,1,1,1,0
e04,103,k,1,1,1,0
e04,103,k,1,1,1,0
e04,103,k,1,1,1,1
e04,103,k,1,1,1,0
e04,103,k,1,1,1,0
e04,103,k,1,1,1,0
e04,103,k,1,1,1,0
e04,103,k,1,1,1,0
e04,103,k,1,1,1,0
e04,103,k,1,1,1,1
e04,103,k,1,1,1,0
e04,103,k,1,1,1,0
e04,103,k,1,1,1,0
e04,104,y,1,1,0,1
e04,104,y,1,1,0,1
e04,104,y,1,1,0,0
e04,104,y,1,1,0,0
e04,104,y,1,1,0,0
e04,104,y,1,1,0,0
e04,104,y,1,1,0,0
e04,104,y,1,1,0,1
e04,104,y,1,1,0,0
e04,104,y,1,1,0,0
e04,104,y,1,1,0,0
e04,104,y,1,1,0,1
e04,104,y,1,1,0,1
e04,104,y,1,1,0,0
e04,104,y,1,1,0,0
e04,104,y,1,1,0,0
e04,105,t,1,1,1,0
e04,105,t,1,1,1,1
e04,105,t,1,1,1,1
e04,105,t,1,1,1,1
e04,105,t,1,1,1,1
e04,105,t,1,1,1,1
e04,105,t,1,1,1,1
e04,105,t,1,1,1,0
e04,105,t,1,1,1,1
e04,105,t,1,1,1,0
e04,105,t,1,1,1,0
e04,105,t,1,1,1,0
e04,105,t,1,1,1,1
e04,105,t,1,1,1,0
e04,105,t,1,1,1,1
e04,105,t,1,1,1,1
e04,106,b,1,1,0,1
e04,106,b,1,1,0,0
e04,106,b,1,1,0,1
e04,106,b,1,1,0,0
e04,106,b,1,1,0,1
e04,106,b,1,1,0,1
e04,106,b,1,1,0,1
e04,106,b,1,1,0,1
e04,106,b,1,1,0,1
e04,106,b,1,1,0,0
e04,106,b,1,1,0,0
e04,106,b,1,1,0,1
e04,106,b,1,1,0,0
e04,106,b,1,1,0,0
e04,106,b,1,1,0,1
e04,106,b,1,1,0,0
e04,107,u,1,1,0,0
e04,107,u,1,1,0,0
e04,107,u,1,1,0,0
e04,107,u,1,1,0,0
e04,107,u,1,1,0,0
e04,107,u,1,1,0,0
e04,107,u,1,1,0,0
e04,107,u,1,1,0,0
e04,107,u,1,1,0,0
e04,107,u,1,1,0,1
e04,107,u,1,1,0,0
e04,107,u,1,1,0,0
e04,107,u,1,1,0,0
e04,107,u,1,1,0,0
e04,107,u,1,1,0,0
e04,107,u,1,1,0,0
e04,108,p,1,1,0,0
e04,108,p,1,1,0,0
e04,108,p,1,1,0,0
e04,108,p,1,1,0,1
e04,108,p,1,1,0,0
e04,108,p,1,1,0,0
e04,108,p,1,1,0,1
e04,108,p,1,1,0,0
e04,108,p,1,1,0,0
e04,108,p,1,1,0,0
e04,108,p,1,1,0,0
e04,108,p,1,1,0,0
e04,108,p,1,1,0,1
e04,108,p,1,1,0,0
e04,108,p,1,1,0,0
e04,108,p,1,1,0,1
e04,109,s,1,1,0,0
e04,109,s,1,1,0,0
e04,109,s,1,1,0,0
e04,109,s,1,1,0,1
e04,109,s,1,1,0,0
e04,109,s,1,1,0,0
e04,109,s,1,1,0,0
e04,109,s,1,1,0,0
e04,109,s,1,1,0,1
e04,109,s,1,1,0,0
e04,109,s,1,1,0,0
e04,109,s,1,1,0,0
e04,109,s,1,1,0,0
e04,109,s,1,1,0,1
e04,109,s,1,1,0,0
e04,109,s,1,1,0,1
e04,110,f,1,1,1,0
e04,110,f,1,1,1,0
e04,110,f,1,1,1,0
e04,110,f,1,1,1,0
e04,110,f,1,1,1,0
e04,110,f,1,1,1,0
e04,110,f,1,1,1,0
e04,110,f,1,1,1,0
e04,110,f,1,1,1,0
e04,110,f,1,1,1,0
e04,110,f,1,1,1,0
e04,110,f,1,1,1,0
e04,110,f,1,1,1,0
e04,110,f,1,1,1,0
e04,110,f,1,1,1,0
e04,110,f,1,1,1,0
e04,111,x,1,1,0,1
e04,111,x,1,1,0,0
e04,111,x,1,1,0,1
e04,111,x,1,1,0,0
e04,111,x,1,1,0,1
e04,111,x,1,1,0,0
e04,111,x,1,1,0,0
e04,111,x,1,1,0,1
e04,111,x,1,1,0,0
e04,111,x,1,1,0,1
e04,111,x,1,1,0,0
e04,111,x,1,1,0,0
e04,111,x,1,1,0,0
e04,111,x,1,1,0,1
e04,111,x,1,1,0,1
e04,111,x,1,1,0,1
e04,112,n,1,1,0,0
e04,112,n,1,1,0,0
e04,112,n,1,1,0,0
e04,112,n,1,1,0,0
e04,112,n,1,1,0,0
e04,112,n,1,1,0,0
e04,112,n,1,1,0,0
e04,112,n,1,1,0,0
e04,112,n,1,1,0,1
e04,112,n,1,1,0,0
e04,112,n,1,1,0,0
e04,112,n,1,1,0,0
e04,112,n,1,1,0,0
e04,112,n,1,1,0,0
e04,112,n,1,1,0,0
e04,112,n,1,1,0,0
e04,113,q,1,1,0,0
e04,113,q,1,1,0,1
e04,113,q,1,1,0,0
e04,113,q,1,1,0,0
e04,113,q,1,1,0,0
e04,113,q,1,1,0,1
e04,113,q,1,1,0,1
e04,113,q,1,1,0,0
e04,113,q,1,1,0,1
e04,113,q,1,1,0,0
e04,113,q,1,1,0,0
e04,113,q,1,1,0,0
e04,113,q,1,1,0,0
e04,113,q,1,1,0,1
e04,113,q,1,1,0,0
e04,113,q,1,1,0,1
e04,114,u,1,1,1,0
e04,114,u,1,1,1,0
e04,114,u,1,1,1,0
e04,114,u,1,1,1,0
e04,114,u,1,1,1,0
e04,114,u,1,1,1,0
e04,114,u,1,1,1,0
e04,114,u,1,1,1,0
e04,114,u,1,1,1,0
e04,114,u,1,1,1,0
e04,114,u,1,1,1,0
e04,114,u,1,1,1,0
e04,114,u,1,1,1,0
e04,114,u,1,1,1,0
e04,114,u,1,1,1,1
e04,114,u,1,1,1,1
e04,115,k,1,1,0,1
e04,115,k,1,1,0,1
e04,115,k,1,1,0,0
e04,115,k,1,1,0,1
e04,115,k,1,1,0,1
e04,115,k,1,1,0,0
e04,115,k,1,1,0,1
e04,115,k,1,1,0,1
e04,115,k,1,1,0,0
e04,115,k,1,1,0,1
e04,115,k,1,1,0,1
e04,115,k,1,1,0,1
e04,115,k,1,1,0,1
e04,115,k,1,1,0,1
e04,115,k,1,1,0,0
e04,115,k,1,1,0,1
e04,116,i,1,1,0,0
e04,116,i,1,1,0,1
e04,116,i,1,1,0,1
e04,116,i,1,1,0,0
e04,116,i,1,1,0,0
e04,116,i,1,1,0,1
e04,116,i,1,1,0,0
e04,116,i,1,1,0,0
e04,116,i,1,1,0,1
e04,116,i,1,1,0,0
e04,116,i,1,1,0,1
e04,116,i,1,1,0,0
e04,116,i,1,1,0,0
e04,116,i,1,1,0,1
e04,116,i,1,1,0,1
e04,116,i,1,1,0,0
e04,117,h,1,1,0,1
e04,117,h,1,1,0,0
e04,117,h,1,1,0,1
e04,117,h,1,1,0,1
e04,117,h,1,1,0,1
e04,117,h,1,1,0,0
e04,117,h,1,1,0,0
e04,117,h,1,1,0,0
e04,117,h,1,1,0,1
e04,117,h,1,1,0,1
e04,117,h,1,1,0,0
e04,117,h,1,1,0,0
e04,117,h,1,1,0,0
e04,117,h,1,1,0,1
e04,117,h,1,1,0,1
e04,117,h,1,1,0,1
e04,118,n,1,1,0,0
e04,118,n,1,1,0,0
e04,118,n,1,1,0,0
e04,118,n,1,1,0,0
e04,118,n,1,1,0,0
e04,118,n,1,1,0,0
e04,118,n,1,1,0,1
e04,118,n,1,1,0,0
e04,118,n,1,1,0,0
e04,118,n,1,1,0,0
e04,118,n,1,1,0,0
e04,118,n,1,1,0,1
e04,118,n,1,1,0,0
e04,118,n,1,1,0,0
e04,118,n,1,1,0,0
e04,118,n,1,1,0,0
e04,119,t,1,1,0,0
e04,119,t,1,1,0,0
e04,119,t,1,1,0,0
e04,119,t,1,1,0,0
e04,119,t,1,1,0,0
e04,119,t,1,1,0,0
e04,119,t,1,1,0,0
e04,119,t,1,1,0,0
e04,119,t,1,1,0,1
e04,119,t,1,1,0,0
e04,119,t,1,1,0,0
e04,119,t,1,1,0,0
e04,119,t,1,1,0,0
e04,119,t,1,1,0,0
e04,119,t,1,1,0,0
e04,119,t,1,1,0,0
e04,120,k,1,1,0,1
e04,120,k,1,1,0,0
e04,120,k,1,1,0,0
e04,120,k,1,1,0,1
e04,120,k,1,1,0,0
e04,120,k,1,1,0,0
e04,120,k,1,1,0,0
e04,120,k,1,1,0,1
e04,120,k,1,1,0,1
e04,120,k,1,1,0,0
e04,120,k,1,1,0,0
e04,120,k,1,1,0,0
e04,120,k,1,1,0,0
e04,120,k,1,1,0,0
e04,120,k,1,1,0,1
e04,120,k,1,1,0,0
e04,121,b,1,1,1,0
e04,121,b,1,1,1,0
e04,121,b,1,1,1,0
e04,121,b,1,1,1,0
e04,121,b,1,1,1,0
e04,121,b,1,1,1,1
e04,121,b,1,1,1,1
e04,121,b,1,1,1,1
e04,121,b,1,1,1,1
e04,121,b,1,1,1,0
e04,121,b,1,1,1,1
e04,121,b,1,1,1,0
e04,121,b,1,1,1,0
e04,121,b,1,1,1,0
e04,121,b,1,1,1,1
e04,121,b,1,1,1,0
e04,122,j,1,1,0,1
e04,122,j,1,1,0,1
e04,122,j,1,1,0,1
e04,122,j,1,1,0,0
e04,122,j,1,1,0,1
e04,122,j,1,1,0,0
e04,122,j,1,1,0,0
e04,122,j,1,1,0,1
e04,122,j,1,1,0,0
e04,122,j,1,1,0,1
e04,122,j,1,1,0,0
e04,122,j,1,1,0,1
e04,122,j,1,1,0,1
e04,122,j,1,1,0,1
e04,122,j,1,1,0,0
e04,122,j,1,1,0,0
e04,123,l,1,1,0,0
e04,123,l,1,1,0,0
e04,123,l,1,1,0,1
e04,123,l,1,1,0,1
e04,123,l,1,1,0,0
e04,123,l,1,1,0,0
e04,123,l,1,1,0,0
e04,123,l,1,1,0,0
e04,123,l,1,1,0,0
e04,123,l,1,1,0,0
e04,123,l,1,1,0,0
e04,123,l,1,1,0,0
e04,123,l,1,1,0,0
e04,123,l,1,1,0,0
e04,123,l,1,1,0,0
e04,123,l,1,1,0,0
e04,124,f,1,1,0,0
e04,124,f,1,1,0,1
e04,124,f,1,1,0,1
e04,124,f,1,1,0,1
e04,124,f,1,1,0,0
e04,124,f,1,1,0,1
e04,124,f,1,1,0,0
e04,124,f,1,1,0,1
e04,124,f,1,1,0,1
e04,124,f,1,1,0,1
e04,124,f,1,1,0,1
e04,124,f,1,1,0,1
e04,124,f,1,1,0,1
e04,124,f,1,1,0,0
e04,124,f,1,1,0,1
e04,124,f,1,1,0,1
e04,125,i,1,1,1,1
e04,125,i,1,1,1,1
e04,125,i,1,1,1,1
e04,125,i,1,1,1,0
e04,125,i,1,1,1,1
e04,125,i,1,1,1,0
e04,125,i,1,1,1,1
e04,125,i,1,1,1,1
e04,125,i,1,1,1,0
e04,125,i,1,1,1,1
e04,125,i,1,1,1,1
e04,125,i,1,1,1,1
e04,125,i,1,1,1,0
e04,125,i,1,1,1,1
e04,125,i,1,1,1,1
e04,125,i,1,1,1,1
e04,126,b,1,1,1,0
e04,126,b,1,1,1,0
e04,126,b,1,1,1,0
e04,126,b,1,1,1,0
e04,126,b,1,1,1,0
e04,126,b,1,1,1,0
e04,126,b,1,1,1,0
e04,126,b,1,1,1,0
e04,126,b,1,1,1,0
e04,126,b,1,1,1,0
e04,126,b,1,1,1,0
e04,126,b,1,1,1,0
e04,126,b,1,1,1,0
e04,126,b,1,1,1,0
e04,126,b,1,1,1,0
e04,126,b,1,1,1,0
e04,127,y,1,1,0,0
e04,127,y,1,1,0,0
e04,127,y,1,1,0,0
e04,127,y,1,1,0,0
e04,127,y,1,1,0,1
e04,127,y,1,1,0,1
e04,127,y,1,1,0,1
e04,127,y,1,1,0,0
e04,127,y,1,1,0,0
e04,127,y,1,1,0,0
e04,127,y,1,1,0,0
e04,127,y,1,1,0,1
e04,127,y,1,1,0,1
e04,127,y,1,1,0,0
e04,127,y,1,1,0,1
e04,127,y,1,1,0,0
e04,128,k,1,1,0,0
e04,128,k,1,1,0,1
e04,128,k,1,1,0,0
e04,128,k,1,1,0,0
e04,128,k,1,1,0,1
e04,128,k,1,1,0,0
e04,128,k,1,1,0,0
e04,128,k,1,1,0,0
e04,128,k,1,1,0,0
e04,128,k,1,1,0,1
e04,128,k,1,1,0,0
e04,128,k,1,1,0,0
e04,128,k,1,1,0,1
e04,128,k,1,1,0,0
e04,128,k,1,1,0,0
e04,128,k,1,1,0,1
e04,129,k,1,1,1,1
e04,129,k,1,1,1,0
e04,129,k,1,1,1,0
e04,129,k,1,1,1,0
e04,129,k,1,1,1,1
e04,129,k,1,1,1,1
e04,129,k,1,1,1,0
e04,129,k,1,1,1,0
e04,129,k,1,1,1,0
e04,129,k,1,1,1,1
e04,129,k,1,1,1,0
e04,129,k,1,1,1,0
e04,129,k,1,1,1,0
e04,129,k,1,1,1,0
e04,129,k,1,1,1,1
e04,129,k,1,1,1,0
e04,130,b,1,1,1,1
e04,130,b,1,1,1,1
e04,130,b,1,1,1,1
e04,130,b,1,1,1,1
e04,130,b,1,1,1,0
e04,130,b,1,1,1,0
e04,130,b,1,1,1,1
e04,130,b,1,1,1,0
e04,130,b,1,1,1,0
e04,130,b,1,1,1,1
e04,130,b,1,1,1,0
e04,130,b,1,1,1,1
e04,130,b,1,1,1,0
e04,130,b,1,1,1,1
e04,130,b,1,1,1,0
e04,130,b,1,1,1,0
e04,131,n,1,1,1,0
e04,131,n,1,1,1,0
e04,131,n,1,1,1,1
e04,131,n,1,1,1,1
e04,131,n,1,1,1,0
e04,131,n,1,1,1,0
e04,131,n,1,1,1,0
e04,131,n,1,1,1,0
e04,131,n,1,1,1,0
e04,131,n,1,1,1,0
e04,131,n,1,1,1,0
e04,131,n,1,1,1,0
e04,131,n,1,1,1,0
e04,131,n,1,1,1,0
e04,131,n,1,1,1,0
e04,131,n,1,1,1,0
e04,132,u,1,1,0,0
e04,132,u,1,1,0,0
e04,132,u,1,1,0,1
e04,132,u,1,1,0,0
e04,132,u,1,1,0,0
e04,132,u,1,1,0,0
e04,132,u,1,1,0,0
e04,132,u,1,1,0,0
e04,132,u,1,1,0,0
e04,132,u,1,1,0,0
e04,132,u,1,1,0,0
e04,132,u,1,1,0,0
e04,132,u,1,1,0,0
e04,132,u,1,1,0,1
e04,132,u,1,1,0,0
e04,132,u,1,1,0,1
e04,133,l,1,1,1,1
e04,133,l,1,1,1,0
e04,133,l,1,1,1,0
e04,133,l,1,1,1,1
e04,133,l,1,1,1,0
e04,133,l,1,1,1,0
e04,133,l,1,1,1,1
e04,133,l,1,1,1,0
e04,133,l,1,1,1,0
e04,133,l,1,1,1,1
e04,133,l,1,1,1,1
e04,133,l,1,1,1,1
e04,133,l,1,1,1,1
e04,133,l,1,1,1,0
e04,133,l,1,1,1,0
e04,133,l,1,1,1,0
e04,134,w,1,1,0,1
e04,134,w,1,1,0,1
e04,134,w,1,1,0,0
e04,134,w,1,1,0,0
e04,134,w,1,1,0,1
e04,134,w,1,1,0,0
e04,134,w,1,1,0,1
e04,134,w,1,1,0,0
e04,134,w,1,1,0,0
e04,134,w,1,1,0,0
e04,134,w,1,1,0,1
e04,134,w,1,1,0,1
e04,134,w,1,1,0,1
e04,134,w,1,1,0,1
e04,134,w,1,1,0,1
e04,134,w,1,1,0,0
e04,135,p,1,1,0,1
e04,135,p,1,1,0,0
e04,135,p,1,1,0,1
e04,135,p,1,1,0,1
e04,135,p,1,1,0,1
e04,135,p,1,1,0,0
e04,135,p,1,1,0,0
e04,135,p,1,1,0,1
e04,135,p,1,1,0,0
e04,135,p,1,1,0,1
e04,135,p,1,1,0,0
e04,135,p,1,1,0,0
e04,135,p,1,1,0,0
e04,135,p,1,1,0,1
e04,135,p,1,1,0,0
e04,135,p,1,1,0,0
e04,136,c,1,1,1,0
e04,136,c,1,1,1,1
e04,136,c,1,1,1,0
e04,136,c,1,1,1,0
e04,136,c,1,1,1,0
e04,136,c,1,1,1,0
e04,136,c,1,1,1,1
e04,136,c,1,1,1,0
e04,136,c,1,1,1,0
e04,136,c,1,1,1,0
e04,136,c,1,1,1,0
e04,136,c,1,1,1,0
e04,136,c,1,1,1,0
e04,136,c,1,1,1,1
e04,136,c,1,1,1,0
e04,136,c,1,1,1,0
e04,137,d,1,1,1,0
e04,137,d,1,1,1,1
e04,137,d,1,1,1,0
e04,137,d,1,1,1,0
e04,137,d,1,1,1,0
e04,137,d,1,1,1,0
e04,137,d,1,1,1,0
e04,137,d,1,1,1,0
e04,137,d,1,1,1,0
e04,137,d,1,1,1,1
e04,137,d,1,1,1,0
e04,137,d,1,1,1,1
e04,137,d,1,1,1,0
e04,137,d,1,1,1,1
e04,137,d,1,1,1,0
e04,137,d,1,1,1,1
e04,138,b,1,1,0,0
e04,138,b,1,1,0,1
e04,138,b,1,1,0,0
e04,138,b,1,1,0,1
e04,138,b,1,1,0,0
e04,138,b,1,1,0,0
e04,138,b,1,1,0,0
e04,138,b,1,1,0,0
e04,138,b,1,1,0,0
e04,138,b,1,1,0,0
e04,138,b,1,1,0,0
e04,138,b,1,1,0,0
e04,138,b,1,1,0,0
e04,138,b,1,1,0,0
e04,138,b,1,1,0,0
e04,138,b,1,1,0,0
e04,139,b,1,1,1,0
e04,139,b,1,1,1,0
e04,139,b,1,1,1,1
e04,139,b,1,1,1,0
e04,139,b,1,1,1,0
e04,139,b,1,1,1,0
e04,139,b,1,1,1,1
e04,139,b,1,1,1,1
e04,139,b,1,1,1,0
e04,139,b,1,1,1,1
e04,139,b,1,1,1,1
e04,139,b,1,1,1,0
e04,139,b,1,1,1,0
e04,139,b,1,1,1,0
e04,139,b,1,1,1,1
e04,139,b,1,1,1,0
e04,140,p,1,1,0,1
e04,140,p,1,1,0,1
e04,140,p,1,1,0,0
e04,140,p,1,1,0,1
e04,140,p,1,1,0,1
e04,140,p,1,1,0,0
e04,140,p,1,1,0,1
e04,140,p,1,1,0,1
e04,140,p,1,1,0,1
e04,140,p,1,1,0,0
e04,140,p,1,1,0,1
e04,140,p,1,1,0,0
e04,140,p,1,1,0,1
e04,140,p,1,1,0,1
e04,140,p,1,1,0,1
e04,140,p,1,1,0,1
e04,141,s,1,1,0,0
e04,141,s,1,1,0,0
e04,141,s,1,1,0,1
e04,141,s,1,1,0,0
e04,141,s,1,1,0,0
e04,141,s,1,1,0,0
e04,141,s,1,1,0,0
e04,141,s,1,1,0,0
e04,141,s,1,1,0,1
e04,141,s,1,1,0,0
e04,141,s,1,1,0,1
e04,141,s,1,1,0,1
e04,141,s,1,1,0,1
e04,141,s,1,1,0,0
e04,141,s,1,1,0,0
e04,141,s,1,1,0,1
e04,142,j,1,1,1,1
e04,142,j,1,1,1,0
e04,142,j,1,1,1,0
e04,142,j,1,1,1,1
e04,142,j,1,1,1,0
e04,142,j,1,1,1,1
e04,142,j,1,1,1,0
e04,142,j,1,1,1,1
e04,142,j,1,1,1,0
e04,142,j,1,1,1,1
e04,142,j,1,1,1,0
e04,142,j,1,1,1,1
e04,142,j,1,1,1,0
e04,142,j,1,1,1,1
e04,142,j,1,1,1,1
e04,142,j,1,1,1,1
e04,143,k,1,1,0,1
e04,143,k,1,1,0,0
e04,143,k,1,1,0,1
e04,143,k,1,1,0,0
e04,143,k,1,1,0,0
e04,143,k,1,1,0,1
e04,143,k,1,1,0,0
e04,143,k,1,1,0,0
e04,143,k,1,1,0,0
e04,143,k,1,1,0,0
e04,143,k,1,1,0,0
e04,143,k,1,1,0,0
e04,143,k,1,1,0,1
e04,143,k,1,1,0,0
e04,143,k,1,1,0,1
e04,143,k,1,1,0,0
e04,144,j,1,1,1,1
e04,144,j,1,1,1,0
e04,144,j,1,1,1,0
e04,144,j,1,1,1,0
e04,144,j,1,1,1,0
e04,144,j,1,1,1,0
e04,144,j,1,1,1,0
e04,144,j,1,1,1,0
e04,144,j,1,1,1,1
e04,144,j,1,1,1,0
e04,144,j,1,1,1,1
e04,144,j,1,1,1,1
e04,144,j,1,1,1,0
e04,144,j,1,1,1,0
e04,144,j,1,1,1,0
e04,144,j,1,1,1,1
e04,145,y,1,1,0,1
e04,145,y,1,1,0,1
e04,145,y,1,1,0,0
e04,145,y,1,1,0,0
e04,145,y,1,1,0,1
e04,145,y,1,1,0,1
e04,145,y,1,1,0,1
e04,145,y,1,1,0,0
e04,145,y,1,1,0,0
e04,145,y,1,1,0,0
e04,145,y,1,1,0,1
e04,145,y,1,1,0,0
e04,145,y,1,1,0,0
e04,145,y,1,1,0,1
e04,145,y,1,1,0,1
e04,145,y,1,1,0,0
e04,146,n,1,1,0,0
e04,146,n,1,1,0,0
e04,146,n,1,1,0,1
e04,146,n,1,1,0,0
e04,146,n,1,1,0,0
e04,146,n,1,1,0,0
e04,146,n,1,1,0,0
e04,146,n,1,1,0,0
e04,146,n,1,1,0,0
e04,146,n,1,1,0,1
e04,146,n,1,1,0,0
e04,146,n,1,1,0,0
e04,146,n,1,1,0,0
e04,146,n,1,1,0,0
e04,146,n,1,1,0,0
e04,146,n,1,1,0,0
e04,147,a,1,1,1,0
e04,147,a,1,1,1,0
e04,147,a,1,1,1,0
e04,147,a,1,1,1,1
e04,147,a,1,1,1,1
e04,147,a,1,1,1,0
e04,147,a,1,1,1,0
e04,147,a,1,1,1,1
e04,147,a,1,1,1,0
e04,147,a,1,1,1,0
e04,147,a,1,1,1,1
e04,147,a,1,1,1,0
e04,147,a,1,1,1,0
e04,147,a,1,1,1,0
e04,147,a,1,1,1,0
e04,147,a,1,1,1,0
e04,148,t,1,1,0,0
e04,148,t,1,1,0,0
e04,148,t,1,1,0,0
e04,148,t,1,1,0,0
e04,148,t,1,1,0,0
e04,148,t,1,1,0,1
e04,148,t,1,1,0,0
e04,148,t,1,1,0,0
e04,148,t,1,1,0,0
e04,148,t,1,1,0,1
e04,148,t,1,1,0,0
e04,148,t,1,1,0,0
e04,148,t,1,1,0,0
e04,148,t,1,1,0,0
e04,148,t,1,1,0,0
e04,148,t,1,1,0,0
e04,149,q,1,1,1,1
e04,149,q,1,1,1,0
e04,149,q,1,1,1,0
e04,149,q,1,1,1,1
e04,149,q,1,1,1,0
e04,149,q,1,1,1,1
e04,149,q,1,1,1,0
e04,149,q,1,1,1,1
e04,149,q,1,1,1,1
e04,149,q,1,1,1,1
e04,149,q,1,1,1,0
e04,149,q,1,1,1,0
e04,149,q,1,1,1,1
e04,149,q,1,1,1,1
e04,149,q,1,1,1,0
e04,149,q,1,1,1,1
e04,150,o,1,1,1,0
e04,150,o,1,1,1,0
e04,150,o,1,1,1,0
e04,150,o,1,1,1,0
e04,150,o,1,1,1,0
e04,150,o,1,1,1,0
e04,150,o,1,1,1,0
e04,150,o,1,1,1,0
e04,150,o,1,1,1,1
e04,150,o,1,1,1,0
e04,150,o,1,1,1,0
e04,150,o,1,1,1,0
e04,150,o,1,1,1,0
e04,150,o,1,1,1,0
e04,150,o,1,1,1,0
e04,150,o,1,1,1,0
e04,151,j,1,1,0,0
e04,151,j,1,1,0,1
e04,151,j,1,1,0,1
e04,151,j,1,1,0,1
e04,151,j,1,1,0,1
e04,151,j,1,1,0,0
e04,151,j,1,1,0,0
e04,151,j,1,1,0,0
e04,151,j,1,1,0,1
e04,151,j,1,1,0,0
e04,151,j,1,1,0,1
e04,151,j,1,1,0,1
e04,151,j,1,1,0,0
e04,151,j,1,1,0,1
e04,151,j,1,1,0,0
e04,151,j,1,1,0,0
e04,152,l,1,1,0,1
e04,152,l,1,1,0,1
e04,152,l,1,1,0,1
e04,152,l,1,1,0,1
e04,152,l,1,1,0,0
e04,152,l,1,1,0,1
e04,152,l,1,1,0,1
e04,152,l,1,1,0,0
e04,152,l,1,1,0,0
e04,152,l,1,1,0,0
e04,152,l,1,1,0,0
e04,152,l,1,1,0,0
e04,152,l,1,1,0,1
e04,152,l,1,1,0,0
e04,152,l,1,1,0,0
e04,152,l,1,1,0,1
e04,153,v,1,1,0,1
e04,153,v,1,1,0,0
e04,153,v,1,1,0,0
e04,153,v,1,1,0,1
e04,153,v,1,1,0,0
e04,153,v,1,1,0,1
e04,153,v,1,1,0,0
e04,153,v,1,1,0,0
e04,153,v,1,1,0,1
e04,153,v,1,1,0,1
e04,153,v,1,1,0,1
e04,153,v,1,1,0,1
e04,153,v,1,1,0,1
e04,153,v,1,1,0,0
e04,153,v,1,1,0,0
e04,153,v,1,1,0,0
e04,154,v,1,1,0,1
e04,154,v,1,1,0,1
e04,154,v,1,1,0,0
e04,154,v,1,1,0,1
e04,154,v,1,1,0,1
e04,154,v,1,1,0,0
e04,154,v,1,1,0,1
e04,154,v,1,1,0,0
e04,154,v,1,1,0,0
e04,154,v,1,1,0,1
e04,154,v,1,1,0,0
e04,154,v,1,1,0,1
e04,154,v,1,1,0,0
e04,154,v,1,1,0,0
e04,154,v,1,1,0,0
e04,154,v,1,1,0,0
e04,155,b,1,1,1,1
e04,155,b,1,1,1,1
e04,155,b,1,1,1,0
e04,155,b,1,1,1,1
e04,155,b,1,1,1,1
e04,155,b,1,1,1,0
e04,155,b,1,1,1,0
e04,155,b,1,1,1,0
e04,155,b,1,1,1,0
e04,155,b,1,1,1,1
e04,155,b,1,1,1,1
e04,155,b,1,1,1,1
e04,155,b,1,1,1,0
e04,155,b,1,1,1,1
e04,155,b,1,1,1,1
e04,155,b,1,1,1,0
e04,156,u,1,1,0,0
e04,156,u,1,1,0,0
e04,156,u,1,1,0,0
e04,156,u,1,1,0,0
e04,156,u,1,1,0,0
e04,156,u,1,1,0,0
e04,156,u,1,1,0,0
e04,156,u,1,1,0,0
e04,156,u,1,1,0,0
e04,156,u,1,1,0,0
e04,156,u,1,1,0,1
e04,156,u,1,1,0,0
e04,156,u,1,1,0,0
e04,156,u,1,1,0,0
e04,156,u,1,1,0,0
e04,156,u,1,1,0,0
e04,157,f,1,1,1,0
e04,157,f,1,1,1,0
e04,157,f,1,1,1,0
e04,157,f,1,1,1,1
e04,157,f,1,1,1,0
e04,157,f,1,1,1,0
e04,157,f,1,1,1,1
e04,157,f,1,1,1,0
e04,157,f,1,1,1,0
e04,157,f,1,1,1,0
e04,157,f,1,1,1,1
e04,157,f,1,1,1,0
e04,157,f,1,1,1,0
e04,157,f,1,1,1,0
e04,157,f,1,1,1,0
e04,157,f,1,1,1,0
e04,158,g,1,1,0,0
e04,158,g,1,1,0,1
e04,158,g,1,1,0,1
e04,158,g,1,1,0,1
e04,158,g,1,1,0,1
e04,158,g,1,1,0,1
e04,158,g,1,1,0,1
e04,158,g,1,1,0,0
e04,158,g,1,1,0,0
e04,158,g,1,1,0,0
e04,158,g,1,1,0,1
e04,158,g,1,1,0,0
e04,158,g,1,1,0,1
e04,158,g,1,1,0,1
e04,158,g,1,1,0,0
e04,158,g,1,1,0,0
e04,159,s,1,1,1,0
e04,159,s,1,1,1,1
e04,159,s,1,1,1,1
e04,159,s,1,1,1,0
e04,159,s,1,1,1,0
e04,159,s,1,1,1,0
e04,159,s,1,1,1,0
e04,159,s,1,1,1,1
e04,159,s,1,1,1,0
e04,159,s,1,1,1,0
e04,159,s,1,1,1,0
e04,159,s,1,1,1,0
e04,159,s,1,1,1,0
e04,159,s,1,1,1,0
e04,159,s,1,1,1,1
e04,159,s,1,1,1,0
e04,160,b,1,1,1,1
e04,160,b,1,1,1,0
e04,160,b,1,1,1,0
e04,160,b,1,1,1,1
e04,160,b,1,1,1,0
e04,160,b,1,1,1,0
e04,160,b,1,1,1,0
e04,160,b,1,1,1,1
e04,160,b,1,1,1,0
e04,160,b,1,1,1,0
e04,160,b,1,1,1,0
e04,160,b,1,1,1,0
e04,160,b,1,1,1,0
e04,160,b,1,1,1,1
e04,160,b,1,1,1,0
e04,160,b,1,1,1,0
e04,161,z,1,1,0,0
e04,161,z,1,1,0,0
e04,161,z,1,1,0,0
e04,161,z,1,1,0,0
e04,161,z,1,1,0,0
e04,161,z,1,1,0,1
e04,161,z,1,1,0,0
e04,161,z,1,1,0,1
e04,161,z,1,1,0,0
e04,161,z,1,1,0,0
e04,161,z,1,1,0,0
e04,161,z,1,1,0,0
e04,161,z,1,1,0,0
e04,161,z,1,1,0,0
e04,161,z,1,1,0,0
e04,161,z,1,1,0,0
e04,162,f,1,1,1,0
e04,162,f,1,1,1,0
e04,162,f,1,1,1,0
e04,162,f,1,1,1,0
e04,162,f,1,1,1,1
e04,162,f,1,1,1,1
e04,162,f,1,1,1,1
e04,162,f,1,1,1,1
e04,162,f,1,1,1,1
e04,162,f,1,1,1,1
e04,162,f,1,1,1,0
e04,162,f,1,1,1,1
e04,162,f,1,1,1,0
e04,162,f,1,1,1,0
e04,162,f,1,1,1,1
e04,162,f,1,1,1,0
e04,163,t,1,1,0,1
e04,163,t,1,1,0,0
e04,163,t,1,1,0,1
e04,163,t,1,1,0,0
e04,163,t,1,1,0,1
e04,163,t,1,1,0,1
e04,163,t,1,1,0,1
e04,163,t,1,1,0,0
e04,163,t,1,1,0,1
e04,163,t,1,1,0,0
e04,163,t,1,1,0,0
e04,163,t,1,1,0,0
e04,163,t,1,1,0,1
e04,163,t,1,1,0,0
e04,163,t,1,1,0,1
e04,163,t,1,1,0,0
e04,164,t,1,1,0,1
e04,164,t,1,1,0,0
e04,164,t,1,1,0,0
e04,164,t,1,1,0,0
e04,164,t,1,1,0,0
e04,164,t,1,1,0,0
e04,164,t,1,1,0,0
e04,164,t,1,1,0,0
e04,164,t,1,1,0,0
e04,164,t,1,1,0,1
e04,164,t,1,1,0,0
e04,164,t,1,1,0,1
e04,164,t,1,1,0,0
e04,164,t,1,1,0,0
e04,164,t,1,1,0,0
e04,164,t,1,1,0,1
e04,165,e,1,1,1,0
e04,165,e,1,1,1,0
e04,165,e,1,1,1,0
e04,165,e,1,1,1,1
e04,165,e,1,1,1,0
e04,165,e,1,1,1,0
e04,165,e,1,1,1,0
e04,165,e,1,1,1,0
e04,165,e,1,1,1,1
e04,165,e,1,1,1,1
e04,165,e,1,1,1,0
e04,165,e,1,1,1,0
e04,165,e,1,1,1,0
e04,165,e,1,1,1,0
e04,165,e,1,1,1,1
e04,165,e,1,1,1,0
e04,166,t,1,1,0,1
e04,166,t,1,1,0,0
e04,166,t,1,1,0,0
e04,166,t,1,1,0,0
e04,166,t,1,1,0,0
e04,166,t,1,1,0,1
e04,166,t,1,1,0,0
e04,166,t,1,1,0,0
e04,166,t,1,1,0,0
e04,166,t,1,1,0,0
e04,166,t,1,1,0,0
e04,166,t,1,1,0,0
e04,166,t,1,1,0,0
e04,166,t,1,1,0,1
e04,166,t,1,1,0,1
e04,166,t,1,1,0,0
e04,167,l,1,1,0,1
e04,167,l,1,1,0,1
e04,167,l,1,1,0,0
e04,167,l,1,1,0,0
e04,167,l,1,1,0,0
e04,167,l,1,1,0,0
e04,167,l,1,1,0,1
e04,167,l,1,1,0,1
e04,167,l,1,1,0,0
e04,167,l,1,1,0,0
e04,167,l,1,1,0,1
e04,167,l,1,1,0,0
e04,167,l,1,1,0,1
e04,167,l,1,1,0,0
e04,167,l,1,1,0,0
e04,167,l,1,1,0,0
e04,168,m,1,1,0,1
e04,168,m,1,1,0,0
e04,168,m,1,1,0,1
e04,168,m,1,1,0,1
e04,168,m,1,1,0,0
e04,168,m,1,1,0,1
e04,168,m,1,1,0,0
e04,168,m,1,1,0,1
e04,168,m,1,1,0,0
e04,168,m,1,1,0,0
e04,168,m,1,1,0,0
e04,168,m,1,1,0,1
e04,168,m,1,1,0,0
e04,168,m,1,1,0,0
e04,168,m,1,1,0,1
e04,168,m,1,1,0,0
e04,169,u,1,1,1,0
e04,169,u,1,1,1,0
e04,169,u,1,1,1,0
e04,169,u,1,1,1,0
e04,169,u,1,1,1,0
e04,169,u,1,1,1,0
e04,169,u,1,1,1,0
e04,169,u,1,1,1,0
e04,169,u,1,1,1,0
e04,169,u,1,1,1,1
e04,169,u,1,1,1,0
e04,169,u,1,1,1,0
e04,169,u,1,1,1,0
e04,169,u,1,1,1,0
e04,169,u,1,1,1,0
e04,169,u,1,1,1,0
e04,170,u,1,1,0,1
e04,170,u,1,1,0,1
e04,170,u,1,1,0,0
e04,170,u,1,1,0,0
e04,170,u,1,1,0,0
e04,170,u,1,1,0,0
e04,170,u,1,1,0,1
e04,170,u,1,1,0,0
e04,170,u,1,1,0,0
e04,170,u,1,1,0,0
e04,170,u,1,1,0,0
e04,170,u,1,1,0,0
e04,170,u,1,1,0,1
e04,170,u,1,1,0,1
e04,170,u,1,1,0,0
e04,170,u,1,1,0,0
e04,171,n,1,1,1,1
e04,171,n,1,1,1,1
e04,171,n,1,1,1,0
e04,171,n,1,1,1,1
e04,171,n,1,1,1,0
e04,171,n,1,1,1,1
e04,171,n,1,1,1,1
e04,171,n,1,1,1,1
e04,171,n,1,1,1,0
e04,171,n,1,1,1,1
e04,171,n,1,1,1,1
e04,171,n,1,1,1,0
e04,171,n,1,1,1,1
e04,171,n,1,1,1,1
e04,171,n,1,1,1,1
e04,171,n,1,1,1,1
e04,172,x,1,1,0,1
e04,172,x,1,1,0,0
e04,172,x,1,1,0,0
e04,172,x,1,1,0,1
e04,172,x,1,1,0,0
e04,172,x,1,1,0,1
e04,172,x,1,1,0,1
e04,172,x,1,1,0,0
e04,172,x,1,1,0,0
e04,172,x,1,1,0,0
e04,172,x,1,1,0,0
e04,172,x,1,1,0,0
e04,172,x,1,1,0,1
e04,172,x,1,1,0,0
e04,172,x,1,1,0,1
e04,172,x,1,1,0,0
e04,173,o,1,1,0,0
e04,173,o,1,1,0,0
e04,173,o,1,1,0,0
e04,173,o,1,1,0,0
e04,173,o,1,1,0,0
e04,173,o,1,1,0,1
e04,173,o,1,1,0,0
e04,173,o,1,1,0,1
e04,173,o,1,1,0,1
e04,173,o,1,1,0,0
e04,173,o,1,1,0,1
e04,173,o,1,1,0,0
e04,173,o,1,1,0,1
e04,173,o,1,1,0,0
e04,173,o,1,1,0,0
e04,173,o,1,1,0,1
e04,174,p,1,1,0,0
e04,174,p,1,1,0,0
e04,174,p,1,1,0,0
e04,174,p,1,1,0,0
e04,174,p,1,1,0,1
e04,174,p,1,1,0,0
e04,174,p,1,1,0,0
e04,174,p,1,1,0,0
e04,174,p,1,1,0,0
e04,174,p,1,1,0,0
e04,174,p,1,1,0,0
e04,174,p,1,1,0,1
e04,174,p,1,1,0,0
e04,174,p,1,1,0,0
e04,174,p,1,1,0,0
e04,174,p,1,1,0,0
e04,175,t,1,1,1,0
e04,175,t,1,1,1,0
e04,175,t,1,1,1,0
e04,175,t,1,1,1,0
e04,175,t,1,1,1,0
e04,175,t,1,1,1,1
e04,175,t,1,1,1,0
e04,175,t,1,1,1,0
e04,175,t,1,1,1,0
e04,175,t,1,1,1,0
e04,175,t,1,1,1,0
e04,175,t,1,1,1,1
e04,175,t,1,1,1,0
e04,175,t,1,1,1,0
e04,175,t,1,1,1,0
e04,175,t,1,1,1,0
e04,176,x,1,1,0,0
e04,176,x,1,1,0,1
e04,176,x,1,1,0,0
e04,176,x,1,1,0,0
e04,176,x,1,1,0,1
e04,176,x,1,1,0,1
e04,176,x,1,1,0,0
e04,176,x,1,1,0,0
e04,176,x,1,1,0,0
e04,176,x,1,1,0,0
e04,176,x,1,1,0,0
e04,176,x,1,1,0,0
e04,176,x,1,1,0,1
e04,176,x,1,1,0,0
e04,176,x,1,1,0,0
e04,176,x,1,1,0,1
e04,177,c,1,1,1,0
e04,177,c,1,1,1,0
e04,177,c,1,1,1,0
e04,177,c,1,1,1,0
e04,177,c,1,1,1,1
e04,177,c,1,1,1,0
e04,177,c,1,1,1,0
e04,177,c,1,1,1,0
e04,177,c,1,1,1,0
e04,177,c,1,1,1,0
e04,177,c,1,1,1,0
e04,177,c,1,1,1,0
e04,177,c,1,1,1,1
e04,177,c,1,1,1,0
e04,177,c,1,1,1,0
e04,177,c,1,1,1,1
e04,178,y,1,1,0,0
e04,178,y,1,1,0,0
e04,178,y,1,1,0,0
e04,178,y,1,1,0,0
e04,178,y,1,1,0,0
e04,178,y,1,1,0,0
e04,178,y,1,1,0,0
e04,178,y,1,1,0,1
e04,178,y,1,1,0,0
e04,178,y,1,1,0,0
e04,178,y,1,1,0,1
e04,178,y,1,1,0,0
e04,178,y,1,1,0,1
e04,178,y,1,1,0,0
e04,178,y,1,1,0,0
e04,178,y,1,1,0,0
e04,179,k,1,1,1,0
e04,179,k,1,1,1,0
e04,179,k,1,1,1,0
e04,179,k,1,1,1,0
e04,179,k,1,1,1,0
e04,179,k,1,1,1,1
e04,179,k,1,1,1,0
e04,179,k,1,1,1,0
e04,179,k,1,1,1,0
e04,179,k,1,1,1,0
e04,179,k,1,1,1,0
e04,179,k,1,1,1,0
e04,179,k,1,1,1,0
e04,179,k,1,1,1,0
e04,179,k,1,1,1,0
e04,179,k,1,1,1,1
e04,180,v,1,1,1,0
e04,180,v,1,1,1,0
e04,180,v,1,1,1,1
e04,180,v,1,1,1,0
e04,180,v,1,1,1,0
e04,180,v,1,1,1,0
e04,180,v,1,1,1,0
e04,180,v,1,1,1,1
e04,180,v,1,1,1,0
e04,180,v,1,1,1,1
e04,180,v,1,1,1,0
e04,180,v,1,1,1,1
e04,180,v,1,1,1,1
e04,180,v,1,1,1,0
e04,180,v,1,1,1,0
e04,180,v,1,1,1,0
e04,181,b,1,1,1,0
e04,181,b,1,1,1,0
e04,181,b,1,1,1,1
e04,181,b,1,1,1,0
e04,181,b,1,1,1,0
e04,181,b,1,1,1,0
e04,181,b,1,1,1,0
e04,181,b,1,1,1,0
e04,181,b,1,1,1,0
e04,181,b,1,1,1,0
e04,181,b,1,1,1,0
e04,181,b,1,1,1,0
e04,181,b,1,1,1,0
e04,181,b,1,1,1,0
e04,181,b,1,1,1,0
e04,181,b,1,1,1,0
e04,182,y,1,1,0,0
e04,182,y,1,1,0,0
e04,182,y,1,1,0,0
e04,182,y,1,1,0,0
e04,182,y,1,1,0,0
e04,182,y,1,1,0,1
e04,182,y,1,1,0,0
e04,182,y,1,1,0,0
e04,182,y,1,1,0,0
e04,182,y,1,1,0,0
e04,182,y,1,1,0,0
e04,182,y,1,1,0,0
e04,182,y,1,1,0,1
e04,182,y,1,1,0,0
e04,182,y,1,1,0,0
e04,182,y,1,1,0,0
e04,183,q,1,1,0,0
e04,183,q,1,1,0,0
e04,183,q,1,1,0,0
e04,183,q,1,1,0,1
e04,183,q,1,1,0,0
e04,183,q,1,1,0,0
e04,183,q,1,1,0,1
e04,183,q,1,1,0,1
e04,183,q,1,1,0,0
e04,183,q,1,1,0,0
e04,183,q,1,1,0,0
e04,183,q,1,1,0,0
e04,183,q,1,1,0,1
e04,183,q,1,1,0,0
e04,183,q,1,1,0,0
e04,183,q,1,1,0,0
e04,184,z,1,1,0,0
e04,184,z,1,1,0,1
e04,184,z,1,1,0,0
e04,184,z,1,1,0,0
e04,184,z,1,1,0,1
e04,184,z,1,1,0,1
e04,184,z,1,1,0,1
e04,184,z,1,1,0,0
e04,184,z,1,1,0,0
e04,184,z,1,1,0,0
e04,184,z,1,1,0,0
e04,184,z,1,1,0,1
e04,184,z,1,1,0,1
e04,184,z,1,1,0,1
e04,184,z,1,1,0,1
e04,184,z,1,1,0,1
e04,185,f,1,1,1,0
e04,185,f,1,1,1,1
e04,185,f,1,1,1,0
e04,185,f,1,1,1,0
e04,185,f,1,1,1,1
e04,185,f,1,1,1,0
e04,185,f,1,1,1,0
e04,185,f,1,1,1,0
e04,185,f,1,1,1,0
e04,185,f,1,1,1,1
e04,185,f,1,1,1,1
e04,185,f,1,1,1,1
e04,185,f,1,1,1,1
e04,185,f,1,1,1,0
e04,185,f,1,1,1,0
e04,185,f,1,1,1,0
e04,186,y,1,1,0,1
e04,186,y,1,1,0,0
e04,186,y,1,1,0,0
e04,186,y,1,1,0,0
e04,186,y,1,1,0,0
e04,186,y,1,1,0,0
e04,186,y,1,1,0,0
e04,186,y,1,1,0,0
e04,186,y,1,1,0,0
e04,186,y,1,1,0,1
e04,186,y,1,1,0,0
e04,186,y,1,1,0,0
e04,186,y,1,1,0,1
e04,186,y,1,1,0,0
e04,186,y,1,1,0,0
e04,186,y,1,1,0,1
e04,187,z,1,1,0,0
e04,187,z,1,1,0,0
e04,187,z,1,1,0,0
e04,187,z,1,1,0,0
e04,187,z,1,1,0,1
e04,187,z,1,1,0,1
e04,187,z,1,1,0,1
e04,187,z,1,1,0,1
e04,187,z,1,1,0,1
e04,187,z,1,1,0,0
e04,187,z,1,1,0,0
e04,187,z,1,1,0,1
e04,187,z,1,1,0,1
e04,187,z,1,1,0,1
e04,187,z,1,1,0,1
e04,187,z,1,1,0,0
e04,188,l,1,1,1,0
e04,188,l,1,1,1,1
e04,188,l,1,1,1,0
e04,188,l,1,1,1,0
e04,188,l,1,1,1,0
e04,188,l,1,1,1,0
e04,188,l,1,1,1,1
e04,188,l,1,1,1,1
e04,188,l,1,1,1,0
e04,188,l,1,1,1,0
e04,188,l,1,1,1,1
e04,188,l,1,1,1,1
e04,188,l,1,1,1,0
e04,188,l,1,1,1,0
e04,188,l,1,1,1,0
e04,188,l,1,1,1,0
e04,189,j,1,1,1,0
e04,189,j,1,1,1,0
e04,189,j,1,1,1,0
e04,189,j,1,1,1,0
e04,189,j,1,1,1,1
e04,189,j,1,1,1,0
e04,189,j,1,1,1,1
e04,189,j,1,1,1,1
e04,189,j,1,1,1,1
e04,189,j,1,1,1,0
e04,189,j,1,1,1,0
e04,189,j,1,1,1,1
e04,189,j,1,1,1,1
e04,189,j,1,1,1,0
e04,189,j,1,1,1,1
e04,189,j,1,1,1,1
e04,190,r,1,1,0,0
e04,190,r,1,1,0,0
e04,190,r,1,1,0,0
e04,190,r,1,1,0,0
e04,190,r,1,1,0,0
e04,190,r,1,1,0,0
e04,190,r,1,1,0,0
e04,190,r,1,1,0,1
e04,190,r,1,1,0,0
e04,190,r,1,1,0,0
e04,190,r,1,1,0,0
e04,190,r,1,1,0,0
e04,190,r,1,1,0,0
e04,190,r,1,1,0,0
e04,190,r,1,1,0,0
e04,190,r,1,1,0,0
e04,191,y,1,1,0,1
e04,191,y,1,1,0,0
e04,191,y,1,1,0,0
e04,191,y,1,1,0,0
e04,191,y,1,1,0,0
e04,191,y,1,1,0,0
e04,191,y,1,1,0,0
e04,191,y,1,1,0,0
e04,191,y,1,1,0,0
e04,191,y,1,1,0,0
e04,191,y,1,1,0,1
e04,191,y,1,1,0,0
e04,191,y,1,1,0,1
e04,191,y,1,1,0,0
e04,191,y,1,1,0,0
e04,191,y,1,1,0,1
e04,192,y,1,1,0,0
e04,192,y,1,1,0,1
e04,192,y,1,1,0,0
e04,192,y,1,1,0,1
e04,192,y,1,1,0,1
e04,192,y,1,1,0,1
e04,192,y,1,1,0,1
e04,192,y,1,1,0,1
e04,192,y,1,1,0,0
e04,192,y,1,1,0,1
e04,192,y,1,1,0,0
e04,192,y,1,1,0,0
e04,192,y,1,1,0,1
e04,192,y,1,1,0,1
e04,192,y,1,1,0,0
e04,192,y,1,1,0,1
e04,193,r,1,1,0,0
e04,193,r,1,1,0,1
e04,193,r,1,1,0,0
e04,193,r,1,1,0,0
e04,193,r,1,1,0,1
e04,193,r,1,1,0,0
e04,193,r,1,1,0,1
e04,193,r,1,1,0,0
e04,193,r,1,1,0,0
e04,193,r,1,1,0,1
e04,193,r,1,1,0,1
e04,193,r,1,1,0,1
e04,193,r,1,1,0,0
e04,193,r,1,1,0,0
e04,193,r,1,1,0,0
e04,193,r,1,1,0,0
e04,194,k,1,1,0,0
e04,194,k,1,1,0,0
e04,194,k,1,1,0,0
e04,194,k,1,1,0,0
e04,194,k,1,1,0,0
e04,194,k,1,1,0,0
e04,194,k,1,1,0,0
e04,194,k,1,1,0,0
e04,194,k,1,1,0,0
e04,194,k,1,1,0,0
e04,194,k,1,1,0,0
e04,194,k,1,1,0,0
e04,194,k,1,1,0,0
e04,194,k,1,1,0,0
e04,194,k,1,1,0,0
e04,194,k,1,1,0,0
e04,195,p,1,1,1,0
e04,195,p,1,1,1,0
e04,195,p,1,1,1,0
e04,195,p,1,1,1,1
e04,195,p,1,1,1,0
e04,195,p,1,1,1,0
e04,195,p,1,1,1,0
e04,195,p,1,1,1,0
e04,195,p,1,1,1,0
e04,195,p,1,1,1,0
e04,195,p,1,1,1,0
e04,195,p,1,1,1,0
e04,195,p,1,1,1,0
e04,195,p,1,1,1,0
e04,195,p,1,1,1,0
e04,195,p,1,1,1,0
e04,196,k,1,1,1,0
e04,196,k,1,1,1,0
e04,196,k,1,1,1,1
e04,196,k,1,1,1,0
e04,196,k,1,1,1,0
e04,196,k,1,1,1,0
e04,196,k,1,1,1,0
e04,196,k,1,1,1,0
e04,196,k,1,1,1,0
e04,196,k,1,1,1,0
e04,196,k,1,1,1,0
e04,196,k,1,1,1,0
e04,196,k,1,1,1,0
e04,196,k,1,1,1,0
e04,196,k,1,1,1,0
e04,196,k,1,1,1,0
e04,197,n,1,1,1,1
e04,197,n,1,1,1,0
e04,197,n,1,1,1,0
e04,197,n,1,1,1,0
e04,197,n,1,1,1,0
e04,197,n,1,1,1,0
e04,197,n,1,1,1,0
e04,197,n,1,1,1,0
e04,197,n,1,1,1,1
e04,197,n,1,1,1,1
e04,197,n,1,1,1,0
e04,197,n,1,1,1,0
e04,197,n,1,1,1,0
e04,197,n,1,1,1,0
e04,197,n,1,1,1,0
e04,197,n,1,1,1,0
e04,198,b,1,1,1,0
e04,198,b,1,1,1,0
e04,198,b,1,1,1,0
e04,198,b,1,1,1,0
e04,198,b,1,1,1,0
e04,198,b,1,1,1,1
e04,198,b,1,1,1,0
e04,198,b,1,1,1,1
e04,198,b,1,1,1,0
e04,198,b,1,1,1,1
e04,198,b,1,1,1,1
e04,198,b,1,1,1,1
e04,198,b,1,1,1,0
e04,198,b,1,1,1,0
e04,198,b,1,1,1,0
e04,198,b,1,1,1,1
e04,199,o,1,1,0,0
e04,199,o,1,1,0,0
e04,199,o,1,1,0,1
e04,199,o,1,1,0,1
e04,199,o,1,1,0,1
e04,199,o,1,1,0,0
e04,199,o,1,1,0,0
e04,199,o,1,1,0,0
e04,199,o,1,1,0,1
e04,199,o,1,1,0,1
e04,199,o,1,1,0,0
e04,199,o,1,1,0,1
e04,199,o,1,1,0,0
e04,199,o,1,1,0,0
e04,199,o,1,1,0,1
e04,199,o,1,1,0,0
e16,0,v,1,1,0,0
e16,0,v,1,1,0,1
e16,0,v,1,1,0,0
e16,0,v,1,1,0,0
e16,0,v,1,1,0,0
e16,0,v,1,1,0,0
e16,0,v,1,1,0,0
e16,0,v,1,1,0,0
e16,0,v,1,1,0,1
e16,0,v,1,1,0,1
e16,0,v,1,1,0,1
e16,0,v,1,1,0,1
e16,0,v,1,1,0,0
e16,0,v,1,1,0,0
e16,0,v,1,1,0,1
e16,0,v,1,1,0,0
e16,1,h,1,1,1,0
e16,1,h,1,1,1,0
e16,1,h,1,1,1,0
e16,1,h,1,1,1,0
e16,1,h,1,1,1,0
e16,1,h,1,1,1,1
e16,1,h,1,1,1,0
e16,1,h,1,1,1,1
e16,1,h,1,1,1,1
e16,1,h,1,1,1,0
e16,1,h,1,1,1,0
e16,1,h,1,1,1,0
e16,1,h,1,1,1,0
e16,1,h,1,1,1,1
e16,1,h,1,1,1,0
e16,1,h,1,1,1,0
e16,2,f,1,1,1,1
e16,2,f,1,1,1,0
e16,2,f,1,1,1,0
e16,2,f,1,1,1,0
e16,2,f,1,1,1,1
e16,2,f,1,1,1,0
e16,2,f,1,1,1,1
e16,2,f,1,1,1,1
e16,2,f,1,1,1,1
e16,2,f,1,1,1,1
e16,2,f,1,1,1,0
e16,2,f,1,1,1,0
e16,2,f,1,1,1,0
e16,2,f,1,1,1,0
e16,2,f,1,1,1,1
e16,2,f,1,1,1,0
e16,3,l,1,1,1,0
e16,3,l,1,1,1,0
e16,3,l,1,1,1,0
e16,3,l,1,1,1,0
e16,3,l,1,1,1,0
e16,3,l,1,1,1,0
e16,3,l,1,1,1,0
e16,3,l,1,1,1,0
e16,3,l,1,1,1,1
e16,3,l,1,1,1,0
e16,3,l,1,1,1,0
e16,3,l,1,1,1,0
e16,3,l,1,1,1,0
e16,3,l,1,1,1,0
e16,3,l,1,1,1,1
e16,3,l,1,1,1,0
e16,4,j,1,1,1,1
e16,4,j,1,1,1,0
e16,4,j,1,1,1,0
e16,4,j,1,1,1,0
e16,4,j,1,1,1,0
e16,4,j,1,1,1,0
e16,4,j,1,1,1,0
e16,4,j,1,1,1,0
e16,4,j,1,1,1,0
e16,4,j,1,1,1,0
e16,4,j,1,1,1,0
e16,4,j,1,1,1,0
e16,4,j,1,1,1,0
e16,4,j,1,1,1,0
e16,4,j,1,1,1,0
e16,4,j,1,1,1,0
e16,5,r,1,1,1,0
e16,5,r,1,1,1,1
e16,5,r,1,1,1,1
e16,5,r,1,1,1,1
e16,5,r,1,1,1,1
e16,5,r,1,1,1,1
e16,5,r,1,1,1,0
e16,5,r,1,1,1,0
e16,5,r,1,1,1,0
e16,5,r,1,1,1,1
e16,5,r,1,1,1,0
e16,5,r,1,1,1,1
e16,5,r,1,1,1,0
e16,5,r,1,1,1,0
e16,5,r,1,1,1,0
e16,5,r,1,1,1,0
e16,6,z,1,1,0,1
e16,6,z,1,1,0,0
e16,6,z,1,1,0,0
e16,6,z,1,1,0,1
e16,6,z,1,1,0,1
e16,6,z,1,1,0,1
e16,6,z,1,1,0,1
e16,6,z,1,1,0,1
e16,6,z,1,1,0,1
e16,6,z,1,1,0,1
e16,6,z,1,1,0,0
e16,6,z,1,1,0,1
e16,6,z,1,1,0,1
e16,6,z,1,1,0,1
e16,6,z,1,1,0,1
e16,6,z,1,1,0,1
e16,7,r,1,1,0,0
e16,7,r,1,1,0,0
e16,7,r,1,1,0,0
e16,7,r,1,1,0,1
e16,7,r,1,1,0,0
e16,7,r,1,1,0,0
e16,7,r,1,1,0,0
e16,7,r,1,1,0,0
e16,7,r,1,1,0,0
e16,7,r,1,1,0,0
e16,7,r,1,1,0,1
e16,7,r,1,1,0,0
e16,7,r,1,1,0,0
e16,7,r,1,1,0,0
e16,7,r,1,1,0,1
e16,7,r,1,1,0,0
e16,8,d,1,1,1,1
e16,8,d,1,1,1,0
e16,8,d,1,1,1,1
e16,8,d,1,1,1,1
e16,8,d,1,1,1,0
e16,8,d,1,1,1,1
e16,8,d,1,1,1,1
e16,8,d,1,1,1,1
e16,8,d,1,1,1,0
e16,8,d,1,1,1,0
e16,8,d,1,1,1,0
e16,8,d,1,1,1,1
e16,8,d,1,1,1,0
e16,8,d,1,1,1,1
e16,8,d,1,1,1,1
e16,8,d,1,1,1,0
e16,9,f,1,1,1,1
e16,9,f,1,1,1,1
e16,9,f,1,1,1,1
e16,9,f,1,1,1,1
e16,9,f,1,1,1,0
e16,9,f,1,1,1,1
e16,9,f,1,1,1,1
e16,9,f,1,1,1,1
e16,9,f,1,1,1,0
e16,9,f,1,1,1,0
e16,9,f,1,1,1,0
e16,9,f,1,1,1,0
e16,9,f,1,1,1,0
e16,9,f,1,1,1,1
e16,9,f,1,1,1,1
e16,9,f,1,1,1,1
e16,10,i,1,1,0,1
e16,10,i,1,1,0,0
e16,10,i,1,1,0,0
e16,10,i,1,1,0,0
e16,10,i,1,1,0,0
e16,10,i,1,1,0,0
e16,10,i,1,1,0,1
e16,10,i,1,1,0,0
e16,10,i,1,1,0,1
e16,10,i,1,1,0,0
e16,10,i,1,1,0,0
e16,10,i,1,1,0,0
e16,10,i,1,1,0,0
e16,10,i,1,1,0,1
e16,10,i,1,1,0,1
e16,10,i,1,1,0,0
e16,11,o,1,1,0,1
e16,11,o,1,1,0,1
e16,11,o,1,1,0,0
e16,11,o,1,1,0,1
e16,11,o,1,1,0,0
e16,11,o,1,1,0,0
e16,11,o,1,1,0,0
e16,11,o,1,1,0,1
e16,11,o,1,1,0,0
e16,11,o,1,1,0,1
e16,11,o,1,1,0,1
e16,11,o,1,1,0,0
e16,11,o,1,1,0,0
e16,11,o,1,1,0,0
e16,11,o,1,1,0,0
e16,11,o,1,1,0,0
e16,12,v,1,1,0,1
e16,12,v,1,1,0,1
e16,12,v,1,1,0,1
e16,12,v,1,1,0,1
e16,12,v,1,1,0,1
e16,12,v,1,1,0,0
e16,12,v,1,1,0,1
e16,12,v,1,1,0,0
e16,12,v,1,1,0,1
e16,12,v,1,1,0,0
e16,12,v,1,1,0,0
e16,12,v,1,1,0,0
e16,12,v,1,1,0,0
e16,12,v,1,1,0,1
e16,12,v,1,1,0,1
e16,12,v,1,1,0,0
e16,13,h,1,1,1,0
e16,13,h,1,1,1,0
e16,13,h,1,1,1,1
e16,13,h,1,1,1,0
e16,13,h,1,1,1,1
e16,13,h,1,1,1,0
e16,13,h,1,1,1,0
e16,13,h,1,1,1,0
e16,13,h,1,1,1,0
e16,13,h,1,1,1,0
e16,13,h,1,1,1,0
e16,13,h,1,1,1,0
e16,13,h,1,1,1,0
e16,13,h,1,1,1,1
e16,13,h,1,1,1,0
e16,13,h,1,1,1,0
e16,14,d,1,1,1,1
e16,14,d,1,1,1,0
e16,14,d,1,1,1,1
e16,14,d,1,1,1,0
e16,14,d,1,1,1,1
e16,14,d,1,1,1,1
e16,14,d,1,1,1,0
e16,14,d,1,1,1,0
e16,14,d,1,1,1,1
e16,14,d,1,1,1,1
e16,14,d,1,1,1,0
e16,14,d,1,1,1,0
e16,14,d,1,1,1,1
e16,14,d,1,1,1,0
e16,14,d,1,1,1,0
e16,14,d,1,1,1,0
e16,15,l,1,1,1,0
e16,15,l,1,1,1,0
e16,15,l,1,1,1,0
e16,15,l,1,1,1,0
e16,15,l,1,1,1,0
e16,15,l,1,1,1,0
e16,15,l,1,1,1,1
e16,15,l,1,1,1,0
e16,15,l,1,1,1,0
e16,15,l,1,1,1,0
e16,15,l,1,1,1,0
e16,15,l,1,1,1,0
e16,15,l,1,1,1,0
e16,15,l,1,1,1,1
e16,15,l,1,1,1,0
e16,15,l,1,1,1,0
e16,16,t,1,1,0,1
e16,16,t,1,1,0,0
e16,16,t,1,1,0,1
e16,16,t,1,1,0,0
e16,16,t,1,1,0,1
e16,16,t,1,1,0,0
e16,16,t,1,1,0,0
e16,16,t,1,1,0,1
e16,16,t,1,1,0,0
e16,16,t,1,1,0,0
e16,16,t,1,1,0,1
e16,16,t,1,1,0,1
e16,16,t,1,1,0,0
e16,16,t,1,1,0,1
e16,16,t,1,1,0,1
e16,16,t,1,1,0,1
e16,17,d,1,1,1,0
e16,17,d,1,1,1,0
e16,17,d,1,1,1,0
e16,17,d,1,1,1,0
e16,17,d,1,1,1,1
e16,17,d,1,1,1,0
e16,17,d,1,1,1,1
e16,17,d,1,1,1,0
e16,17,d,1,1,1,0
e16,17,d,1,1,1,1
e16,17,d,1,1,1,0
e16,17,d,1,1,1,1
e16,17,d,1,1,1,0
e16,17,d,1,1,1,0
e16,17,d,1,1,1,0
e16,17,d,1,1,1,0
e16,18,r,1,1,1,0
e16,18,r,1,1,1,1
e16,18,r,1,1,1,0
e16,18,r,1,1,1,0
e16,18,r,1,1,1,1
e16,18,r,1,1,1,0
e16,18,r,1,1,1,0
e16,18,r,1,1,1,0
e16,18,r,1,1,1,1
e16,18,r,1,1,1,1
e16,18,r,1,1,1,1
e16,18,r,1,1,1,1
e16,18,r,1,1,1,1
e16,18,r,1,1,1,1
e16,18,r,1,1,1,0
e16,18,r,1,1,1,0
e16,19,u,1,1,0,0
e16,19,u,1,1,0,1
e16,19,u,1,1,0,0
e16,19,u,1,1,0,0
e16,19,u,1,1,0,0
e16,19,u,1,1,0,0
e16,19,u,1,1,0,0
e16,19,u,1,1,0,0
e16,19,u,1,1,0,0
e16,19,u,1,1,0,0
e16,19,u,1,1,0,0
e16,19,u,1,1,0,0
e16,19,u,1,1,0,0
e16,19,u,1,1,0,0
e16,19,u,1,1,0,0
e16,19,u,1,1,0,0
e16,20,q,1,1,0,1
e16,20,q,1,1,0,1
e16,20,q,1,1,0,0
e16,20,q,1,1,0,1
e16,20,q,1,1,0,1
e16,20,q,1,1,0,0
e16,20,q,1,1,0,1
e16,20,q,1,1,0,1
e16,20,q,1,1,0,1
e16,20,q,1,1,0,1
e16,20,q,1,1,0,1
e16,20,q,1,1,0,1
e16,20,q,1,1,0,0
e16,20,q,1,1,0,1
e16,20,q,1,1,0,1
e16,20,q,1,1,0,1
e16,21,u,1,1,0,0
e16,21,u,1,1,0,0
e16,21,u,1,1,0,1
e16,21,u,1,1,0,0
e16,21,u,1,1,0,1
e16,21,u,1,1,0,0
e16,21,u,1,1,0,0
e16,21,u,1,1,0,0
e16,21,u,1,1,0,1
e16,21,u,1,1,0,0
e16,21,u,1,1,0,0
e16,21,u,1,1,0,0
e16,21,u,1,1,0,0
e16,21,u,1,1,0,0
e16,21,u,1,1,0,0
e16,21,u,1,1,0,0
e16,22,l,1,1,0,0
e16,22,l,1,1,0,0
e16,22,l,1,1,0,0
e16,22,l,1,1,0,0
e16,22,l,1,1,0,0
e16,22,l,1,1,0,0
e16,22,l,1,1,0,0
e16,22,l,1,1,0,0
e16,22,l,1,1,0,0
e16,22,l,1,1,0,0
e16,22,l,1,1,0,0
e16,22,l,1,1,0,0
e16,22,l,1,1,0,0
e16,22,l,1,1,0,0
e16,22,l,1,1,0,0
e16,22,l,1,1,0,0
e16,23,u,1,1,0,1
e16,23,u,1,1,0,1
e16,23,u,1,1,0,1
e16,23,u,1,1,0,0
e16,23,u,1,1,0,1
e16,23,u,1,1,0,1
e16,23,u,1,1,0,0
e16,23,u,1,1,0,1
e16,23,u,1,1,0,0
e16,23,u,1,1,0,1
e16,23,u,1,1,0,0
e16,23,u,1,1,0,1
e16,23,u,1,1,0,0
e16,23,u,1,1,0,1
e16,23,u,1,1,0,1
e16,23,u,1,1,0,0
e16,24,y,1,1,0,0
e16,24,y,1,1,0,0
e16,24,y,1,1,0,1
e16,24,y,1,1,0,0
e16,24,y,1,1,0,1
e16,24,y,1,1,0,0
e16,24,y,1,1,0,0
e16,24,y,1,1,0,0
e16,24,y,1,1,0,0
e16,24,y,1,1,0,0
e16,24,y,1,1,0,0
e16,24,y,1,1,0,0
e16,24,y,1,1,0,0
e16,24,y,1,1,0,0
e16,24,y,1,1,0,1
e16,24,y,1,1,0,0
e16,25,g,1,1,1,0
e16,25,g,1,1,1,1
e16,25,g,1,1,1,1
e16,25,g,1,1,1,0
e16,25,g,1,1,1,1
e16,25,g,1,1,1,0
e16,25,g,1,1,1,0
e16,25,g,1,1,1,1
e16,25,g,1,1,1,1
e16,25,g,1,1,1,0
e16,25,g,1,1,1,1
e16,25,g,1,1,1,1
e16,25,g,1,1,1,1
e16,25,g,1,1,1,1
e16,25,g,1,1,1,0
e16,25,g,1,1,1,1
e16,26,a,1,1,1,0
e16,26,a,1,1,1,1
e16,26,a,1,1,1,0
e16,26,a,1,1,1,0
e16,26,a,1,1,1,0
e16,26,a,1,1,1,1
e16,26,a,1,1,1,1
e16,26,a,1,1,1,0
e16,26,a,1,1,1,0
e16,26,a,1,1,1,0
e16,26,a,1,1,1,0
e16,26,a,1,1,1,0
e16,26,a,1,1,1,0
e16,26,a,1,1,1,0
e16,26,a,1,1,1,0
e16,26,a,1,1,1,0
e16,27,f,1,1,1,0
e16,27,f,1,1,1,1
e16,27,f,1,1,1,1
e16,27,f,1,1,1,0
e16,27,f,1,1,1,0
e16,27,f,1,1,1,0
e16,27,f,1,1,1,1
e16,27,f,1,1,1,0
e16,27,f,1,1,1,1
e16,27,f,1,1,1,1
e16,27,f,1,1,1,0
e16,27,f,1,1,1,1
e16,27,f,1,1,1,0
e16,27,f,1,1,1,0
e16,27,f,1,1,1,0
e16,27,f,1,1,1,1
e16,28,f,1,1,1,1
e16,28,f,1,1,1,0
e16,28,f,1,1,1,0
e16,28,f,1,1,1,1
e16,28,f,1,1,1,0
e16,28,f,1,1,1,1
e16,28,f,1,1,1,1
e16,28,f,1,1,1,0
e16,28,f,1,1,1,1
e16,28,f,1,1,1,1
e16,28,f,1,1,1,0
e16,28,f,1,1,1,0
e16,28,f,1,1,1,1
e16,28,f,1,1,1,0
e16,28,f,1,1,1,1
e16,28,f,1,1,1,1
e16,29,r,1,1,0,0
e16,29,r,1,1,0,0
e16,29,r,1,1,0,0
e16,29,r,1,1,0,1
e16,29,r,1,1,0,0
e16,29,r,1,1,0,0
e16,29,r,1,1,0,0
e16,29,r,1,1,0,1
e16,29,r,1,1,0,1
e16,29,r,1,1,0,1
e16,29,r,1,1,0,0
e16,29,r,1,1,0,0
e16,29,r,1,1,0,0
e16,29,r,1,1,0,1
e16,29,r,1,1,0,0
e16,29,r,1,1,0,0
e16,30,x,1,1,0,0
e16,30,x,1,1,0,0
e16,30,x,1,1,0,0
e16,30,x,1,1,0,1
e16,30,x,1,1,0,0
e16,30,x,1,1,0,0
e16,30,x,1,1,0,0
e16,30,x,1,1,0,0
e16,30,x,1,1,0,0
e16,30,x,1,1,0,1
e16,30,x,1,1,0,0
e16,30,x,1,1,0,0
e16,30,x,1,1,0,0
e16,30,x,1,1,0,1
e16,30,x,1,1,0,0
e16,30,x,1,1,0,0
e16,31,i,1,1,1,1
e16,31,i,1,1,1,0
e16,31,i,1,1,1,0
e16,31,i,1,1,1,1
e16,31,i,1,1,1,1
e16,31,i,1,1,1,1
e16,31,i,1,1,1,0
e16,31,i,1,1,1,0
e16,31,i,1,1,1,1
e16,31,i,1,1,1,1
e16,31,i,1,1,1,0
e16,31,i,1,1,1,0
e16,31,i,1,1,1,1
e16,31,i,1,1,1,0
e16,31,i,1,1,1,0
e16,31,i,1,1,1,0
e16,32,n,1,1,0,0
e16,32,n,1,1,0,0
e16,32,n,1,1,0,1
e16,32,n,1,1,0,0
e16,32,n,1,1,0,0
e16,32,n,1,1,0,0
e16,32,n,1,1,0,0
e16,32,n,1,1,0,0
e16,32,n,1,1,0,0
e16,32,n,1,1,0,0
e16,32,n,1,1,0,1
e16,32,n,1,1,0,0
e16,32,n,1,1,0,0
e16,32,n,1,1,0,0
e16,32,n,1,1,0,0
e16,32,n,1,1,0,0
e16,33,u,1,1,0,0
e16,33,u,1,1,0,0
e16,33,u,1,1,0,0
e16,33,u,1,1,0,0
e16,33,u,1,1,0,0
e16,33,u,1,1,0,0
e16,33,u,1,1,0,0
e16,33,u,1,1,0,0
e16,33,u,1,1,0,0
e16,33,u,1,1,0,0
e16,33,u,1,1,0,0
e16,33,u,1,1,0,0
e16,33,u,1,1,0,0
e16,33,u,1,1,0,0
e16,33,u,1,1,0,0
e16,33,u,1,1,0,0
e16,34,p,1,1,0,0
e16,34,p,1,1,0,1
e16,34,p,1,1,0,0
e16,34,p,1,1,0,1
e16,34,p,1,1,0,1
e16,34,p,1,1,0,1
e16,34,p,1,1,0,1
e16,34,p,1,1,0,0
e16,34,p,1,1,0,1
e16,34,p,1,1,0,1
e16,34,p,1,1,0,0
e16,34,p,1,1,0,1
e16,34,p,1,1,0,1
e16,34,p,1,1,0,0
e16,34,p,1,1,0,1
e16,34,p,1,1,0,0
e16,35,e,1,1,1,0
e16,35,e,1,1,1,0
e16,35,e,1,1,1,1
e16,35,e,1,1,1,1
e16,35,e,1,1,1,0
e16,35,e,1,1,1,1
e16,35,e,1,1,1,1
e16,35,e,1,1,1,1
e16,35,e,1,1,1,0
e16,35,e,1,1,1,0
e16,35,e,1,1,1,1
e16,35,e,1,1,1,0
e16,35,e,1,1,1,0
e16,35,e,1,1,1,0
e16,35,e,1,1,1,0
e16,35,e,1,1,1,1
e16,36,i,1,1,1,1
e16,36,i,1,1,1,0
e16,36,i,1,1,1,1
e16,36,i,1,1,1,0
e16,36,i,1,1,1,1
e16,36,i,1,1,1,0
e16,36,i,1,1,1,1
e16,36,i,1,1,1,1
e16,36,i,1,1,1,1
e16,36,i,1,1,1,1
e16,36,i,1,1,1,1
e16,36,i,1,1,1,1
e16,36,i,1,1,1,1
e16,36,i,1,1,1,1
e16,36,i,1,1,1,0
e16,36,i,1,1,1,1
e16,37,v,1,1,0,1
e16,37,v,1,1,0,1
e16,37,v,1,1,0,1
e16,37,v,1,1,0,0
e16,37,v,1,1,0,1
e16,37,v,1,1,0,0
e16,37,v,1,1,0,1
e16,37,v,1,1,0,1
e16,37,v,1,1,0,0
e16,37,v,1,1,0,1
e16,37,v,1,1,0,0
e16,37,v,1,1,0,1
e16,37,v,1,1,0,0
e16,37,v,1,1,0,0
e16,37,v,1,1,0,1
e16,37,v,1,1,0,0
e16,38,o,1,1,0,1
e16,38,o,1,1,0,0
e16,38,o,1,1,0,1
e16,38,o,1,1,0,1
e16,38,o,1,1,0,0
e16,38,o,1,1,0,1
e16,38,o,1,1,0,0
e16,38,o,1,1,0,1
e16,38,o,1,1,0,0
e16,38,o,1,1,0,0
e16,38,o,1,1,0,0
e16,38,o,1,1,0,1
e16,38,o,1,1,0,1
e16,38,o,1,1,0,0
e16,38,o,1,1,0,1
e16,38,o,1,1,0,0
e16,39,x,1,1,1,0
e16,39,x,1,1,1,1
e16,39,x,1,1,1,1
e16,39,x,1,1,1,0
e16,39,x,1,1,1,0
e16,39,x,1,1,1,1
e16,39,x,1,1,1,1
e16,39,x,1,1,1,1
e16,39,x,1,1,1,1
e16,39,x,1,1,1,1
e16,39,x,1,1,1,0
e16,39,x,1,1,1,0
e16,39,x,1,1,1,1
e16,39,x,1,1,1,1
e16,39,x,1,1,1,0
e16,39,x,1,1,1,1
e16,40,s,1,1,0,1
e16,40,s,1,1,0,1
e16,40,s,1,1,0,1
e16,40,s,1,1,0,0
e16,40,s,1,1,0,0
e16,40,s,1,1,0,0
e16,40,s,1,1,0,0
e16,40,s,1,1,0,1
e16,40,s,1,1,0,0
e16,40,s,1,1,0,0
e16,40,s,1,1,0,0
e16,40,s,1,1,0,0
e16,40,s,1,1,0,0
e16,40,s,1,1,0,1
e16,40,s,1,1,0,1
e16,40,s,1,1,0,1
e16,41,i,1,1,1,0
e16,41,i,1,1,1,0
e16,41,i,1,1,1,1
e16,41,i,1,1,1,0
e16,41,i,1,1,1,1
e16,41,i,1,1,1,0
e16,41,i,1,1,1,0
e16,41,i,1,1,1,0
e16,41,i,1,1,1,0
e16,41,i,1,1,1,0
e16,41,i,1,1,1,0
e16,41,i,1,1,1,1
e16,41,i,1,1,1,1
e16,41,i,1,1,1,0
e16,41,i,1,1,1,1
e16,41,i,1,1,1,0
e16,42,t,1,1,0,0
e16,42,t,1,1,0,1
e16,42,t,1,1,0,0
e16,42,t,1,1,0,1
e16,42,t,1,1,0,0
e16,42,t,1,1,0,0
e16,42,t,1,1,0,0
e16,42,t,1,1,0,1
e16,42,t,1,1,0,0
e16,42,t,1,1,0,0
e16,42,t,1,1,0,0
e16,42,t,1,1,0,0
e16,42,t,1,1,0,0
e16,42,t,1,1,0,0
e16,42,t,1,1,0,0
e16,42,t,1,1,0,1
e16,43,t,1,1,0,0
e16,43,t,1,1,0,0
e16,43,t,1,1,0,0
e16,43,t,1,1,0,1
e16,43,t,1,1,0,0
e16,43,t,1,1,0,0
e16,43,t,1,1,0,0
e16,43,t,1,1,0,1
e16,43,t,1,1,0,0
e16,43,t,1,1,0,1
e16,43,t,1,1,0,1
e16,43,t,1,1,0,0
e16,43,t,1,1,0,1
e16,43,t,1,1,0,1
e16,43,t,1,1,0,0
e16,43,t,1,1,0,1
e16,44,s,1,1,0,1
e16,44,s,1,1,0,0
e16,44,s,1,1,0,0
e16,44,s,1,1,0,1
e16,44,s,1,1,0,0
e16,44,s,1,1,0,0
e16,44,s,1,1,0,1
e16,44,s,1,1,0,1
e16,44,s,1,1,0,0
e16,44,s,1,1,0,0
e16,44,s,1,1,0,0
e16,44,s,1,1,0,0
e16,44,s,1,1,0,0
e16,44,s,1,1,0,0
e16,44,s,1,1,0,0
e16,44,s,1,1,0,0
e16,45,l,1,1,0,1
e16,45,l,1,1,0,1
e16,45,l,1,1,0,0
e16,45,l,1,1,0,1
e16,45,l,1,1,0,0
e16,45,l,1,1,0,0
e16,45,l,1,1,0,1
e16,45,l,1,1,0,0
e16,45,l,1,1,0,0
e16,45,l,1,1,0,1
e16,45,l,1,1,0,0
e16,45,l,1,1,0,0
e16,45,l,1,1,0,0
e16,45,l,1,1,0,0
e16,45,l,1,1,0,0
e16,45,l,1,1,0,0
e16,46,p,1,1,0,0
e16,46,p,1,1,0,1
e16,46,p,1,1,0,1
e16,46,p,1,1,0,0
e16,46,p,1,1,0,1
e16,46,p,1,1,0,0
e16,46,p,1,1,0,1
e16,46,p,1,1,0,0
e16,46,p,1,1,0,0
e16,46,p,1,1,0,0
e16,46,p,1,1,0,0
e16,46,p,1,1,0,1
e16,46,p,1,1,0,1
e16,46,p,1,1,0,1
e16,46,p,1,1,0,0
e16,46,p,1,1,0,0
e16,47,o,1,1,0,0
e16,47,o,1,1,0,0
e16,47,o,1,1,0,1
e16,47,o,1,1,0,0
e16,47,o,1,1,0,0
e16,47,o,1,1,0,0
e16,47,o,1,1,0,0
e16,47,o,1,1,0,0
e16,47,o,1,1,0,1
e16,47,o,1,1,0,1
e16,47,o,1,1,0,1
e16,47,o,1,1,0,0
e16,47,o,1,1,0,0
e16,47,o,1,1,0,0
e16,47,o,1,1,0,0
e16,47,o,1,1,0,0
e16,48,r,1,1,1,1
e16,48,r,1,1,1,1
e16,48,r,1,1,1,1
e16,48,r,1,1,1,1
e16,48,r,1,1,1,0
e16,48,r,1,1,1,0
e16,48,r,1,1,1,1
e16,48,r,1,1,1,1
e16,48,r,1,1,1,1
e16,48,r,1,1,1,0
e16,48,r,1,1,1,0
e16,48,r,1,1,1,0
e16,48,r,1,1,1,0
e16,48,r,1,1,1,0
e16,48,r,1,1,1,1
e16,48,r,1,1,1,1
e16,49,l,1,1,0,0
e16,49,l,1,1,0,0
e16,49,l,1,1,0,0
e16,49,l,1,1,0,0
e16,49,l,1,1,0,0
e16,49,l,1,1,0,0
e16,49,l,1,1,0,0
e16,49,l,1,1,0,0
e16,49,l,1,1,0,1
e16,49,l,1,1,0,0
e16,49,l,1,1,0,1
e16,49,l,1,1,0,0
e16,49,l,1,1,0,0
e16,49,l,1,1,0,0
e16,49,l,1,1,0,0
e16,49,l,1,1,0,0
e16,50,y,1,1,1,0
e16,50,y,1,1,1,1
e16,50,y,1,1,1,0
e16,50,y,1,1,1,0
e16,50,y,1,1,1,1
e16,50,y,1,1,1,1
e16,50,y,1,1,1,1
e16,50,y,1,1,1,0
e16,50,y,1,1,1,1
e16,50,y,1,1,1,0
e16,50,y,1,1,1,0
e16,50,y,1,1,1,0
e16,50,y,1,1,1,0
e16,50,y,1,1,1,0
e16,50,y,1,1,1,0
e16,50,y,1,1,1,0
e16,51,m,1,1,0,0
e16,51,m,1,1,0,1
e16,51,m,1,1,0,1
e16,51,m,1,1,0,0
e16,51,m,1,1,0,0
e16,51,m,1,1,0,0
e16,51,m,1,1,0,0
e16,51,m,1,1,0,1
e16,51,m,1,1,0,0
e16,51,m,1,1,0,1
e16,51,m,1,1,0,0
e16,51,m,1,1,0,0
e16,51,m,1,1,0,0
e16,51,m,1,1,0,0
e16,51,m,1,1,0,1
e16,51,m,1,1,0,0
e16,52,r,1,1,0,0
e16,52,r,1,1,0,0
e16,52,r,1,1,0,0
e16,52,r,1,1,0,0
e16,52,r,1,1,0,0
e16,52,r,1,1,0,0
e16,52,r,1,1,0,0
e16,52,r,1,1,0,0
e16,52,r,1,1,0,0
e16,52,r,1,1,0,0
e16,52,r,1,1,0,0
e16,52,r,1,1,0,0
e16,52,r,1,1,0,1
e16,52,r,1,1,0,0
e16,52,r,1,1,0,0
e16,52,r,1,1,0,0
e16,53,u,1,1,0,0
e16,53,u,1,1,0,0
e16,53,u,1,1,0,0
e16,53,u,1,1,0,0
e16,53,u,1,1,0,1
e16,53,u,1,1,0,0
e16,53,u,1,1,0,0
e16,53,u,1,1,0,0
e16,53,u,1,1,0,0
e16,53,u,1,1,0,0
e16,53,u,1,1,0,0
e16,53,u,1,1,0,0
e16,53,u,1,1,0,0
e16,53,u,1,1,0,0
e16,53,u,1,1,0,0
e16,53,u,1,1,0,0
e16,54,p,1,1,1,1
e16,54,p,1,1,1,0
e16,54,p,1,1,1,0
e16,54,p,1,1,1,0
e16,54,p,1,1,1,0
e16,54,p,1,1,1,0
e16,54,p,1,1,1,0
e16,54,p,1,1,1,1
e16,54,p,1,1,1,0
e16,54,p,1,1,1,1
e16,54,p,1,1,1,1
e16,54,p,1,1,1,0
e16,54,p,1,1,1,1
e16,54,p,1,1,1,0
e16,54,p,1,1,1,1
e16,54,p,1,1,1,1
e16,55,o,1,1,0,0
e16,55,o,1,1,0,0
e16,55,o,1,1,0,0
e16,55,o,1,1,0,0
e16,55,o,1,1,0,0
e16,55,o,1,1,0,1
e16,55,o,1,1,0,0
e16,55,o,1,1,0,0
e16,55,o,1,1,0,1
e16,55,o,1,1,0,0
e16,55,o,1,1,0,1
e16,55,o,1,1,0,0
e16,55,o,1,1,0,1
e16,55,o,1,1,0,0
e16,55,o,1,1,0,0
e16,55,o,1,1,0,0
e16,56,m,1,1,1,0
e16,56,m,1,1,1,1
e16,56,m,1,1,1,0
e16,56,m,1,1,1,0
e16,56,m,1,1,1,0
e16,56,m,1,1,1,0
e16,56,m,1,1,1,0
e16,56,m,1,1,1,0
e16,56,m,1,1,1,1
e16,56,m,1,1,1,0
e16,56,m,1,1,1,1
e16,56,m,1,1,1,0
e16,56,m,1,1,1,0
e16,56,m,1,1,1,0
e16,56,m,1,1,1,0
e16,56,m,1,1,1,0
e16,57,f,1,1,1,0
e16,57,f,1,1,1,1
e16,57,f,1,1,1,0
e16,57,f,1,1,1,0
e16,57,f,1,1,1,1
e16,57,f,1,1,1,0
e16,57,f,1,1,1,0
e16,57,f,1,1,1,0
e16,57,f,1,1,1,0
e16,57,f,1,1,1,0
e16,57,f,1,1,1,1
e16,57,f,1,1,1,1
e16,57,f,1,1,1,0
e16,57,f,1,1,1,0
e16,57,f,1,1,1,0
e16,57,f,1,1,1,1
e16,58,l,1,1,1,0
e16,58,l,1,1,1,0
e16,58,l,1,1,1,0
e16,58,l,1,1,1,0
e16,58,l,1,1,1,0
e16,58,l,1,1,1,0
e16,58,l,1,1,1,0
e16,58,l,1,1,1,0
e16,58,l,1,1,1,0
e16,58,l,1,1,1,0
e16,58,l,1,1,1,0
e16,58,l,1,1,1,0
e16,58,l,1,1,1,0
e16,58,l,1,1,1,0
e16,58,l,1,1,1,0
e16,58,l,1,1,1,0
e16,59,q,1,1,1,1
e16,59,q,1,1,1,0
e16,59,q,1,1,1,1
e16,59,q,1,1,1,0
e16,59,q,1,1,1,1
e16,59,q,1,1,1,0
e16,59,q,1,1,1,1
e16,59,q,1,1,1,0
e16,59,q,1,1,1,1
e16,59,q,1,1,1,0
e16,59,q,1,1,1,1
e16,59,q,1,1,1,1
e16,59,q,1,1,1,0
e16,59,q,1,1,1,0
e16,59,q,1,1,1,0
e16,59,q,1,1,1,0
e16,60,m,1,1,0,0
e16,60,m,1,1,0,1
e16,60,m,1,1,0,0
e16,60,m,1,1,0,0
e16,60,m,1,1,0,0
e16,60,m,1,1,0,0
e16,60,m,1,1,0,1
e16,60,m,1,1,0,1
e16,60,m,1,1,0,0
e16,60,m,1,1,0,1
e16,60,m,1,1,0,1
e16,60,m,1,1,0,0
e16,60,m,1,1,0,0
e16,60,m,1,1,0,1
e16,60,m,1,1,0,0
e16,60,m,1,1,0,1
e16,61,o,1,1,0,0
e16,61,o,1,1,0,0
e16,61,o,1,1,0,0
e16,61,o,1,1,0,0
e16,61,o,1,1,0,1
e16,61,o,1,1,0,1
e16,61,o,1,1,0,0
e16,61,o,1,1,0,0
e16,61,o,1,1,0,0
e16,61,o,1,1,0,0
e16,61,o,1,1,0,0
e16,61,o,1,1,0,0
e16,61,o,1,1,0,0
e16,61,o,1,1,0,0
e16,61,o,1,1,0,0
e16,61,o,1,1,0,0
e16,62,p,1,1,1,1
e16,62,p,1,1,1,1
e16,62,p,1,1,1,0
e16,62,p,1,1,1,1
e16,62,p,1,1,1,0
e16,62,p,1,1,1,0
e16,62,p,1,1,1,0
e16,62,p,1,1,1,1
e16,62,p,1,1,1,0
e16,62,p,1,1,1,1
e16,62,p,1,1,1,1
e16,62,p,1,1,1,0
e16,62,p,1,1,1,1
e16,62,p,1,1,1,0
e16,62,p,1,1,1,0
e16,62,p,1,1,1,0
e16,63,c,1,1,0,0
e16,63,c,1,1,0,1
e16,63,c,1,1,0,0
e16,63,c,1,1,0,0
e16,63,c,1,1,0,0
e16,63,c,1,1,0,0
e16,63,c,1,1,0,0
e16,63,c,1,1,0,0
e16,63,c,1,1,0,0
e16,63,c,1,1,0,0
e16,63,c,1,1,0,0
e16,63,c,1,1,0,0
e16,63,c,1,1,0,1
e16,63,c,1,1,0,0
e16,63,c,1,1,0,0
e16,63,c,1,1,0,0
e16,64,m,1,1,1,1
e16,64,m,1,1,1,0
e16,64,m,1,1,1,0
e16,64,m,1,1,1,1
e16,64,m,1,1,1,1
e16,64,m,1,1,1,0
e16,64,m,1,1,1,0
e16,64,m,1,1,1,1
e16,64,m,1,1,1,1
e16,64,m,1,1,1,0
e16,64,m,1,1,1,0
e16,64,m,1,1,1,0
e16,64,m,1,1,1,0
e16,64,m,1,1,1,1
e16,64,m,1,1,1,0
e16,64,m,1,1,1,1
e16,65,l,1,1,0,0
e16,65,l,1,1,0,0
e16,65,l,1,1,0,0
e16,65,l,1,1,0,0
e16,65,l,1,1,0,1
e16,65,l,1,1,0,0
e16,65,l,1,1,0,0
e16,65,l,1,1,0,0
e16,65,l,1,1,0,0
e16,65,l,1,1,0,1
e16,65,l,1,1,0,0
e16,65,l,1,1,0,0
e16,65,l,1,1,0,1
e16,65,l,1,1,0,0
e16,65,l,1,1,0,0
e16,65,l,1,1,0,0
e16,66,i,1,1,1,0
e16,66,i,1,1,1,0
e16,66,i,1,1,1,0
e16,66,i,1,1,1,1
e16,66,i,1,1,1,0
e16,66,i,1,1,1,1
e16,66,i,1,1,1,1
e16,66,i,1,1,1,1
e16,66,i,1,1,1,0
e16,66,i,1,1,1,0
e16,66,i,1,1,1,0
e16,66,i,1,1,1,1
e16,66,i,1,1,1,1
e16,66,i,1,1,1,1
e16,66,i,1,1,1,0
e16,66,i,1,1,1,0
e16,67,e,1,1,1,0
e16,67,e,1,1,1,1
e16,67,e,1,1,1,1
e16,67,e,1,1,1,1
e16,67,e,1,1,1,0
e16,67,e,1,1,1,0
e16,67,e,1,1,1,0
e16,67,e,1,1,1,1
e16,67,e,1,1,1,0
e16,67,e,1,1,1,0
e16,67,e,1,1,1,0
e16,67,e,1,1,1,0
e16,67,e,1,1,1,0
e16,67,e,1,1,1,0
e16,67,e,1,1,1,0
e16,67,e,1,1,1,0
e16,68,l,1,1,1,0
e16,68,l,1,1,1,0
e16,68,l,1,1,1,0
e16,68,l,1,1,1,0
e16,68,l,1,1,1,1
e16,68,l,1,1,1,1
e16,68,l,1,1,1,0
e16,68,l,1,1,1,0
e16,68,l,1,1,1,0
e16,68,l,1,1,1,1
e16,68,l,1,1,1,0
e16,68,l,1,1,1,0
e16,68,l,1,1,1,1
e16,68,l,1,1,1,0
e16,68,l,1,1,1,0
e16,68,l,1,1,1,1
e16,69,j,1,1,0,0
e16,69,j,1,1,0,0
e16,69,j,1,1,0,0
e16,69,j,1,1,0,0
e16,69,j,1,1,0,1
e16,69,j,1,1,0,0
e16,69,j,1,1,0,0
e16,69,j,1,1,0,0
e16,69,j,1,1,0,0
e16,69,j,1,1,0,0
e16,69,j,1,1,0,0
e16,69,j,1,1,0,1
e16,69,j,1,1,0,0
e16,69,j,1,1,0,0
e16,69,j,1,1,0,0
e16,69,j,1,1,0,0
e16,70,v,1,1,0,0
e16,70,v,1,1,0,0
e16,70,v,1,1,0,1
e16,70,v,1,1,0,1
e16,70,v,1,1,0,1
e16,70,v,1,1,0,0
e16,70,v,1,1,0,1
e16,70,v,1,1,0,0
e16,70,v,1,1,0,0
e16,70,v,1,1,0,0
e16,70,v,1,1,0,1
e16,70,v,1,1,0,0
e16,70,v,1,1,0,0
e16,70,v,1,1,0,1
e16,70,v,1,1,0,1
e16,70,v,1,1,0,0
e16,71,q,1,1,0,1
e16,71,q,1,1,0,0
e16,71,q,1,1,0,0
e16,71,q,1,1,0,1
e16,71,q,1,1,0,0
e16,71,q,1,1,0,0
e16,71,q,1,1,0,0
e16,71,q,1,1,0,0
e16,71,q,1,1,0,0
e16,71,q,1,1,0,0
e16,71,q,1,1,0,0
e16,71,q,1,1,0,0
e16,71,q,1,1,0,0
e16,71,q,1,1,0,0
e16,71,q,1,1,0,1
e16,71,q,1,1,0,0
e16,72,w,1,1,1,0
e16,72,w,1,1,1,1
e16,72,w,1,1,1,0
e16,72,w,1,1,1,1
e16,72,w,1,1,1,1
e16,72,w,1,1,1,0
e16,72,w,1,1,1,1
e16,72,w,1,1,1,1
e16,72,w,1,1,1,0
e16,72,w,1,1,1,0
e16,72,w,1,1,1,0
e16,72,w,1,1,1,0
e16,72,w,1,1,1,0
e16,72,w,1,1,1,0
e16,72,w,1,1,1,1
e16,72,w,1,1,1,0
e16,73,n,1,1,1,0
e16,73,n,1,1,1,1
e16,73,n,1,1,1,0
e16,73,n,1,1,1,0
e16,73,n,1,1,1,0
e16,73,n,1,1,1,1
e16,73,n,1,1,1,1
e16,73,n,1,1,1,0
e16,73,n,1,1,1,0
e16,73,n,1,1,1,1
e16,73,n,1,1,1,0
e16,73,n,1,1,1,0
e16,73,n,1,1,1,0
e16,73,n,1,1,1,0
e16,73,n,1,1,1,1
e16,73,n,1,1,1,1
e16,74,v,1,1,0,0
e16,74,v,1,1,0,0
e16,74,v,1,1,0,0
e16,74,v,1,1,0,0
e16,74,v,1,1,0,1
e16,74,v,1,1,0,0
e16,74,v,1,1,0,0
e16,74,v,1,1,0,0
e16,74,v,1,1,0,0
e16,74,v,1,1,0,0
e16,74,v,1,1,0,0
e16,74,v,1,1,0,0
e16,74,v,1,1,0,1
e16,74,v,1,1,0,0
e16,74,v,1,1,0,0
e16,74,v,1,1,0,0
e16,75,a,1,1,1,0
e16,75,a,1,1,1,1
e16,75,a,1,1,1,1
e16,75,a,1,1,1,0
e16,75,a,1,1,1,0
e16,75,a,1,1,1,1
e16,75,a,1,1,1,0
e16,75,a,1,1,1,0
e16,75,a,1,1,1,0
e16,75,a,1,1,1,0
e16,75,a,1,1,1,1
e16,75,a,1,1,1,1
e16,75,a,1,1,1,0
e16,75,a,1,1,1,0
e16,75,a,1,1,1,1
e16,75,a,1,1,1,1
e16,76,x,1,1,0,1
e16,76,x,1,1,0,0
e16,76,x,1,1,0,1
e16,76,x,1,1,0,1
e16,76,x,1,1,0,0
e16,76,x,1,1,0,0
e16,76,x,1,1,0,0
e16,76,x,1,1,0,0
e16,76,x,1,1,0,0
e16,76,x,1,1,0,0
e16,76,x,1,1,0,0
e16,76,x,1,1,0,0
e16,76,x,1,1,0,0
e16,76,x,1,1,0,0
e16,76,x,1,1,0,0
e16,76,x,1,1,0,0
e16,77,r,1,1,0,0
e16,77,r,1,1,0,1
e16,77,r,1,1,0,0
e16,77,r,1,1,0,1
e16,77,r,1,1,0,0
e16,77,r,1,1,0,0
e16,77,r,1,1,0,0
e16,77,r,1,1,0,0
e16,77,r,1,1,0,0
e16,77,r,1,1,0,1
e16,77,r,1,1,0,1
e16,77,r,1,1,0,0
e16,77,r,1,1,0,1
e16,77,r,1,1,0,0
e16,77,r,1,1,0,0
e16,77,r,1,1,0,0
e16,78,y,1,1,0,0
e16,78,y,1,1,0,0
e16,78,y,1,1,0,0
e16,78,y,1,1,0,0
e16,78,y,1,1,0,0
e16,78,y,1,1,0,0
e16,78,y,1,1,0,0
e16,78,y,1,1,0,0
e16,78,y,1,1,0,0
e16,78,y,1,1,0,0
e16,78,y,1,1,0,1
e16,78,y,1,1,0,0
e16,78,y,1,1,0,0
e16,78,y,1,1,0,0
e16,78,y,1,1,0,0
e16,78,y,1,1,0,1
e16,79,d,1,1,1,0
e16,79,d,1,1,1,1
e16,79,d,1,1,1,0
e16,79,d,1,1,1,0
e16,79,d,1,1,1,0
e16,79,d,1,1,1,0
e16,79,d,1,1,1,0
e16,79,d,1,1,1,0
e16,79,d,1,1,1,1
e16,79,d,1,1,1,1
e16,79,d,1,1,1,0
e16,79,d,1,1,1,0
e16,79,d,1,1,1,1
e16,79,d,1,1,1,0
e16,79,d,1,1,1,0
e16,79,d,1,1,1,0
e16,80,i,1,1,1,0
e16,80,i,1,1,1,0
e16,80,i,1,1,1,0
e16,80,i,1,1,1,0
e16,80,i,1,1,1,1
e16,80,i,1,1,1,1
e16,80,i,1,1,1,0
e16,80,i,1,1,1,0
e16,80,i,1,1,1,0
e16,80,i,1,1,1,1
e16,80,i,1,1,1,1
e16,80,i,1,1,1,0
e16,80,i,1,1,1,0
e16,80,i,1,1,1,0
e16,80,i,1,1,1,0
e16,80,i,1,1,1,0
e16,81,e,1,1,1,1
e16,81,e,1,1,1,1
e16,81,e,1,1,1,0
e16,81,e,1,1,1,1
e16,81,e,1,1,1,0
e16,81,e,1,1,1,1
e16,81,e,1,1,1,1
e16,81,e,1,1,1,0
e16,81,e,1,1,1,1
e16,81,e,1,1,1,0
e16,81,e,1,1,1,1
e16,81,e,1,1,1,0
e16,81,e,1,1,1,1
e16,81,e,1,1,1,1
e16,81,e,1,1,1,1
e16,81,e,1,1,1,0
e16,82,m,1,1,1,1
e16,82,m,1,1,1,1
e16,82,m,1,1,1,0
e16,82,m,1,1,1,1
e16,82,m,1,1,1,1
e16,82,m,1,1,1,1
e16,82,m,1,1,1,1
e16,82,m,1,1,1,1
e16,82,m,1,1,1,1
e16,82,m,1,1,1,1
e16,82,m,1,1,1,1
e16,82,m,1,1,1,0
e16,82,m,1,1,1,1
e16,82,m,1,1,1,1
e16,82,m,1,1,1,1
e16,82,m,1,1,1,0
e16,83,d,1,1,1,0
e16,83,d,1,1,1,0
e16,83,d,1,1,1,0
e16,83,d,1,1,1,0
e16,83,d,1,1,1,0
e16,83,d,1,1,1,0
e16,83,d,1,1,1,0
e16,83,d,1,1,1,0
e16,83,d,1,1,1,0
e16,83,d,1,1,1,1
e16,83,d,1,1,1,0
e16,83,d,1,1,1,1
e16,83,d,1,1,1,0
e16,83,d,1,1,1,0
e16,83,d,1,1,1,0
e16,83,d,1,1,1,1
e16,84,u,1,1,0,1
e16,84,u,1,1,0,1
e16,84,u,1,1,0,1
e16,84,u,1,1,0,1
e16,84,u,1,1,0,1
e16,84,u,1,1,0,0
e16,84,u,1,1,0,1
e16,84,u,1,1,0,0
e16,84,u,1,1,0,0
e16,84,u,1,1,0,1
e16,84,u,1,1,0,1
e16,84,u,1,1,0,0
e16,84,u,1,1,0,1
e16,84,u,1,1,0,0
e16,84,u,1,1,0,0
e16,84,u,1,1,0,1
e16,85,y,1,1,0,0
e16,85,y,1,1,0,0
e16,85,y,1,1,0,1
e16,85,y,1,1,0,0
e16,85,y,1,1,0,1
e16,85,y,1,1,0,0
e16,85,y,1,1,0,0
e16,85,y,1,1,0,0
e16,85,y,1,1,0,0
e16,85,y,1,1,0,1
e16,85,y,1,1,0,1
e16,85,y,1,1,0,0
e16,85,y,1,1,0,1
e16,85,y,1,1,0,1
e16,85,y,1,1,0,1
e16,85,y,1,1,0,1
e16,86,n,1,1,0,0
e16,86,n,1,1,0,0
e16,86,n,1,1,0,0
e16,86,n,1,1,0,0
e16,86,n,1,1,0,0
e16,86,n,1,1,0,0
e16,86,n,1,1,0,1
e16,86,n,1,1,0,0
e16,86,n,1,1,0,0
e16,86,n,1,1,0,0
e16,86,n,1,1,0,0
e16,86,n,1,1,0,0
e16,86,n,1,1,0,0
e16,86,n,1,1,0,0
e16,86,n,1,1,0,1
e16,86,n,1,1,0,0
e16,87,t,1,1,0,0
e16,87,t,1,1,0,0
e16,87,t,1,1,0,0
e16,87,t,1,1,0,0
e16,87,t,1,1,0,0
e16,87,t,1,1,0,0
e16,87,t,1,1,0,0
e16,87,t,1,1,0,0
e16,87,t,1,1,0,0
e16,87,t,1,1,0,1
e16,87,t,1,1,0,0
e16,87,t,1,1,0,0
e16,87,t,1,1,0,1
e16,87,t,1,1,0,1
e16,87,t,1,1,0,1
e16,87,t,1,1,0,0
e16,88,k,1,1,1,1
e16,88,k,1,1,1,0
e16,88,k,1,1,1,0
e16,88,k,1,1,1,0
e16,88,k,1,1,1,0
e16,88,k,1,1,1,0
e16,88,k,1,1,1,0
e16,88,k,1,1,1,0
e16,88,k,1,1,1,0
e16,88,k,1,1,1,1
e16,88,k,1,1,1,0
e16,88,k,1,1,1,1
e16,88,k,1,1,1,1
e16,88,k,1,1,1,0
e16,88,k,1,1,1,0
e16,88,k,1,1,1,1
e16,89,s,1,1,1,0
e16,89,s,1,1,1,1
e16,89,s,1,1,1,1
e16,89,s,1,1,1,0
e16,89,s,1,1,1,0
e16,89,s,1,1,1,0
e16,89,s,1,1,1,0
e16,89,s,1,1,1,0
e16,89,s,1,1,1,0
e16,89,s,1,1,1,1
e16,89,s,1,1,1,0
e16,89,s,1,1,1,1
e16,89,s,1,1,1,1
e16,89,s,1,1,1,0
e16,89,s,1,1,1,0
e16,89,s,1,1,1,0
e16,90,v,1,1,0,0
e16,90,v,1,1,0,0
e16,90,v,1,1,0,0
e16,90,v,1,1,0,0
e16,90,v,1,1,0,0
e16,90,v,1,1,0,0
e16,90,v,1,1,0,0
e16,90,v,1,1,0,1
e16,90,v,1,1,0,0
e16,90,v,1,1,0,1
e16,90,v,1,1,0,0
e16,90,v,1,1,0,0
e16,90,v,1,1,0,1
e16,90,v,1,1,0,0
e16,90,v,1,1,0,0
e16,90,v,1,1,0,0
e16,91,u,1,1,0,0
e16,91,u,1,1,0,1
e16,91,u,1,1,0,0
e16,91,u,1,1,0,0
e16,91,u,1,1,0,1
e16,91,u,1,1,0,0
e16,91,u,1,1,0,0
e16,91,u,1,1,0,0
e16,91,u,1,1,0,1
e16,91,u,1,1,0,0
e16,91,u,1,1,0,0
e16,91,u,1,1,0,1
e16,91,u,1,1,0,0
e16,91,u,1,1,0,0
e16,91,u,1,1,0,0
e16,91,u,1,1,0,0
e16,92,p,1,1,0,0
e16,92,p,1,1,0,0
e16,92,p,1,1,0,0
e16,92,p,1,1,0,0
e16,92,p,1,1,0,0
e16,92,p,1,1,0,0
e16,92,p,1,1,0,0
e16,92,p,1,1,0,1
e16,92,p,1,1,0,0
e16,92,p,1,1,0,1
e16,92,p,1,1,0,0
e16,92,p,1,1,0,0
e16,92,p,1,1,0,0
e16,92,p,1,1,0,0
e16,92,p,1,1,0,0
e16,92,p,1,1,0,0
e16,93,j,1,1,0,0
e16,93,j,1,1,0,0
e16,93,j,1,1,0,0
e16,93,j,1,1,0,1
e16,93,j,1,1,0,0
e16,93,j,1,1,0,0
e16,93,j,1,1,0,0
e16,93,j,1,1,0,0
e16,93,j,1,1,0,0
e16,93,j,1,1,0,0
e16,93,j,1,1,0,0
e16,93,j,1,1,0,0
e16,93,j,1,1,0,1
e16,93,j,1,1,0,0
e16,93,j,1,1,0,0
e16,93,j,1,1,0,1
e16,94,w,1,1,1,0
e16,94,w,1,1,1,1
e16,94,w,1,1,1,0
e16,94,w,1,1,1,1
e16,94,w,1,1,1,0
e16,94,w,1,1,1,1
e16,94,w,1,1,1,0
e16,94,w,1,1,1,1
e16,94,w,1,1,1,0
e16,94,w,1,1,1,0
e16,94,w,1,1,1,0
e16,94,w,1,1,1,1
e16,94,w,1,1,1,0
e16,94,w,1,1,1,1
e16,94,w,1,1,1,0
e16,94,w,1,1,1,0
e16,95,v,1,1,1,0
e16,95,v,1,1,1,0
e16,95,v,1,1,1,0
e16,95,v,1,1,1,1
e16,95,v,1,1,1,0
e16,95,v,1,1,1,1
e16,95,v,1,1,1,0
e16,95,v,1,1,1,0
e16,95,v,1,1,1,1
e16,95,v,1,1,1,1
e16,95,v,1,1,1,0
e16,95,v,1,1,1,0
e16,95,v,1,1,1,1
e16,95,v,1,1,1,0
e16,95,v,1,1,1,0
e16,95,v,1,1,1,0
e16,96,n,1,1,0,0
e16,96,n,1,1,0,1
e16,96,n,1,1,0,1
e16,96,n,1,1,0,0
e16,96,n,1,1,0,1
e16,96,n,1,1,0,0
e16,96,n,1,1,0,0
e16,96,n,1,1,0,1
e16,96,n,1,1,0,0
e16,96,n,1,1,0,1
e16,96,n,1,1,0,1
e16,96,n,1,1,0,1
e16,96,n,1,1,0,0
e16,96,n,1,1,0,0
e16,96,n,1,1,0,0
e16,96,n,1,1,0,0
e16,97,p,1,1,1,1
e16,97,p,1,1,1,0
e16,97,p,1,1,1,1
e16,97,p,1,1,1,0
e16,97,p,1,1,1,1
e16,97,p,1,1,1,1
e16,97,p,1,1,1,1
e16,97,p,1,1,1,0
e16,97,p,1,1,1,0
e16,97,p,1,1,1,0
e16,97,p,1,1,1,1
e16,97,p,1,1,1,1
e16,97,p,1,1,1,0
e16,97,p,1,1,1,1
e16,97,p,1,1,1,1
e16,97,p,1,1,1,0
e16,98,l,1,1,0,1
e16,98,l,1,1,0,0
e16,98,l,1,1,0,1
e16,98,l,1,1,0,0
e16,98,l,1,1,0,1
e16,98,l,1,1,0,0
e16,98,l,1,1,0,0
e16,98,l,1,1,0,0
e16,98,l,1,1,0,0
e16,98,l,1,1,0,0
e16,98,l,1,1,0,1
e16,98,l,1,1,0,1
e16,98,l,1,1,0,0
e16,98,l,1,1,0,0
e16,98,l,1,1,0,1
e16,98,l,1,1,0,0
e16,99,m,1,1,1,0
e16,99,m,1,1,1,0
e16,99,m,1,1,1,0
e16,99,m,1,1,1,0
e16,99,m,1,1,1,0
e16,99,m,1,1,1,0
e16,99,m,1,1,1,1
e16,99,m,1,1,1,1
e16,99,m,1,1,1,0
e16,99,m,1,1,1,0
e16,99,m,1,1,1,0
e16,99,m,1,1,1,0
e16,99,m,1,1,1,0
e16,99,m,1,1,1,0
e16,99,m,1,1,1,0
e16,99,m,1,1,1,0
e16,100,c,1,1,1,0
e16,100,c,1,1,1,0
e16,100,c,1,1,1,1
e16,100,c,1,1,1,1
e16,100,c,1,1,1,0
e16,100,c,1,1,1,0
e16,100,c,1,1,1,0
e16,100,c,1,1,1,0
e16,100,c,1,1,1,1
e16,100,c,1,1,1,0
e16,100,c,1,1,1,1
e16,100,c,1,1,1,0
e16,100,c,1,1,1,1
e16,100,c,1,1,1,0
e16,100,c,1,1,1,1
e16,100,c,1,1,1,0
e16,101,v,1,1,1,1
e16,101,v,1,1,1,0
e16,101,v,1,1,1,1
e16,101,v,1,1,1,0
e16,101,v,1,1,1,0
e16,101,v,1,1,1,1
e16,101,v,1,1,1,1
e16,101,v,1,1,1,0
e16,101,v,1,1,1,0
e16,101,v,1,1,1,1
e16,101,v,1,1,1,0
e16,101,v,1,1,1,1
e16,101,v,1,1,1,1
e16,101,v,1,1,1,0
e16,101,v,1,1,1,1
e16,101,v,1,1,1,1
e16,102,q,1,1,1,0
e16,102,q,1,1,1,0
e16,102,q,1,1,1,0
e16,102,q,1,1,1,0
e16,102,q,1,1,1,0
e16,102,q,1,1,1,0
e16,102,q,1,1,1,0
e16,102,q,1,1,1,1
e16,102,q,1,1,1,1
e16,102,q,1,1,1,0
e16,102,q,1,1,1,0
e16,102,q,1,1,1,0
e16,102,q,1,1,1,0
e16,102,q,1,1,1,1
e16,102,q,1,1,1,0
e16,102,q,1,1,1,0
e16,103,k,1,1,1,0
e16,103,k,1,1,1,0
e16,103,k,1,1,1,0
e16,103,k,1,1,1,1
e16,103,k,1,1,1,0
e16,103,k,1,1,1,0
e16,103,k,1,1,1,0
e16,103,k,1,1,1,0
e16,103,k,1,1,1,0
e16,103,k,1,1,1,0
e16,103,k,1,1,1,0
e16,103,k,1,1,1,0
e16,103,k,1,1,1,0
e16,103,k,1,1,1,0
e16,103,k,1,1,1,1
e16,103,k,1,1,1,0
e16,104,y,1,1,0,0
e16,104,y,1,1,0,0
e16,104,y,1,1,0,0
e16,104,y,1,1,0,0
e16,104,y,1,1,0,1
e16,104,y,1,1,0,0
e16,104,y,1,1,0,0
e16,104,y,1,1,0,0
e16,104,y,1,1,0,0
e16,104,y,1,1,0,0
e16,104,y,1,1,0,0
e16,104,y,1,1,0,0
e16,104,y,1,1,0,0
e16,104,y,1,1,0,1
e16,104,y,1,1,0,0
e16,104,y,1,1,0,1
e16,105,t,1,1,1,0
e16,105,t,1,1,1,1
e16,105,t,1,1,1,1
e16,105,t,1,1,1,0
e16,105,t,1,1,1,0
e16,105,t,1,1,1,0
e16,105,t,1,1,1,1
e16,105,t,1,1,1,1
e16,105,t,1,1,1,1
e16,105,t,1,1,1,1
e16,105,t,1,1,1,0
e16,105,t,1,1,1,0
e16,105,t,1,1,1,0
e16,105,t,1,1,1,0
e16,105,t,1,1,1,1
e16,105,t,1,1,1,1
e16,106,b,1,1,0,1
e16,106,b,1,1,0,0
e16,106,b,1,1,0,0
e16,106,b,1,1,0,0
e16,106,b,1,1,0,1
e16,106,b,1,1,0,1
e16,106,b,1,1,0,0
e16,106,b,1,1,0,0
e16,106,b,1,1,0,0
e16,106,b,1,1,0,1
e16,106,b,1,1,0,0
e16,106,b,1,1,0,0
e16,106,b,1,1,0,0
e16,106,b,1,1,0,0
e16,106,b,1,1,0,0
e16,106,b,1,1,0,0
e16,107,u,1,1,0,0
e16,107,u,1,1,0,1
e16,107,u,1,1,0,1
e16,107,u,1,1,0,0
e16,107,u,1,1,0,1
e16,107,u,1,1,0,1
e16,107,u,1,1,0,1
e16,107,u,1,1,0,0
e16,107,u,1,1,0,1
e16,107,u,1,1,0,0
e16,107,u,1,1,0,0
e16,107,u,1,1,0,0
e16,107,u,1,1,0,0
e16,107,u,1,1,0,0
e16,107,u,1,1,0,0
e16,107,u,1,1,0,1
e16,108,p,1,1,0,1
e16,108,p,1,1,0,0
e16,108,p,1,1,0,0
e16,108,p,1,1,0,1
e16,108,p,1,1,0,1
e16,108,p,1,1,0,1
e16,108,p,1,1,0,1
e16,108,p,1,1,0,0
e16,108,p,1,1,0,1
e16,108,p,1,1,0,0
e16,108,p,1,1,0,0
e16,108,p,1,1,0,0
e16,108,p,1,1,0,0
e16,108,p,1,1,0,1
e16,108,p,1,1,0,1
e16,108,p,1,1,0,0
e16,109,s,1,1,0,0
e16,109,s,1,1,0,0
e16,109,s,1,1,0,0
e16,109,s,1,1,0,1
e16,109,s,1,1,0,0
e16,109,s,1,1,0,0
e16,109,s,1,1,0,0
e16,109,s,1,1,0,0
e16,109,s,1,1,0,1
e16,109,s,1,1,0,0
e16,109,s,1,1,0,1
e16,109,s,1,1,0,0
e16,109,s,1,1,0,1
e16,109,s,1,1,0,1
e16,109,s,1,1,0,0
e16,109,s,1,1,0,1
e16,110,f,1,1,1,0
e16,110,f,1,1,1,0
e16,110,f,1,1,1,0
e16,110,f,1,1,1,0
e16,110,f,1,1,1,0
e16,110,f,1,1,1,0
e16,110,f,1,1,1,0
e16,110,f,1,1,1,0
e16,110,f,1,1,1,0
e16,110,f,1,1,1,0
e16,110,f,1,1,1,0
e16,110,f,1,1,1,0
e16,110,f,1,1,1,0
e16,110,f,1,1,1,0
e16,110,f,1,1,1,0
e16,110,f,1,1,1,0
e16,111,x,1,1,0,0
e16,111,x,1,1,0,0
e16,111,x,1,1,0,1
e16,111,x,1,1,0,0
e16,111,x,1,1,0,1
e16,111,x,1,1,0,1
e16,111,x,1,1,0,0
e16,111,x,1,1,0,1
e16,111,x,1,1,0,0
e16,111,x,1,1,0,0
e16,111,x,1,1,0,0
e16,111,x,1,1,0,1
e16,111,x,1,1,0,0
e16,111,x,1,1,0,0
e16,111,x,1,1,0,0
e16,111,x,1,1,0,0
e16,112,n,1,1,0,0
e16,112,n,1,1,0,0
e16,112,n,1,1,0,0
e16,112,n,1,1,0,0
e16,112,n,1,1,0,1
e16,112,n,1,1,0,0
e16,112,n,1,1,0,0
e16,112,n,1,1,0,1
e16,112,n,1,1,0,1
e16,112,n,1,1,0,0
e16,112,n,1,1,0,0
e16,112,n,1,1,0,0
e16,112,n,1,1,0,0
e16,112,n,1,1,0,1
e16,112,n,1,1,0,1
e16,112,n,1,1,0,0
e16,113,q,1,1,0,0
e16,113,q,1,1,0,0
e16,113,q,1,1,0,1
e16,113,q,1,1,0,1
e16,113,q,1,1,0,0
e16,113,q,1,1,0,0
e16,113,q,1,1,0,1
e16,113,q,1,1,0,0
e16,113,q,1,1,0,0
e16,113,q,1,1,0,0
e16,113,q,1,1,0,1
e16,113,q,1,1,0,0
e16,113,q,1,1,0,1
e16,113,q,1,1,0,1
e16,113,q,1,1,0,0
e16,113,q,1,1,0,1
e16,114,u,1,1,1,0
e16,114,u,1,1,1,0
e16,114,u,1,1,1,0
e16,114,u,1,1,1,0
e16,114,u,1,1,1,0
e16,114,u,1,1,1,0
e16,114,u,1,1,1,0
e16,114,u,1,1,1,0
e16,114,u,1,1,1,1
e16,114,u,1,1,1,0
e16,114,u,1,1,1,0
e16,114,u,1,1,1,0
e16,114,u,1,1,1,0
e16,114,u,1,1,1,0
e16,114,u,1,1,1,0
e16,114,u,1,1,1,0
e16,115,k,1,1,0,0
e16,115,k,1,1,0,1
e16,115,k,1,1,0,0
e16,115,k,1,1,0,1
e16,115,k,1,1,0,1
e16,115,k,1,1,0,0
e16,115,k,1,1,0,1
e16,115,k,1,1,0,1
e16,115,k,1,1,0,1
e16,115,k,1,1,0,1
e16,115,k,1,1,0,0
e16,115,k,1,1,0,0
e16,115,k,1,1,0,0
e16,115,k,1,1,0,0
e16,115,k,1,1,0,0
e16,115,k,1,1,0,0
e16,116,i,1,1,0,0
e16,116,i,1,1,0,0
e16,116,i,1,1,0,1
e16,116,i,1,1,0,0
e16,116,i,1,1,0,0
e16,116,i,1,1,0,0
e16,116,i,1,1,0,1
e16,116,i,1,1,0,0
e16,116,i,1,1,0,1
e16,116,i,1,1,0,0
e16,116,i,1,1,0,0
e16,116,i,1,1,0,0
e16,116,i,1,1,0,1
e16,116,i,1,1,0,1
e16,116,i,1,1,0,0
e16,116,i,1,1,0,0
e16,117,h,1,1,0,1
e16,117,h,1,1,0,0
e16,117,h,1,1,0,0
e16,117,h,1,1,0,0
e16,117,h,1,1,0,1
e16,117,h,1,1,0,1
e16,117,h,1,1,0,1
e16,117,h,1,1,0,0
e16,117,h,1,1,0,0
e16,117,h,1,1,0,1
e16,117,h,1,1,0,1
e16,117,h,1,1,0,0
e16,117,h,1,1,0,1
e16,117,h,1,1,0,1
e16,117,h,1,1,0,0
e16,117,h,1,1,0,1
e16,118,n,1,1,0,0
e16,118,n,1,1,0,0
e16,118,n,1,1,0,0
e16,118,n,1,1,0,0
e16,118,n,1,1,0,0
e16,118,n,1,1,0,0
e16,118,n,1,1,0,0
e16,118,n,1,1,0,0
e16,118,n,1,1,0,1
e16,118,n,1,1,0,0
e16,118,n,1,1,0,0
e16,118,n,1,1,0,0
e16,118,n,1,1,0,0
e16,118,n,1,1,0,1
e16,118,n,1,1,0,1
e16,118,n,1,1,0,1
e16,119,t,1,1,0,1
e16,119,t,1,1,0,0
e16,119,t,1,1,0,1
e16,119,t,1,1,0,1
e16,119,t,1,1,0,0
e16,119,t,1,1,0,0
e16,119,t,1,1,0,0
e16,119,t,1,1,0,1
e16,119,t,1,1,0,1
e16,119,t,1,1,0,1
e16,119,t,1,1,0,0
e16,119,t,1,1,0,1
e16,119,t,1,1,0,1
e16,119,t,1,1,0,0
e16,119,t,1,1,0,0
e16,119,t,1,1,0,1
e16,120,k,1,1,0,0
e16,120,k,1,1,0,0
e16,120,k,1,1,0,0
e16,120,k,1,1,0,0
e16,120,k,1,1,0,1
e16,120,k,1,1,0,1
e16,120,k,1,1,0,0
e16,120,k,1,1,0,0
e16,120,k,1,1,0,0
e16,120,k,1,1,0,0
e16,120,k,1,1,0,0
e16,120,k,1,1,0,0
e16,120,k,1,1,0,0
e16,120,k,1,1,0,0
e16,120,k,1,1,0,1
e16,120,k,1,1,0,0
e16,121,b,1,1,1,1
e16,121,b,1,1,1,1
e16,121,b,1,1,1,0
e16,121,b,1,1,1,1
e16,121,b,1,1,1,1
e16,121,b,1,1,1,1
e16,121,b,1,1,1,0
e16,121,b,1,1,1,0
e16,121,b,1,1,1,0
e16,121,b,1,1,1,0
e16,121,b,1,1,1,0
e16,121,b,1,1,1,0
e16,121,b,1,1,1,0
e16,121,b,1,1,1,1
e16,121,b,1,1,1,0
e16,121,b,1,1,1,0
e16,122,j,1,1,0,1
e16,122,j,1,1,0,1
e16,122,j,1,1,0,1
e16,122,j,1,1,0,1
e16,122,j,1,1,0,1
e16,122,j,1,1,0,0
e16,122,j,1,1,0,1
e16,122,j,1,1,0,0
e16,122,j,1,1,0,1
e16,122,j,1,1,0,1
e16,122,j,1,1,0,0
e16,122,j,1,1,0,1
e16,122,j,1,1,0,0
e16,122,j,1,1,0,1
e16,122,j,1,1,0,1
e16,122,j,1,1,0,0
e16,123,l,1,1,0,0
e16,123,l,1,1,0,0
e16,123,l,1,1,0,0
e16,123,l,1,1,0,1
e16,123,l,1,1,0,1
e16,123,l,1,1,0,0
e16,123,l,1,1,0,0
e16,123,l,1,1,0,0
e16,123,l,1,1,0,0
e16,123,l,1,1,0,0
e16,123,l,1,1,0,0
e16,123,l,1,1,0,0
e16,123,l,1,1,0,1
e16,123,l,1,1,0,0
e16,123,l,1,1,0,0
e16,123,l,1,1,0,0
e16,124,f,1,1,0,1
e16,124,f,1,1,0,0
e16,124,f,1,1,0,0
e16,124,f,1,1,0,1
e16,124,f,1,1,0,1
e16,124,f,1,1,0,0
e16,124,f,1,1,0,1
e16,124,f,1,1,0,0
e16,124,f,1,1,0,0
e16,124,f,1,1,0,1
e16,124,f,1,1,0,0
e16,124,f,1,1,0,1
e16,124,f,1,1,0,0
e16,124,f,1,1,0,0
e16,124,f,1,1,0,0
e16,124,f,1,1,0,0
e16,125,i,1,1,1,1
e16,125,i,1,1,1,0
e16,125,i,1,1,1,0
e16,125,i,1,1,1,0
e16,125,i,1,1,1,1
e16,125,i,1,1,1,1
e16,125,i,1,1,1,0
e16,125,i,1,1,1,0
e16,125,i,1,1,1,1
e16,125,i,1,1,1,1
e16,125,i,1,1,1,1
e16,125,i,1,1,1,0
e16,125,i,1,1,1,0
e16,125,i,1,1,1,0
e16,125,i,1,1,1,0
e16,125,i,1,1,1,0
e16,126,b,1,1,1,1
e16,126,b,1,1,1,0
e16,126,b,1,1,1,0
e16,126,b,1,1,1,0
e16,126,b,1,1,1,1
e16,126,b,1,1,1,1
e16,126,b,1,1,1,0
e16,126,b,1,1,1,0
e16,126,b,1,1,1,0
e16,126,b,1,1,1,0
e16,126,b,1,1,1,0
e16,126,b,1,1,1,1
e16,126,b,1,1,1,1
e16,126,b,1,1,1,1
e16,126,b,1,1,1,0
e16,126,b,1,1,1,0
e16,127,y,1,1,0,1
e16,127,y,1,1,0,0
e16,127,y,1,1,0,0
e16,127,y,1,1,0,1
e16,127,y,1,1,0,0
e16,127,y,1,1,0,1
e16,127,y,1,1,0,1
e16,127,y,1,1,0,0
e16,127,y,1,1,0,0
e16,127,y,1,1,0,0
e16,127,y,1,1,0,1
e16,127,y,1,1,0,1
e16,127,y,1,1,0,0
e16,127,y,1,1,0,1
e16,127,y,1,1,0,1
e16,127,y,1,1,0,1
e16,128,k,1,1,0,0
e16,128,k,1,1,0,0
e16,128,k,1,1,0,0
e16,128,k,1,1,0,0
e16,128,k,1,1,0,0
e16,128,k,1,1,0,0
e16,128,k,1,1,0,0
e16,128,k,1,1,0,0
e16,128,k,1,1,0,0
e16,128,k,1,1,0,0
e16,128,k,1,1,0,1
e16,128,k,1,1,0,1
e16,128,k,1,1,0,0
e16,128,k,1,1,0,0
e16,128,k,1,1,0,0
e16,128,k,1,1,0,0
e16,129,k,1,1,1,1
e16,129,k,1,1,1,0
e16,129,k,1,1,1,1
e16,129,k,1,1,1,0
e16,129,k,1,1,1,0
e16,129,k,1,1,1,1
e16,129,k,1,1,1,1
e16,129,k,1,1,1,0
e16,129,k,1,1,1,1
e16,129,k,1,1,1,1
e16,129,k,1,1,1,0
e16,129,k,1,1,1,1
e16,129,k,1,1,1,1
e16,129,k,1,1,1,1
e16,129,k,1,1,1,1
e16,129,k,1,1,1,0
e16,130,b,1,1,1,1
e16,130,b,1,1,1,1
e16,130,b,1,1,1,1
e16,130,b,1,1,1,1
e16,130,b,1,1,1,1
e16,130,b,1,1,1,1
e16,130,b,1,1,1,1
e16,130,b,1,1,1,1
e16,130,b,1,1,1,1
e16,130,b,1,1,1,1
e16,130,b,1,1,1,0
e16,130,b,1,1,1,0
e16,130,b,1,1,1,1
e16,130,b,1,1,1,0
e16,130,b,1,1,1,1
e16,130,b,1,1,1,1
e16,131,n,1,1,1,1
e16,131,n,1,1,1,0
e16,131,n,1,1,1,0
e16,131,n,1,1,1,0
e16,131,n,1,1,1,0
e16,131,n,1,1,1,0
e16,131,n,1,1,1,1
e16,131,n,1,1,1,0
e16,131,n,1,1,1,0
e16,131,n,1,1,1,0
e16,131,n,1,1,1,0
e16,131,n,1,1,1,0
e16,131,n,1,1,1,0
e16,131,n,1,1,1,1
e16,131,n,1,1,1,0
e16,131,n,1,1,1,0
e16,132,u,1,1,0,1
e16,132,u,1,1,0,0
e16,132,u,1,1,0,0
e16,132,u,1,1,0,0
e16,132,u,1,1,0,1
e16,132,u,1,1,0,0
e16,132,u,1,1,0,0
e16,132,u,1,1,0,0
e16,132,u,1,1,0,0
e16,132,u,1,1,0,0
e16,132,u,1,1,0,0
e16,132,u,1,1,0,0
e16,132,u,1,1,0,0
e16,132,u,1,1,0,1
e16,132,u,1,1,0,0
e16,132,u,1,1,0,1
e16,133,l,1,1,1,0
e16,133,l,1,1,1,0
e16,133,l,1,1,1,1
e16,133,l,1,1,1,0
e16,133,l,1,1,1,0
e16,133,l,1,1,1,0
e16,133,l,1,1,1,1
e16,133,l,1,1,1,1
e16,133,l,1,1,1,0
e16,133,l,1,1,1,0
e16,133,l,1,1,1,1
e16,133,l,1,1,1,1
e16,133,l,1,1,1,1
e16,133,l,1,1,1,1
e16,133,l,1,1,1,1
e16,133,l,1,1,1,1
e16,134,w,1,1,0,1
e16,134,w,1,1,0,0
e16,134,w,1,1,0,1
e16,134,w,1,1,0,1
e16,134,w,1,1,0,1
e16,134,w,1,1,0,0
e16,134,w,1,1,0,1
e16,134,w,1,1,0,0
e16,134,w,1,1,0,0
e16,134,w,1,1,0,0
e16,134,w,1,1,0,1
e16,134,w,1,1,0,0
e16,134,w,1,1,0,1
e16,134,w,1,1,0,1
e16,134,w,1,1,0,1
e16,134,w,1,1,0,1
e16,135,p,1,1,0,1
e16,135,p,1,1,0,1
e16,135,p,1,1,0,0
e16,135,p,1,1,0,0
e16,135,p,1,1,0,1
e16,135,p,1,1,0,0
e16,135,p,1,1,0,0
e16,135,p,1,1,0,1
e16,135,p,1,1,0,0
e16,135,p,1,1,0,1
e16,135,p,1,1,0,0
e16,135,p,1,1,0,1
e16,135,p,1,1,0,1
e16,135,p,1,1,0,0
e16,135,p,1,1,0,0
e16,135,p,1,1,0,0
e16,136,c,1,1,1,1
e16,136,c,1,1,1,0
e16,136,c,1,1,1,0
e16,136,c,1,1,1,0
e16,136,c,1,1,1,0
e16,136,c,1,1,1,0
e16,136,c,1,1,1,0
e16,136,c,1,1,1,0
e16,136,c,1,1,1,0
e16,136,c,1,1,1,0
e16,136,c,1,1,1,0
e16,136,c,1,1,1,0
e16,136,c,1,1,1,1
e16,136,c,1,1,1,0
e16,136,c,1,1,1,0
e16,136,c,1,1,1,0
e16,137,d,1,1,1,0
e16,137,d,1,1,1,1
e16,137,d,1,1,1,0
e16,137,d,1,1,1,1
e16,137,d,1,1,1,1
e16,137,d,1,1,1,1
e16,137,d,1,1,1,1
e16,137,d,1,1,1,1
e16,137,d,1,1,1,1
e16,137,d,1,1,1,1
e16,137,d,1,1,1,0
e16,137,d,1,1,1,0
e16,137,d,1,1,1,1
e16,137,d,1,1,1,1
e16,137,d,1,1,1,1
e16,137,d,1,1,1,1
e16,138,b,1,1,0,0
e16,138,b,1,1,0,0
e16,138,b,1,1,0,0
e16,138,b,1,1,0,0
e16,138,b,1,1,0,0
e16,138,b,1,1,0,0
e16,138,b,1,1,0,0
e16,138,b,1,1,0,0
e16,138,b,1,1,0,0
e16,138,b,1,1,0,1
e16,138,b,1,1,0,0
e16,138,b,1,1,0,0
e16,138,b,1,1,0,0
e16,138,b,1,1,0,0
e16,138,b,1,1,0,0
e16,138,b,1,1,0,0
e16,139,b,1,1,1,0
e16,139,b,1,1,1,0
e16,139,b,1,1,1,0
e16,139,b,1,1,1,1
e16,139,b,1,1,1,1
e16,139,b,1,1,1,0
e16,139,b,1,1,1,1
e16,139,b,1,1,1,0
e16,139,b,1,1,1,1
e16,139,b,1,1,1,0
e16,139,b,1,1,1,1
e16,139,b,1,1,1,1
e16,139,b,1,1,1,1
e16,139,b,1,1,1,1
e16,139,b,1,1,1,0
e16,139,b,1,1,1,1
e16,140,p,1,1,0,1
e16,140,p,1,1,0,0
e16,140,p,1,1,0,0
e16,140,p,1,1,0,1
e16,140,p,1,1,0,1
e16,140,p,1,1,0,1
e16,140,p,1,1,0,1
e16,140,p,1,1,0,1
e16,140,p,1,1,0,1
e16,140,p,1,1,0,1
e16,140,p,1,1,0,1
e16,140,p,1,1,0,1
e16,140,p,1,1,0,1
e16,140,p,1,1,0,1
e16,140,p,1,1,0,1
e16,140,p,1,1,0,1
e16,141,s,1,1,0,0
e16,141,s,1,1,0,1
e16,141,s,1,1,0,0
e16,141,s,1,1,0,0
e16,141,s,1,1,0,1
e16,141,s,1,1,0,1
e16,141,s,1,1,0,0
e16,141,s,1,1,0,0
e16,141,s,1,1,0,0
e16,141,s,1,1,0,1
e16,141,s,1,1,0,0
e16,141,s,1,1,0,0
e16,141,s,1,1,0,0
e16,141,s,1,1,0,0
e16,141,s,1,1,0,0
e16,141,s,1,1,0,0
e16,142,j,1,1,1,1
e16,142,j,1,1,1,0
e16,142,j,1,1,1,0
e16,142,j,1,1,1,0
e16,142,j,1,1,1,0
e16,142,j,1,1,1,0
e16,142,j,1,1,1,0
e16,142,j,1,1,1,0
e16,142,j,1,1,1,0
e16,142,j,1,1,1,0
e16,142,j,1,1,1,0
e16,142,j,1,1,1,1
e16,142,j,1,1,1,0
e16,142,j,1,1,1,1
e16,142,j,1,1,1,0
e16,142,j,1,1,1,1
e16,143,k,1,1,0,0
e16,143,k,1,1,0,1
e16,143,k,1,1,0,1
e16,143,k,1,1,0,0
e16,143,k,1,1,0,1
e16,143,k,1,1,0,1
e16,143,k,1,1,0,0
e16,143,k,1,1,0,0
e16,143,k,1,1,0,0
e16,143,k,1,1,0,0
e16,143,k,1,1,0,1
e16,143,k,1,1,0,0
e16,143,k,1,1,0,0
e16,143,k,1,1,0,1
e16,143,k,1,1,0,0
e16,143,k,1,1,0,1
e16,144,j,1,1,1,1
e16,144,j,1,1,1,0
e16,144,j,1,1,1,1
e16,144,j,1,1,1,1
e16,144,j,1,1,1,0
e16,144,j,1,1,1,0
e16,144,j,1,1,1,1
e16,144,j,1,1,1,1
e16,144,j,1,1,1,1
e16,144,j,1,1,1,1
e16,144,j,1,1,1,0
e16,144,j,1,1,1,0
e16,144,j,1,1,1,1
e16,144,j,1,1,1,0
e16,144,j,1,1,1,0
e16,144,j,1,1,1,0
e16,145,y,1,1,0,0
e16,145,y,1,1,0,1
e16,145,y,1,1,0,0
e16,145,y,1,1,0,0
e16,145,y,1,1,0,0
e16,145,y,1,1,0,0
e16,145,y,1,1,0,0
e16,145,y,1,1,0,1
e16,145,y,1,1,0,1
e16,145,y,1,1,0,1
e16,145,y,1,1,0,0
e16,145,y,1,1,0,1
e16,145,y,1,1,0,1
e16,145,y,1,1,0,1
e16,145,y,1,1,0,0
e16,145,y,1,1,0,0
e16,146,n,1,1,0,0
e16,146,n,1,1,0,1
e16,146,n,1,1,0,1
e16,146,n,1,1,0,0
e16,146,n,1,1,0,1
e16,146,n,1,1,0,0
e16,146,n,1,1,0,1
e16,146,n,1,1,0,0
e16,146,n,1,1,0,0
e16,146,n,1,1,0,0
e16,146,n,1,1,0,0
e16,146,n,1,1,0,0
e16,146,n,1,1,0,1
e16,146,n,1,1,0,0
e16,146,n,1,1,0,0
e16,146,n,1,1,0,1
e16,147,a,1,1,1,0
e16,147,a,1,1,1,0
e16,147,a,1,1,1,0
e16,147,a,1,1,1,0
e16,147,a,1,1,1,0
e16,147,a,1,1,1,0
e16,147,a,1,1,1,0
e16,147,a,1,1,1,0
e16,147,a,1,1,1,0
e16,147,a,1,1,1,0
e16,147,a,1,1,1,0
e16,147,a,1,1,1,0
e16,147,a,1,1,1,0
e16,147,a,1,1,1,0
e16,147,a,1,1,1,0
e16,147,a,1,1,1,0
e16,148,t,1,1,0,0
e16,148,t,1,1,0,0
e16,148,t,1,1,0,1
e16,148,t,1,1,0,0
e16,148,t,1,1,0,1
e16,148,t,1,1,0,0
e16,148,t,1,1,0,0
e16,148,t,1,1,0,1
e16,148,t,1,1,0,0
e16,148,t,1,1,0,0
e16,148,t,1,1,0,0
e16,148,t,1,1,0,0
e16,148,t,1,1,0,0
e16,148,t,1,1,0,0
e16,148,t,1,1,0,0
e16,148,t,1,1,0,0
e16,149,q,1,1,1,1
e16,149,q,1,1,1,1
e16,149,q,1,1,1,0
e16,149,q,1,1,1,0
e16,149,q,1,1,1,0
e16,149,q,1,1,1,0
e16,149,q,1,1,1,1
e16,149,q,1,1,1,0
e16,149,q,1,1,1,1
e16,149,q,1,1,1,0
e16,149,q,1,1,1,1
e16,149,q,1,1,1,0
e16,149,q,1,1,1,1
e16,149,q,1,1,1,0
e16,149,q,1,1,1,1
e16,149,q,1,1,1,0
e16,150,o,1,1,1,0
e16,150,o,1,1,1,0
e16,150,o,1,1,1,0
e16,150,o,1,1,1,0
e16,150,o,1,1,1,1
e16,150,o,1,1,1,0
e16,150,o,1,1,1,1
e16,150,o,1,1,1,1
e16,150,o,1,1,1,0
e16,150,o,1,1,1,1
e16,150,o,1,1,1,1
e16,150,o,1,1,1,0
e16,150,o,1,1,1,0
e16,150,o,1,1,1,0
e16,150,o,1,1,1,0
e16,150,o,1,1,1,1
e16,151,j,1,1,0,0
e16,151,j,1,1,0,0
e16,151,j,1,1,0,0
e16,151,j,1,1,0,0
e16,151,j,1,1,0,0
e16,151,j,1,1,0,1
e16,151,j,1,1,0,0
e16,151,j,1,1,0,1
e16,151,j,1,1,0,0
e16,151,j,1,1,0,1
e16,151,j,1,1,0,0
e16,151,j,1,1,0,0
e16,151,j,1,1,0,0
e16,151,j,1,1,0,0
e16,151,j,1,1,0,1
e16,151,j,1,1,0,0
e16,152,l,1,1,0,0
e16,152,l,1,1,0,0
e16,152,l,1,1,0,0
e16,152,l,1,1,0,0
e16,152,l,1,1,0,0
e16,152,l,1,1,0,1
e16,152,l,1,1,0,0
e16,152,l,1,1,0,1
e16,152,l,1,1,0,0
e16,152,l,1,1,0,0
e16,152,l,1,1,0,0
e16,152,l,1,1,0,0
e16,152,l,1,1,0,0
e16,152,l,1,1,0,0
e16,152,l,1,1,0,0
e16,152,l,1,1,0,1
e16,153,v,1,1,0,1
e16,153,v,1,1,0,0
e16,153,v,1,1,0,1
e16,153,v,1,1,0,0
e16,153,v,1,1,0,1
e16,153,v,1,1,0,1
e16,153,v,1,1,0,0
e16,153,v,1,1,0,1
e16,153,v,1,1,0,1
e16,153,v,1,1,0,0
e16,153,v,1,1,0,0
e16,153,v,1,1,0,1
e16,153,v,1,1,0,0
e16,153,v,1,1,0,1
e16,153,v,1,1,0,0
e16,153,v,1,1,0,1
e16,154,v,1,1,0,0
e16,154,v,1,1,0,1
e16,154,v,1,1,0,0
e16,154,v,1,1,0,0
e16,154,v,1,1,0,0
e16,154,v,1,1,0,0
e16,154,v,1,1,0,0
e16,154,v,1,1,0,0
e16,154,v,1,1,0,1
e16,154,v,1,1,0,1
e16,154,v,1,1,0,0
e16,154,v,1,1,0,0
e16,154,v,1,1,0,0
e16,154,v,1,1,0,0
e16,154,v,1,1,0,0
e16,154,v,1,1,0,0
e16,155,b,1,1,1,0
e16,155,b,1,1,1,0
e16,155,b,1,1,1,1
e16,155,b,1,1,1,0
e16,155,b,1,1,1,0
e16,155,b,1,1,1,0
e16,155,b,1,1,1,0
e16,155,b,1,1,1,0
e16,155,b,1,1,1,0
e16,155,b,1,1,1,0
e16,155,b,1,1,1,1
e16,155,b,1,1,1,1
e16,155,b,1,1,1,1
e16,155,b,1,1,1,0
e16,155,b,1,1,1,1
e16,155,b,1,1,1,1
e16,156,u,1,1,0,1
e16,156,u,1,1,0,0
e16,156,u,1,1,0,0
e16,156,u,1,1,0,0
e16,156,u,1,1,0,0
e16,156,u,1,1,0,0
e16,156,u,1,1,0,0
e16,156,u,1,1,0,0
e16,156,u,1,1,0,0
e16,156,u,1,1,0,0
e16,156,u,1,1,0,0
e16,156,u,1,1,0,0
e16,156,u,1,1,0,0
e16,156,u,1,1,0,1
e16,156,u,1,1,0,0
e16,156,u,1,1,0,0
e16,157,f,1,1,1,0
e16,157,f,1,1,1,0
e16,157,f,1,1,1,0
e16,157,f,1,1,1,0
e16,157,f,1,1,1,0
e16,157,f,1,1,1,0
e16,157,f,1,1,1,0
e16,157,f,1,1,1,0
e16,157,f,1,1,1,0
e16,157,f,1,1,1,0
e16,157,f,1,1,1,0
e16,157,f,1,1,1,1
e16,157,f,1,1,1,0
e16,157,f,1,1,1,1
e16,157,f,1,1,1,0
e16,157,f,1,1,1,0
e16,158,g,1,1,0,1
e16,158,g,1,1,0,0
e16,158,g,1,1,0,0
e16,158,g,1,1,0,1
e16,158,g,1,1,0,0
e16,158,g,1,1,0,0
e16,158,g,1,1,0,1
e16,158,g,1,1,0,1
e16,158,g,1,1,0,1
e16,158,g,1,1,0,0
e16,158,g,1,1,0,1
e16,158,g,1,1,0,1
e16,158,g,1,1,0,1
e16,158,g,1,1,0,1
e16,158,g,1,1,0,0
e16,158,g,1,1,0,1
e16,159,s,1,1,1,0
e16,159,s,1,1,1,0
e16,159,s,1,1,1,0
e16,159,s,1,1,1,0
e16,159,s,1,1,1,0
e16,159,s,1,1,1,0
e16,159,s,1,1,1,0
e16,159,s,1,1,1,0
e16,159,s,1,1,1,0
e16,159,s,1,1,1,0
e16,159,s,1,1,1,0
e16,159,s,1,1,1,0
e16,159,s,1,1,1,0
e16,159,s,1,1,1,0
e16,159,s,1,1,1,0
e16,159,s,1,1,1,0
e16,160,b,1,1,1,0
e16,160,b,1,1,1,0
e16,160,b,1,1,1,1
e16,160,b,1,1,1,0
e16,160,b,1,1,1,0
e16,160,b,1,1,1,0
e16,160,b,1,1,1,0
e16,160,b,1,1,1,0
e16,160,b,1,1,1,0
e16,160,b,1,1,1,0
e16,160,b,1,1,1,0
e16,160,b,1,1,1,0
e16,160,b,1,1,1,0
e16,160,b,1,1,1,1
e16,160,b,1,1,1,1
e16,160,b,1,1,1,1
e16,161,z,1,1,0,0
e16,161,z,1,1,0,0
e16,161,z,1,1,0,0
e16,161,z,1,1,0,0
e16,161,z,1,1,0,1
e16,161,z,1,1,0,0
e16,161,z,1,1,0,0
e16,161,z,1,1,0,0
e16,161,z,1,1,0,0
e16,161,z,1,1,0,0
e16,161,z,1,1,0,1
e16,161,z,1,1,0,1
e16,161,z,1,1,0,0
e16,161,z,1,1,0,0
e16,161,z,1,1,0,0
e16,161,z,1,1,0,0
e16,162,f,1,1,1,0
e16,162,f,1,1,1,0
e16,162,f,1,1,1,1
e16,162,f,1,1,1,0
e16,162,f,1,1,1,0
e16,162,f,1,1,1,1
e16,162,f,1,1,1,0
e16,162,f,1,1,1,0
e16,162,f,1,1,1,0
e16,162,f,1,1,1,1
e16,162,f,1,1,1,1
e16,162,f,1,1,1,1
e16,162,f,1,1,1,1
e16,162,f,1,1,1,1
e16,162,f,1,1,1,0
e16,162,f,1,1,1,0
e16,163,t,1,1,0,0
e16,163,t,1,1,0,1
e16,163,t,1,1,0,0
e16,163,t,1,1,0,0
e16,163,t,1,1,0,0
e16,163,t,1,1,0,0
e16,163,t,1,1,0,1
e16,163,t,1,1,0,0
e16,163,t,1,1,0,0
e16,163,t,1,1,0,1
e16,163,t,1,1,0,1
e16,163,t,1,1,0,1
e16,163,t,1,1,0,0
e16,163,t,1,1,0,0
e16,163,t,1,1,0,1
e16,163,t,1,1,0,1
e16,164,t,1,1,0,0
e16,164,t,1,1,0,0
e16,164,t,1,1,0,0
e16,164,t,1,1,0,0
e16,164,t,1,1,0,1
e16,164,t,1,1,0,0
e16,164,t,1,1,0,0
e16,164,t,1,1,0,0
e16,164,t,1,1,0,0
e16,164,t,1,1,0,0
e16,164,t,1,1,0,0
e16,164,t,1,1,0,0
e16,164,t,1,1,0,1
e16,164,t,1,1,0,0
e16,164,t,1,1,0,1
e16,164,t,1,1,0,0
e16,165,e,1,1,1,1
e16,165,e,1,1,1,1
e16,165,e,1,1,1,0
e16,165,e,1,1,1,1
e16,165,e,1,1,1,1
e16,165,e,1,1,1,0
e16,165,e,1,1,1,0
e16,165,e,1,1,1,0
e16,165,e,1,1,1,1
e16,165,e,1,1,1,0
e16,165,e,1,1,1,0
e16,165,e,1,1,1,0
e16,165,e,1,1,1,1
e16,165,e,1,1,1,1
e16,165,e,1,1,1,1
e16,165,e,1,1,1,0
e16,166,t,1,1,0,0
e16,166,t,1,1,0,0
e16,166,t,1,1,0,0
e16,166,t,1,1,0,0
e16,166,t,1,1,0,0
e16,166,t,1,1,0,0
e16,166,t,1,1,0,1
e16,166,t,1,1,0,1
e16,166,t,1,1,0,1
e16,166,t,1,1,0,0
e16,166,t,1,1,0,0
e16,166,t,1,1,0,1
e16,166,t,1,1,0,1
e16,166,t,1,1,0,0
e16,166,t,1,1,0,0
e16,166,t,1,1,0,0
e16,167,l,1,1,0,1
e16,167,l,1,1,0,1
e16,167,l,1,1,0,1
e16,167,l,1,1,0,1
e16,167,l,1,1,0,1
e16,167,l,1,1,0,0
e16,167,l,1,1,0,1
e16,167,l,1,1,0,1
e16,167,l,1,1,0,1
e16,167,l,1,1,0,1
e16,167,l,1,1,0,0
e16,167,l,1,1,0,1
e16,167,l,1,1,0,0
e16,167,l,1,1,0,1
e16,167,l,1,1,0,0
e16,167,l,1,1,0,1
e16,168,m,1,1,0,0
e16,168,m,1,1,0,0
e16,168,m,1,1,0,0
e16,168,m,1,1,0,0
e16,168,m,1,1,0,1
e16,168,m,1,1,0,0
e16,168,m,1,1,0,0
e16,168,m,1,1,0,0
e16,168,m,1,1,0,0
e16,168,m,1,1,0,0
e16,168,m,1,1,0,0
e16,168,m,1,1,0,0
e16,168,m,1,1,0,0
e16,168,m,1,1,0,0
e16,168,m,1,1,0,1
e16,168,m,1,1,0,0
e16,169,u,1,1,1,0
e16,169,u,1,1,1,0
e16,169,u,1,1,1,0
e16,169,u,1,1,1,1
e16,169,u,1,1,1,0
e16,169,u,1,1,1,0
e16,169,u,1,1,1,0
e16,169,u,1,1,1,0
e16,169,u,1,1,1,0
e16,169,u,1,1,1,0
e16,169,u,1,1,1,0
e16,169,u,1,1,1,0
e16,169,u,1,1,1,1
e16,169,u,1,1,1,0
e16,169,u,1,1,1,0
e16,169,u,1,1,1,0
e16,170,u,1,1,0,1
e16,170,u,1,1,0,0
e16,170,u,1,1,0,0
e16,170,u,1,1,0,0
e16,170,u,1,1,0,1
e16,170,u,1,1,0,0
e16,170,u,1,1,0,0
e16,170,u,1,1,0,1
e16,170,u,1,1,0,1
e16,170,u,1,1,0,1
e16,170,u,1,1,0,0
e16,170,u,1,1,0,0
e16,170,u,1,1,0,0
e16,170,u,1,1,0,1
e16,170,u,1,1,0,0
e16,170,u,1,1,0,0
e16,171,n,1,1,1,0
e16,171,n,1,1,1,1
e16,171,n,1,1,1,0
e16,171,n,1,1,1,1
e16,171,n,1,1,1,0
e16,171,n,1,1,1,1
e16,171,n,1,1,1,1
e16,171,n,1,1,1,0
e16,171,n,1,1,1,0
e16,171,n,1,1,1,1
e16,171,n,1,1,1,1
e16,171,n,1,1,1,0
e16,171,n,1,1,1,0
e16,171,n,1,1,1,1
e16,171,n,1,1,1,0
e16,171,n,1,1,1,0
e16,172,x,1,1,0,1
e16,172,x,1,1,0,0
e16,172,x,1,1,0,0
e16,172,x,1,1,0,0
e16,172,x,1,1,0,1
e16,172,x,1,1,0,1
e16,172,x,1,1,0,1
e16,172,x,1,1,0,1
e16,172,x,1,1,0,1
e16,172,x,1,1,0,0
e16,172,x,1,1,0,1
e16,172,x,1,1,0,1
e16,172,x,1,1,0,1
e16,172,x,1,1,0,1
e16,172,x,1,1,0,1
e16,172,x,1,1,0,0
e16,173,o,1,1,0,1
e16,173,o,1,1,0,1
e16,173,o,1,1,0,0
e16,173,o,1,1,0,1
e16,173,o,1,1,0,1
e16,173,o,1,1,0,0
e16,173,o,1,1,0,0
e16,173,o,1,1,0,1
e16,173,o,1,1,0,0
e16,173,o,1,1,0,0
e16,173,o,1,1,0,0
e16,173,o,1,1,0,0
e16,173,o,1,1,0,0
e16,173,o,1,1,0,1
e16,173,o,1,1,0,0
e16,173,o,1,1,0,1
e16,174,p,1,1,0,0
e16,174,p,1,1,0,0
e16,174,p,1,1,0,0
e16,174,p,1,1,0,0
e16,174,p,1,1,0,0
e16,174,p,1,1,0,0
e16,174,p,1,1,0,0
e16,174,p,1,1,0,0
e16,174,p,1,1,0,1
e16,174,p,1,1,0,0
e16,174,p,1,1,0,0
e16,174,p,1,1,0,0
e16,174,p,1,1,0,0
e16,174,p,1,1,0,0
e16,174,p,1,1,0,0
e16,174,p,1,1,0,0
e16,175,t,1,1,1,0
e16,175,t,1,1,1,0
e16,175,t,1,1,1,0
e16,175,t,1,1,1,0
e16,175,t,1,1,1,0
e16,175,t,1,1,1,0
e16,175,t,1,1,1,0
e16,175,t,1,1,1,1
e16,175,t,1,1,1,0
e16,175,t,1,1,1,0
e16,175,t,1,1,1,1
e16,175,t,1,1,1,0
e16,175,t,1,1,1,0
e16,175,t,1,1,1,0
e16,175,t,1,1,1,0
e16,175,t,1,1,1,1
e16,176,x,1,1,0,0
e16,176,x,1,1,0,1
e16,176,x,1,1,0,0
e16,176,x,1,1,0,1
e16,176,x,1,1,0,0
e16,176,x,1,1,0,0
e16,176,x,1,1,0,1
e16,176,x,1,1,0,0
e16,176,x,1,1,0,0
e16,176,x,1,1,0,0
e16,176,x,1,1,0,1
e16,176,x,1,1,0,1
e16,176,x,1,1,0,0
e16,176,x,1,1,0,0
e16,176,x,1,1,0,1
e16,176,x,1,1,0,1
e16,177,c,1,1,1,0
e16,177,c,1,1,1,1
e16,177,c,1,1,1,0
e16,177,c,1,1,1,0
e16,177,c,1,1,1,0
e16,177,c,1,1,1,1
e16,177,c,1,1,1,0
e16,177,c,1,1,1,0
e16,177,c,1,1,1,0
e16,177,c,1,1,1,1
e16,177,c,1,1,1,1
e16,177,c,1,1,1,0
e16,177,c,1,1,1,0
e16,177,c,1,1,1,0
e16,177,c,1,1,1,1
e16,177,c,1,1,1,0
e16,178,y,1,1,0,0
e16,178,y,1,1,0,0
e16,178,y,1,1,0,1
e16,178,y,1,1,0,0
e16,178,y,1,1,0,0
e16,178,y,1,1,0,0
e16,178,y,1,1,0,0
e16,178,y,1,1,0,0
e16,178,y,1,1,0,0
e16,178,y,1,1,0,1
e16,178,y,1,1,0,1
e16,178,y,1,1,0,0
e16,178,y,1,1,0,0
e16,178,y,1,1,0,0
e16,178,y,1,1,0,0
e16,178,y,1,1,0,0
e16,179,k,1,1,1,1
e16,179,k,1,1,1,0
e16,179,k,1,1,1,0
e16,179,k,1,1,1,0
e16,179,k,1,1,1,0
e16,179,k,1,1,1,0
e16,179,k,1,1,1,0
e16,179,k,1,1,1,1
e16,179,k,1,1,1,0
e16,179,k,1,1,1,0
e16,179,k,1,1,1,0
e16,179,k,1,1,1,0
e16,179,k,1,1,1,0
e16,179,k,1,1,1,1
e16,179,k,1,1,1,0
e16,179,k,1,1,1,0
e16,180,v,1,1,1,0
e16,180,v,1,1,1,1
e16,180,v,1,1,1,1
e16,180,v,1,1,1,1
e16,180,v,1,1,1,0
e16,180,v,1,1,1,1
e16,180,v,1,1,1,1
e16,180,v,1,1,1,1
e16,180,v,1,1,1,0
e16,180,v,1,1,1,0
e16,180,v,1,1,1,1
e16,180,v,1,1,1,0
e16,180,v,1,1,1,0
e16,180,v,1,1,1,1
e16,180,v,1,1,1,1
e16,180,v,1,1,1,1
e16,181,b,1,1,1,0
e16,181,b,1,1,1,0
e16,181,b,1,1,1,0
e16,181,b,1,1,1,1
e16,181,b,1,1,1,0
e16,181,b,1,1,1,0
e16,181,b,1,1,1,1
e16,181,b,1,1,1,0
e16,181,b,1,1,1,0
e16,181,b,1,1,1,0
e16,181,b,1,1,1,0
e16,181,b,1,1,1,0
e16,181,b,1,1,1,0
e16,181,b,1,1,1,0
e16,181,b,1,1,1,0
e16,181,b,1,1,1,1
e16,182,y,1,1,0,0
e16,182,y,1,1,0,1
e16,182,y,1,1,0,0
e16,182,y,1,1,0,0
e16,182,y,1,1,0,0
e16,182,y,1,1,0,1
e16,182,y,1,1,0,0
e16,182,y,1,1,0,0
e16,182,y,1,1,0,0
e16,182,y,1,1,0,0
e16,182,y,1,1,0,0
e16,182,y,1,1,0,0
e16,182,y,1,1,0,1
e16,182,y,1,1,0,0
e16,182,y,1,1,0,1
e16,182,y,1,1,0,1
e16,183,q,1,1,0,1
e16,183,q,1,1,0,0
e16,183,q,1,1,0,0
e16,183,q,1,1,0,1
e16,183,q,1,1,0,1
e16,183,q,1,1,0,0
e16,183,q,1,1,0,1
e16,183,q,1,1,0,0
e16,183,q,1,1,0,0
e16,183,q,1,1,0,1
e16,183,q,1,1,0,1
e16,183,q,1,1,0,1
e16,183,q,1,1,0,1
e16,183,q,1,1,0,1
e16,183,q,1,1,0,1
e16,183,q,1,1,0,1
e16,184,z,1,1,0,0
e16,184,z,1,1,0,0
e16,184,z,1,1,0,0
e16,184,z,1,1,0,0
e16,184,z,1,1,0,0
e16,184,z,1,1,0,1
e16,184,z,1,1,0,1
e16,184,z,1,1,0,0
e16,184,z,1,1,0,0
e16,184,z,1,1,0,0
e16,184,z,1,1,0,0
e16,184,z,1,1,0,0
e16,184,z,1,1,0,0
e16,184,z,1,1,0,0
e16,184,z,1,1,0,0
e16,184,z,1,1,0,0
e16,185,f,1,1,1,0
e16,185,f,1,1,1,1
e16,185,f,1,1,1,1
e16,185,f,1,1,1,1
e16,185,f,1,1,1,1
e16,185,f,1,1,1,0
e16,185,f,1,1,1,1
e16,185,f,1,1,1,1
e16,185,f,1,1,1,1
e16,185,f,1,1,1,1
e16,185,f,1,1,1,1
e16,185,f,1,1,1,1
e16,185,f,1,1,1,1
e16,185,f,1,1,1,0
e16,185,f,1,1,1,1
e16,185,f,1,1,1,1
e16,186,y,1,1,0,0
e16,186,y,1,1,0,1
e16,186,y,1,1,0,0
e16,186,y,1,1,0,1
e16,186,y,1,1,0,0
e16,186,y,1,1,0,0
e16,186,y,1,1,0,0
e16,186,y,1,1,0,0
e16,186,y,1,1,0,0
e16,186,y,1,1,0,1
e16,186,y,1,1,0,0
e16,186,y,1,1,0,0
e16,186,y,1,1,0,1
e16,186,y,1,1,0,1
e16,186,y,1,1,0,1
e16,186,y,1,1,0,0
e16,187,z,1,1,0,1
e16,187,z,1,1,0,1
e16,187,z,1,1,0,0
e16,187,z,1,1,0,1
e16,187,z,1,1,0,1
e16,187,z,1,1,0,0
e16,187,z,1,1,0,1
e16,187,z,1,1,0,0
e16,187,z,1,1,0,0
e16,187,z,1,1,0,1
e16,187,z,1,1,0,1
e16,187,z,1,1,0,1
e16,187,z,1,1,0,1
e16,187,z,1,1,0,1
e16,187,z,1,1,0,0
e16,187,z,1,1,0,0
e16,188,l,1,1,1,1
e16,188,l,1,1,1,0
e16,188,l,1,1,1,0
e16,188,l,1,1,1,0
e16,188,l,1,1,1,0
e16,188,l,1,1,1,0
e16,188,l,1,1,1,1
e16,188,l,1,1,1,0
e16,188,l,1,1,1,0
e16,188,l,1,1,1,0
e16,188,l,1,1,1,0
e16,188,l,1,1,1,1
e16,188,l,1,1,1,0
e16,188,l,1,1,1,1
e16,188,l,1,1,1,0
e16,188,l,1,1,1,0
e16,189,j,1,1,1,1
e16,189,j,1,1,1,1
e16,189,j,1,1,1,0
e16,189,j,1,1,1,1
e16,189,j,1,1,1,1
e16,189,j,1,1,1,0
e16,189,j,1,1,1,0
e16,189,j,1,1,1,0
e16,189,j,1,1,1,1
e16,189,j,1,1,1,1
e16,189,j,1,1,1,0
e16,189,j,1,1,1,0
e16,189,j,1,1,1,0
e16,189,j,1,1,1,0
e16,189,j,1,1,1,0
e16,189,j,1,1,1,1
e16,190,r,1,1,0,0
e16,190,r,1,1,0,1
e16,190,r,1,1,0,0
e16,190,r,1,1,0,0
e16,190,r,1,1,0,1
e16,190,r,1,1,0,0
e16,190,r,1,1,0,0
e16,190,r,1,1,0,0
e16,190,r,1,1,0,0
e16,190,r,1,1,0,0
e16,190,r,1,1,0,0
e16,190,r,1,1,0,0
e16,190,r,1,1,0,0
e16,190,r,1,1,0,0
e16,190,r,1,1,0,0
e16,190,r,1,1,0,0
e16,191,y,1,1,0,1
e16,191,y,1,1,0,1
e16,191,y,1,1,0,0
e16,191,y,1,1,0,1
e16,191,y,1,1,0,1
e16,191,y,1,1,0,0
e16,191,y,1,1,0,1
e16,191,y,1,1,0,1
e16,191,y,1,1,0,0
e16,191,y,1,1,0,1
e16,191,y,1,1,0,1
e16,191,y,1,1,0,0
e16,191,y,1,1,0,0
e16,191,y,1,1,0,1
e16,191,y,1,1,0,1
e16,191,y,1,1,0,0
e16,192,y,1,1,0,1
e16,192,y,1,1,0,1
e16,192,y,1,1,0,0
e16,192,y,1,1,0,1
e16,192,y,1,1,0,0
e16,192,y,1,1,0,1
e16,192,y,1,1,0,1
e16,192,y,1,1,0,0
e16,192,y,1,1,0,1
e16,192,y,1,1,0,1
e16,192,y,1,1,0,0
e16,192,y,1,1,0,1
e16,192,y,1,1,0,1
e16,192,y,1,1,0,1
e16,192,y,1,1,0,1
e16,192,y,1,1,0,0
e16,193,r,1,1,0,0
e16,193,r,1,1,0,0
e16,193,r,1,1,0,0
e16,193,r,1,1,0,0
e16,193,r,1,1,0,0
e16,193,r,1,1,0,0
e16,193,r,1,1,0,0
e16,193,r,1,1,0,0
e16,193,r,1,1,0,0
e16,193,r,1,1,0,0
e16,193,r,1,1,0,0
e16,193,r,1,1,0,0
e16,193,r,1,1,0,0
e16,193,r,1,1,0,0
e16,193,r,1,1,0,0
e16,193,r,1,1,0,0
e16,194,k,1,1,0,1
e16,194,k,1,1,0,0
e16,194,k,1,1,0,0
e16,194,k,1,1,0,1
e16,194,k,1,1,0,1
e16,194,k,1,1,0,0
e16,194,k,1,1,0,1
e16,194,k,1,1,0,0
e16,194,k,1,1,0,0
e16,194,k,1,1,0,0
e16,194,k,1,1,0,1
e16,194,k,1,1,0,0
e16,194,k,1,1,0,0
e16,194,k,1,1,0,0
e16,194,k,1,1,0,1
e16,194,k,1,1,0,0
e16,195,p,1,1,1,0
e16,195,p,1,1,1,1
e16,195,p,1,1,1,0
e16,195,p,1,1,1,0
e16,195,p,1,1,1,1
e16,195,p,1,1,1,0
e16,195,p,1,1,1,0
e16,195,p,1,1,1,1
e16,195,p,1,1,1,0
e16,195,p,1,1,1,0
e16,195,p,1,1,1,0
e16,195,p,1,1,1,0
e16,195,p,1,1,1,1
e16,195,p,1,1,1,0
e16,195,p,1,1,1,0
e16,195,p,1,1,1,0
e16,196,k,1,1,1,1
e16,196,k,1,1,1,0
e16,196,k,1,1,1,1
e16,196,k,1,1,1,1
e16,196,k,1,1,1,1
e16,196,k,1,1,1,0
e16,196,k,1,1,1,1
e16,196,k,1,1,1,1
e16,196,k,1,1,1,1
e16,196,k,1,1,1,0
e16,196,k,1,1,1,0
e16,196,k,1,1,1,1
e16,196,k,1,1,1,0
e16,196,k,1,1,1,1
e16,196,k,1,1,1,1
e16,196,k,1,1,1,1
e16,197,n,1,1,1,1
e16,197,n,1,1,1,1
e16,197,n,1,1,1,1
e16,197,n,1,1,1,0
e16,197,n,1,1,1,0
e16,197,n,1,1,1,0
e16,197,n,1,1,1,0
e16,197,n,1,1,1,1
e16,197,n,1,1,1,1
e16,197,n,1,1,1,0
e16,197,n,1,1,1,1
e16,197,n,1,1,1,0
e16,197,n,1,1,1,1
e16,197,n,1,1,1,1
e16,197,n,1,1,1,1
e16,197,n,1,1,1,1
e16,198,b,1,1,1,0
e16,198,b,1,1,1,0
e16,198,b,1,1,1,1
e16,198,b,1,1,1,0
e16,198,b,1,1,1,0
e16,198,b,1,1,1,0
e16,198,b,1,1,1,0
e16,198,b,1,1,1,0
e16,198,b,1,1,1,0
e16,198,b,1,1,1,0
e16,198,b,1,1,1,0
e16,198,b,1,1,1,0
e16,198,b,1,1,1,0
e16,198,b,1,1,1,0
e16,198,b,1,1,1,0
e16,198,b,1,1,1,0
e16,199,o,1,1,0,0
e16,199,o,1,1,0,0
e16,199,o,1,1,0,0
e16,199,o,1,1,0,0
e16,199,o,1,1,0,0
e16,199,o,1,1,0,1
e16,199,o,1,1,0,0
e16,199,o,1,1,0,0
e16,199,o,1,1,0,0
e16,199,o,1,1,0,0
e16,199,o,1,1,0,0
e16,199,o,1,1,0,0
e16,199,o,1,1,0,0
e16,199,o,1,1,0,1
e16,199,o,1,1,0,0
e16,199,o,1,1,0,1
